# callgrind format
version: 1
creator: callgrind-3.18.1
pid: 141292
cmd:  ./release/PgCompiler /home/corse/Documents/PgEngine/release/testFib.pg
part: 1


desc: I1 cache: 
desc: D1 cache: 
desc: LL cache: 

desc: Timerange: Basic block 0 - 208393455
desc: Trigger: Program termination

positions: line
events: Ir
summary: 1401758393


ob=(7) /usr/lib/x86_64-linux-gnu/libstdc++.so.6.0.30
fl=(170) ???
fn=(3870) 0x000000000012faf0
0 330

fn=(3880) 0x0000000000103500
0 150

fn=(678) 0x00000000000aa970
0 78

fn=(708) 0x00000000000aabe0
0 7
cob=(2) ???
cfi=(51) ???
cfn=(620) 0x00000000048fb4b0
calls=1 0 
0 77
0 5
cob=(2)
cfi=(51)
cfn=(620)
calls=1 0 
0 77

fn=(884) 0x00000000000c0250
0 5
cob=(2)
cfi=(51)
cfn=(886) 0x00000000048fb3a0
calls=1 0 
0 1977

fn=(918) std::codecvt<char, char, __mbstate_t>::codecvt(unsigned long)
0 13
cob=(2)
cfi=(51)
cfn=(868) 0x00000000048fd2c0
calls=1 0 
0 19
0 5

fn=(942) std::__timepunct<char>::__timepunct(std::__timepunct_cache<char>*, unsigned long)
0 15
cob=(2)
cfi=(51)
cfn=(856) 0x00000000048fb290
calls=1 0 
0 5
0 4
cob=(2)
cfi=(51)
cfn=(944) 0x00000000048fcd70
calls=1 0 
0 1262
0 4

fn=(996) std::ctype<wchar_t>::_M_convert_to_wmask(unsigned short) const
0 84
cob=(2)
cfi=(51)
cfn=(998) 0x00000000048fb420
calls=1 0 
0 612
0 24
cob=(2)
cfi=(51)
cfn=(998)
calls=1 0 
0 392
0 7
cob=(2)
cfi=(51)
cfn=(998)
calls=1 0 
0 502
0 9
cob=(2)
cfi=(51)
cfn=(998)
calls=1 0 
0 202
0 3
cob=(2)
cfi=(51)
cfn=(998)
calls=1 0 
0 257
0 3
cob=(2)
cfi=(51)
cfn=(998)
calls=1 0 
0 925
0 3
cob=(2)
cfi=(51)
cfn=(998)
calls=1 0 
0 557
0 3
cob=(2)
cfi=(51)
cfn=(998)
calls=1 0 
0 192
0 3
cob=(2)
cfi=(51)
cfn=(998)
calls=1 0 
0 337
0 7
cob=(2)
cfi=(51)
cfn=(998)
calls=1 0 
0 147

fn=(1016) std::codecvt<wchar_t, char, __mbstate_t>::codecvt(unsigned long)
0 13
cob=(2)
cfi=(51)
cfn=(868)
calls=1 0 
0 19
0 5

fn=(1060) std::numpunct<char>::_M_initialize_numpunct(__locale_struct*)
0 414

fn=(1180) std::messages<wchar_t>::messages(unsigned long)
0 13
cob=(2)
cfi=(51)
cfn=(868)
calls=1 0 
0 19
0 2
cob=(2)
cfi=(51)
cfn=(856)
calls=1 0 
0 5
0 5

fn=(1206) std::locale::locale(std::locale::_Impl*)
0 3

fn=(1220) std::basic_ios<char, std::char_traits<char> >::init(std::basic_streambuf<char, std::char_traits<char> >*)
0 203
cob=(2)
cfi=(51)
cfn=(1222) 0x00000000048fd640
calls=29 0 
0 4767
0 87
cob=(2)
cfi=(51)
cfn=(1240) 0x00000000048fd800
calls=29 0 
0 11237
0 377

fn=(1280) std::num_get<char, std::istreambuf_iterator<char, std::char_traits<char> > > const& std::use_facet<std::num_get<char, std::istreambuf_iterator<char, std::char_traits<char> > > >(std::locale const&)
0 145
cob=(2)
cfi=(51)
cfn=(908) 0x00000000048fb6b0
calls=29 0 
0 232
0 174

fn=(1286) std::basic_ios<wchar_t, std::char_traits<wchar_t> >::init(std::basic_streambuf<wchar_t, std::char_traits<wchar_t> >*)
0 28
cob=(2)
cfi=(51)
cfn=(1222)
calls=4 0 
0 348
0 12
cob=(2)
cfi=(51)
cfn=(1288) 0x00000000048fe100
calls=4 0 
0 8449
0 52

fn=(1380) std::__cxx11::basic_string<char, std::char_traits<char>, std::allocator<char> >::_M_set_length(unsigned long)
0 2431050

fn=(1402) std::__cxx11::basic_string<char, std::char_traits<char>, std::allocator<char> >::basic_string()
0 342

fn=(1680) std::__detail::_Prime_rehash_policy::_M_need_rehash(unsigned long, unsigned long, unsigned long) const
0 1111
cob=(2)
cfi=(51)
cfn=(1682) 0x00000000048fb4a0
calls=9 0 
0 1731
0 180

fn=(2190) operator new[](unsigned long)
0 14
cob=(2)
cfi=(51)
cfn=(2192) 0x00000000048faba0
calls=7 0 
0 2267

fn=(2270) std::__cxx11::basic_string<char, std::char_traits<char>, std::allocator<char> >::_M_data(char*)
0 162

fn=(2274) std::__cxx11::basic_string<char, std::char_traits<char>, std::allocator<char> >::_M_capacity(unsigned long)
0 162

fn=(2844) std::__cxx11::basic_string<char, std::char_traits<char>, std::allocator<char> >::_M_mutate(unsigned long, unsigned long, char const*, unsigned long)
0 545
cob=(2)
cfi=(51)
cfn=(2846) 0x00000000048fc6e0
calls=8 0 
0 1330
0 33
cob=(2)
cfi=(51)
cfn=(2846)
calls=11 0 
0 2826
0 117
cob=(2)
cfi=(51)
cfn=(1370) 0x00000000048fe0f0
calls=10 0 
0 181
0 175
cob=(2)
cfi=(51)
cfn=(1370)
calls=14 0 
0 199
0 103
cob=(2)
cfi=(51)
cfn=(1370)
calls=4 0 
0 62
0 65
cob=(2)
cfi=(51)
cfn=(1778) 0x00000000048fb2e0
calls=8 0 
0 760
0 308

fn=(3018) std::ostream::put(char)
0 630
cob=(2)
cfi=(51)
cfn=(2926) 0x00000000048fe1f0
calls=45 0 
0 1125
0 1125

fn=(3322) std::__cxx11::basic_string<char, std::char_traits<char>, std::allocator<char> >::get_allocator() const
0 18

fn=(3334) std::__cxx11::basic_string<char, std::char_traits<char>, std::allocator<char> >::basic_string(std::allocator<char> const&)
0 36

fn=(3356) std::__cxx11::basic_string<char, std::char_traits<char>, std::allocator<char> >::operator std::basic_string_view<char, std::char_traits<char> >() const
0 4

fn=(3560) std::basic_fstream<char, std::char_traits<char> >::close()
0 5
cob=(2)
cfi=(51)
cfn=(3562) 0x00000000048fd9d0
calls=1 0 
0 5538
0 4

fn=(3588) std::__basic_file<char>::close()
0 8
cob=(2)
cfi=(51)
cfn=(2154) 0x00000000048fd3d0
calls=2 0 
0 12
0 11
cob=(2)
cfi=(51)
cfn=(3590) 0x00000000048fd670
calls=1 0 
0 1169
0 6

fn=(4742) std::ostream& std::ostream::_M_insert<long>(long)
0 1122
cob=(2)
cfi=(51)
cfn=(2926)
calls=66 0 
0 1650
0 1310
cfn=(4744) std::num_put<char, std::ostreambuf_iterator<char, std::char_traits<char> > >::do_put(std::ostreambuf_iterator<char, std::char_traits<char> >, std::ios_base&, char, long) const
calls=65 0 
0 22473
0 9
cfn=(4744)
calls=1 0 
0 3081
0 1333

fn=(4750) std::ostreambuf_iterator<char, std::char_traits<char> > std::num_put<char, std::ostreambuf_iterator<char, std::char_traits<char> > >::_M_insert_int<long>(std::ostreambuf_iterator<char, std::char_traits<char> >, std::ios_base&, char, long) const
0 1320
cfn=(3864) 0x000000000012b240
calls=66 0 
0 1914
0 1485
cfn=(4752) 0x000000000012e8f0
calls=9 0 
0 216
0 456
cfn=(4752)
calls=57 0 
0 1984
0 1848
cfn=(2932) std::basic_filebuf<char, std::char_traits<char> >::xsputn(char const*, long)
calls=66 0 
0 6685
0 2088
cob=(2)
cfi=(51)
cfn=(4758) 0x00000000048fc5c0
calls=43 0 
0 5540
0 301

fn=(5688) __cxa_get_globals
0 8
cob=(2)
cfi=(51)
cfn=(5690) 0x00000000048fc020
calls=2 0 
0 927
0 6

fn=(5778) 0x00000000000dbf00
0 2

fn=(5790) 0x00000000000ac0b0
0 4
cob=(2)
cfi=(51)
cfn=(5784) 0x00000000048fc210
calls=1 0 
0 4

fn=(712) 0x00000000000aac20
0 5
cob=(2)
cfi=(51)
cfn=(620)
calls=1 0 
0 77

fn=(860) std::locale::facet::_S_get_c_name()
0 21

fn=(906) std::locale::_Impl::_M_install_facet(std::locale::id const*, std::locale::facet const*)
0 448
cob=(2)
cfi=(51)
cfn=(908)
calls=32 0 
0 1353
0 11680

fn=(912) std::locale::id::_M_id() const
0 1950

fn=(1028) std::__cxx11::moneypunct<wchar_t, false>::_M_initialize_moneypunct(__locale_struct*, char const*)
0 109

fn=(1034) std::__cxx11::moneypunct<wchar_t, true>::_M_initialize_moneypunct(__locale_struct*, char const*)
0 109

fn=(1046) std::__timepunct<wchar_t>::_M_initialize_timepunct(__locale_struct*)
0 11
cob=(2)
cfi=(51)
cfn=(868)
calls=1 0 
0 19
0 138

fn=(1054) 0x00000000000dc6c0
0 23
cob=(2)
cfi=(51)
cfn=(1056) 0x00000000048fb5e0
calls=1 0 
0 1468
0 8
cob=(2)
cfi=(51)
cfn=(908)
calls=1 0 
0 17
0 7
cob=(2)
cfi=(51)
cfn=(868)
calls=1 0 
0 19
0 7
cob=(2)
cfi=(51)
cfn=(908)
calls=1 0 
0 17
0 12
cob=(2)
cfi=(51)
cfn=(1074) 0x00000000048fa930
calls=1 0 
0 1263
0 7
cob=(2)
cfi=(51)
cfn=(908)
calls=1 0 
0 17
0 13
cob=(2)
cfi=(51)
cfn=(1086) 0x00000000048fdee0
calls=1 0 
0 1279
0 7
cob=(2)
cfi=(51)
cfn=(908)
calls=1 0 
0 17
0 12
cob=(2)
cfi=(51)
cfn=(908)
calls=1 0 
0 17
0 12
cob=(2)
cfi=(51)
cfn=(908)
calls=1 0 
0 17
0 12
cob=(2)
cfi=(51)
cfn=(908)
calls=1 0 
0 17
0 6
cob=(2)
cfi=(51)
cfn=(1110) 0x00000000048fe380
calls=1 0 
0 801
0 7
cob=(2)
cfi=(51)
cfn=(908)
calls=1 0 
0 17
0 16
cob=(2)
cfi=(51)
cfn=(1122) 0x00000000048fbf90
calls=1 0 
0 1412
0 7
cob=(2)
cfi=(51)
cfn=(908)
calls=1 0 
0 17
0 7
cob=(2)
cfi=(51)
cfn=(868)
calls=1 0 
0 19
0 7
cob=(2)
cfi=(51)
cfn=(908)
calls=1 0 
0 17
0 13
cob=(2)
cfi=(51)
cfn=(1140) 0x00000000048fc5e0
calls=1 0 
0 1291
0 7
cob=(2)
cfi=(51)
cfn=(908)
calls=1 0 
0 17
0 13
cob=(2)
cfi=(51)
cfn=(1152) 0x00000000048fd160
calls=1 0 
0 1267
0 7
cob=(2)
cfi=(51)
cfn=(908)
calls=1 0 
0 17
0 12
cob=(2)
cfi=(51)
cfn=(908)
calls=1 0 
0 17
0 12
cob=(2)
cfi=(51)
cfn=(908)
calls=1 0 
0 17
0 12
cob=(2)
cfi=(51)
cfn=(908)
calls=1 0 
0 17
0 6
cob=(2)
cfi=(51)
cfn=(1176) 0x00000000048fcb30
calls=1 0 
0 801
0 6
cob=(2)
cfi=(51)
cfn=(908)
calls=1 0 
0 17
0 4
cob=(2)
cfi=(51)
cfn=(908)
calls=1 0 
0 8
0 4
cob=(2)
cfi=(51)
cfn=(908)
calls=1 0 
0 8
0 4
cob=(2)
cfi=(51)
cfn=(908)
calls=1 0 
0 8
0 5
cob=(2)
cfi=(51)
cfn=(908)
calls=1 0 
0 8
0 4
cob=(2)
cfi=(51)
cfn=(908)
calls=1 0 
0 8
0 5
cob=(2)
cfi=(51)
cfn=(908)
calls=1 0 
0 8
0 10

fn=(1090) std::moneypunct<char, true>::_M_initialize_moneypunct(__locale_struct*, char const*)
0 113

fn=(1126) std::numpunct<wchar_t>::_M_initialize_numpunct(__locale_struct*)
0 350

fn=(1304) std::ctype<wchar_t> const& std::use_facet<std::ctype<wchar_t> >(std::locale const&)
0 20
cob=(2)
cfi=(51)
cfn=(908)
calls=4 0 
0 32
0 24

fn=(1998) std::__cxx11::basic_string<char, std::char_traits<char>, std::allocator<char> >::basic_string(std::__cxx11::basic_string<char, std::char_traits<char>, std::allocator<char> > const&)
0 3888384
cob=(2)
cfi=(51)
cfn=(2000) 0x00000000048fb280
calls=486048 0 
0 63672688

fn=(2250) std::basic_ios<wchar_t, std::char_traits<wchar_t> >::rdbuf(std::basic_streambuf<wchar_t, std::char_traits<wchar_t> >*)
0 24
cob=(2)
cfi=(51)
cfn=(2252) 0x00000000048fc660
calls=4 0 
0 1087
0 12

fn=(2288) __cxa_guard_acquire
0 17

fn=(2866) std::__cxx11::basic_string<char, std::char_traits<char>, std::allocator<char> >::_M_replace(unsigned long, unsigned long, char const*, unsigned long)
0 1913
cob=(2)
cfi=(51)
cfn=(1370)
calls=4 0 
0 60
0 628
cob=(2)
cfi=(51)
cfn=(2840) 0x00000000048fdfd0
calls=4 0 
0 1470
0 106

fn=(2878) std::__cxx11::basic_string<char, std::char_traits<char>, std::allocator<char> >::append(char const*)
0 144
cob=(2)
cfi=(51)
cfn=(2830) 0x00000000048fbbb0
calls=18 0 
0 288
0 198
cob=(2)
cfi=(51)
cfn=(2834) 0x00000000048fc590
calls=18 0 
0 2166

fn=(2914) std::__cxx11::basic_string<char, std::char_traits<char>, std::allocator<char> >::operator=(char const*)
0 376
cob=(2)
cfi=(51)
cfn=(2830)
calls=47 0 
0 752
0 423
cob=(2)
cfi=(51)
cfn=(2862) 0x00000000048fa490
calls=47 0 
0 2621

fn=(3000) std::ostream::operator<<(std::ostream& (*)(std::ostream&))
0 90
cfn=(3002) std::basic_ostream<char, std::char_traits<char> >& std::endl<char, std::char_traits<char> >(std::basic_ostream<char, std::char_traits<char> >&)
calls=45 0 
0 22140

fn=(3032) std::basic_filebuf<char, std::char_traits<char> >::_M_convert_to_external(char*, long)
0 900
cfn=(2934) std::codecvt<char, char, __mbstate_t>::do_always_noconv() const
calls=45 0 
0 135
0 270
cob=(2)
cfi=(51)
cfn=(3034) 0x00000000048fba70
calls=45 0 
0 5612
0 585

fn=(3330) std::allocator<char>::allocator(std::allocator<char> const&)
0 12

fn=(3468) std::basic_fstream<char, std::char_traits<char> >::open(std::__cxx11::basic_string<char, std::char_traits<char>, std::allocator<char> > const&, std::_Ios_Openmode)
0 6
cob=(2)
cfi=(51)
cfn=(3470) 0x00000000048fcac0
calls=1 0 
0 3619
0 8
cob=(2)
cfi=(51)
cfn=(2204) 0x00000000048fdd10
calls=1 0 
0 9

fn=(3532) std::basic_istream<char, std::char_traits<char> >& std::getline<char, std::char_traits<char>, std::allocator<char> >(std::basic_istream<char, std::char_traits<char> >&, std::__cxx11::basic_string<char, std::char_traits<char>, std::allocator<char> >&, char)
0 570
cob=(2)
cfi=(51)
cfn=(3534) 0x00000000048fd990
calls=30 0 
0 1642
0 66
cob=(2)
cfi=(51)
cfn=(2204)
calls=1 0 
0 9
0 10
cob=(2)
cfi=(51)
cfn=(2204)
calls=2 0 
0 18
0 1065
cob=(2)
cfi=(51)
cfn=(3382) 0x00000000048faab0
calls=20 0 
0 450
0 260
cob=(2)
cfi=(51)
cfn=(2834)
calls=20 0 
0 1160
0 632
cfn=(3986) std::__cxx11::basic_stringbuf<char, std::char_traits<char>, std::allocator<char> >::underflow()
calls=1 0 
0 12
0 17
cfn=(3540) std::basic_filebuf<char, std::char_traits<char> >::underflow()
calls=2 0 
0 1915
0 8

fn=(3566) std::basic_filebuf<char, std::char_traits<char> >::close()
0 24
cob=(2)
cfi=(51)
cfn=(2154)
calls=2 0 
0 12
0 7
cob=(2)
cfi=(51)
cfn=(3568) 0x00000000048fbaf0
calls=1 0 
0 1122
0 5
cob=(2)
cfi=(51)
cfn=(3574) 0x00000000048fbd40
calls=1 0 
0 1327
0 14
cob=(2)
cfi=(51)
cfn=(3584) 0x00000000048fd900
calls=1 0 
0 2021
0 24

fn=(3626) std::__basic_file<char>::~__basic_file()
0 2
cob=(2)
cfi=(51)
cfn=(3584)
calls=1 0 
0 17

fn=(4172) std::__cxx11::basic_string<char, std::char_traits<char>, std::allocator<char> >::_M_assign(std::__cxx11::basic_string<char, std::char_traits<char>, std::allocator<char> > const&)
0 2129
cob=(2)
cfi=(51)
cfn=(1370)
calls=13 0 
0 249
0 304

fn=(4752)
0 2276

fn=(5682) std::uncaught_exception()
0 6
cob=(2)
cfi=(51)
cfn=(5684) 0x00000000048fcd30
calls=2 0 
0 1669
0 10

fn=(5774) 0x00000000000e28b0
0 2

fn=(3830) std::istream::operator>>(float&)
0 20
cob=(2)
cfi=(51)
cfn=(3832) 0x00000000048fb2a0
calls=10 0 
0 15262

fn=(3844) std::string::reserve(unsigned long)
0 180
cob=(2)
cfi=(51)
cfn=(3846) 0x00000000048fc5b0
calls=10 0 
0 2856
0 120

fn=(840) 0x00000000000c2320
0 11
cob=(2)
cfi=(51)
cfn=(850) 0x00000000048fb2c0
calls=1 0 
0 77355
0 9
cob=(2)
cfi=(51)
cfn=(1202) 0x00000000048fa690
calls=1 0 
0 785
0 616

fn=(930) std::__cxx11::moneypunct<char, false>::_M_initialize_moneypunct(__locale_struct*, char const*)
0 113

fn=(936) std::__cxx11::moneypunct<char, true>::_M_initialize_moneypunct(__locale_struct*, char const*)
0 113

fn=(954) std::__cxx11::messages<char>::messages(unsigned long)
0 13
cob=(2)
cfi=(51)
cfn=(868)
calls=1 0 
0 19
0 2
cob=(2)
cfi=(51)
cfn=(856)
calls=1 0 
0 5
0 5

fn=(1214) std::ios_base::ios_base()
0 1160
cob=(2)
cfi=(51)
cfn=(834) 0x00000000048fb780
calls=20 0 
0 540

fn=(1238) std::locale::~locale()
0 504

fn=(1298) bool std::has_facet<std::ctype<wchar_t> >(std::locale const&)
0 12

fn=(1364) std::__cxx11::basic_string<char, std::char_traits<char>, std::allocator<char> >::_M_data() const
0 1458630

fn=(1776) operator delete(void*, unsigned long)
0 410
cob=(2)
cfi=(51)
cfn=(1778)
calls=205 0 
0 25067

fn=(1782) operator delete(void*)
0 594
cob=(2)
cfi=(51)
cfn=(1784) 0x00000000048fbb30
calls=297 0 
0 32080

fn=(2256) std::basic_ios<wchar_t, std::char_traits<wchar_t> >::clear(std::_Ios_Iostate)
0 28

fn=(2924) std::basic_ostream<char, std::char_traits<char> >& std::__ostream_insert<char, std::char_traits<char> >(std::basic_ostream<char, std::char_traits<char> >&, char const*, long)
0 3942
cob=(2)
cfi=(51)
cfn=(2926)
calls=219 0 
0 6222
0 7227
cfn=(2932)
calls=199 0 
0 21311
0 1155
cfn=(2932)
calls=20 0 
0 1986
0 1480

fn=(2958) std::__cxx11::basic_string<char, std::char_traits<char>, std::allocator<char> >::_M_construct(unsigned long, char)
0 435
cob=(2)
cfi=(51)
cfn=(2960) 0x00000000048fa790
calls=5 0 
0 911
0 247

fn=(2976) std::__cxx11::basic_string<char, std::char_traits<char>, std::allocator<char> >::size() const
0 2185245

fn=(2980) std::__cxx11::basic_string<char, std::char_traits<char>, std::allocator<char> >::capacity() const
0 24

fn=(3044) std::__basic_file<char>::fd()
0 141
cob=(2)
cfi=(51)
cfn=(3046) 0x00000000048fa4e0
calls=47 0 
0 1195

fn=(3380) std::filesystem::__cxx11::path::_M_split_cmpts()
0 242
cob=(2)
cfi=(51)
cfn=(3382)
calls=1 0 
0 818
0 142
cob=(2)
cfi=(51)
cfn=(3382)
calls=5 0 
0 108
0 118
cfn=(3386) 0x0000000000187810
calls=1 0 
0 248
0 32
cfn=(3402) 0x0000000000186070
calls=7 0 
0 343
0 14
cob=(2)
cfi=(51)
cfn=(3410) 0x00000000048fda90
calls=7 0 
0 927
0 180

fn=(3522) std::basic_fstream<char, std::char_traits<char> >::is_open()
0 3
cob=(2)
cfi=(51)
cfn=(2154)
calls=1 0 
0 6

fn=(3538) std::istream::sentry::sentry(std::istream&, bool)
0 763
cob=(2)
cfi=(51)
cfn=(2204)
calls=1 0 
0 9
0 371

fn=(3546) std::__basic_file<char>::xsgetn(char*, long)
0 24
cob=(2)
cfi=(51)
cfn=(3040) 0x00000000048faf80
calls=2 0 
0 28
0 8
cob=(2)
cfi=(51)
cfn=(3548) 0x00000000048fb0a0
calls=2 0 
0 848
0 20

fn=(3556) std::basic_ios<char, std::char_traits<char> >::operator bool() const
0 120

fn=(3572) std::basic_filebuf<char, std::char_traits<char> >::_M_terminate_output()
0 29

fn=(3578) std::basic_filebuf<char, std::char_traits<char> >::_M_destroy_internal_buffer()
0 9
cob=(2)
cfi=(51)
cfn=(3580) 0x00000000048fa170
calls=1 0 
0 142
0 11

fn=(3704) std::__cxx11::basic_stringbuf<char, std::char_traits<char>, std::allocator<char> >::_M_sync(char*, unsigned long, unsigned long)
0 351

fn=(3906) std::string::_Rep::_M_destroy(std::allocator<char> const&)
0 20
cob=(2)
cfi=(51)
cfn=(1778)
calls=10 0 
0 950

fn=(4732) std::basic_ostream<char, std::char_traits<char> >& std::operator<< <char, std::char_traits<char> >(std::basic_ostream<char, std::char_traits<char> >&, std::_Setw)
0 448

fn=(4826) std::ostream& std::ostream::_M_insert<unsigned long>(unsigned long)
0 34
cob=(2)
cfi=(51)
cfn=(2926)
calls=2 0 
0 50
0 40
cfn=(4828) std::num_put<char, std::ostreambuf_iterator<char, std::char_traits<char> > >::do_put(std::ostreambuf_iterator<char, std::char_traits<char> >, std::ios_base&, char, unsigned long) const
calls=2 0 
0 1921
0 40

fn=(5770) 0x000000000018d810
0 2

fn=(5782) 0x00000000000ac070
0 4
cob=(2)
cfi=(51)
cfn=(5784)
calls=1 0 
0 814

fn=(5794) 0x00000000000aaf10
0 5

fn=(750) 0x00000000000aad40
0 50

fn=(802) 0x00000000000aaec0
0 7
cob=(2)
cfi=(51)
cfn=(620)
calls=1 0 
0 77
0 4
cob=(2)
cfi=(51)
cfn=(620)
calls=1 0 
0 77
0 5
cob=(2)
cfi=(51)
cfn=(620)
calls=1 0 
0 77

fn=(890) std::locale::facet::_S_create_c_locale(__locale_struct*&, char const*, __locale_struct*)
0 5
cob=(2)
cfi=(51)
cfn=(892) 0x00000000048fc370
calls=1 0 
0 865
0 5

fn=(1078) std::moneypunct<char, false>::_M_initialize_moneypunct(__locale_struct*, char const*)
0 113

fn=(1274) bool std::has_facet<std::num_get<char, std::istreambuf_iterator<char, std::char_traits<char> > > >(std::locale const&)
0 87

fn=(1384) std::allocator<char>::~allocator()
0 406

fn=(1488) operator new(unsigned long)
0 2456
cob=(2)
cfi=(51)
cfn=(646) 0x00000000048fb0d0
calls=307 0 
0 43315
0 1228

fn=(1950) std::__cxx11::basic_string<char, std::char_traits<char>, std::allocator<char> >::data() const
0 2185296

fn=(1956) std::_Hash_bytes(void const*, unsigned long, unsigned long)
0 11656098

fn=(2216) std::basic_filebuf<wchar_t, std::char_traits<wchar_t> >::basic_filebuf()
0 60
cob=(2)
cfi=(51)
cfn=(834)
calls=3 0 
0 81
0 30
cob=(2)
cfi=(51)
cfn=(2120) 0x00000000048fde20
calls=3 0 
0 18
0 51
cob=(2)
cfi=(51)
cfn=(2218) 0x00000000048fc920
calls=3 0 
0 1405
0 12
cob=(2)
cfi=(51)
cfn=(2224) 0x00000000048fd730
calls=3 0 
0 1415
0 21

fn=(2242) std::basic_filebuf<wchar_t, std::char_traits<wchar_t> >::_M_allocate_internal_buffer()
0 39
cob=(2)
cfi=(51)
cfn=(2188) 0x00000000048fa1d0
calls=3 0 
0 786
0 12

fn=(2860) std::__cxx11::basic_string<char, std::char_traits<char>, std::allocator<char> >::insert(unsigned long, char const*)
0 36
cob=(2)
cfi=(51)
cfn=(2830)
calls=4 0 
0 64
0 48
cob=(2)
cfi=(51)
cfn=(2862)
calls=4 0 
0 2805

fn=(2918) std::basic_ostream<char, std::char_traits<char> >& std::operator<< <char, std::char_traits<char>, std::allocator<char> >(std::basic_ostream<char, std::char_traits<char> >&, std::__cxx11::basic_string<char, std::char_traits<char>, std::allocator<char> > const&)
0 256
cob=(2)
cfi=(51)
cfn=(2920) 0x00000000048fc9f0
calls=64 0 
0 16202

fn=(2942) std::basic_filebuf<char, std::char_traits<char> >::overflow(int)
0 1007
cob=(2)
cfi=(51)
cfn=(3028) 0x00000000048fdf20
calls=45 0 
0 8723
0 1243

fn=(2984) std::__cxx11::basic_string<char, std::char_traits<char>, std::allocator<char> >::append(std::__cxx11::basic_string<char, std::char_traits<char>, std::allocator<char> > const&)
0 80
cob=(2)
cfi=(51)
cfn=(2834)
calls=10 0 
0 490

fn=(3002)
0 672
cob=(2)
cfi=(51)
cfn=(3014) 0x00000000048fafa0
calls=44 0 
0 2904
0 2
cob=(2)
cfi=(51)
cfn=(3014)
calls=1 0 
0 733
0 225
cob=(2)
cfi=(51)
cfn=(3020) 0x00000000048fc770
calls=45 0 
0 15190
0 2
cob=(2)
cfi=(51)
cfn=(3004) 0x00000000048fbeb0
calls=1 0 
0 2407
0 5

fn=(3038) std::__basic_file<char>::xsputn(char const*, long)
0 450
cob=(2)
cfi=(51)
cfn=(3040)
calls=45 0 
0 2206
0 225
cob=(2)
cfi=(51)
cfn=(3052) 0x00000000048fded0
calls=45 0 
0 1286
0 495

fn=(3338) std::__cxx11::basic_string<char, std::char_traits<char>, std::allocator<char> >::reserve(unsigned long)
0 90
cob=(2)
cfi=(51)
cfn=(2846)
calls=6 0 
0 462
0 138

fn=(3342) std::__cxx11::basic_string<char, std::char_traits<char>, std::allocator<char> >::append(char const*, unsigned long)
0 36
cob=(2)
cfi=(51)
cfn=(2834)
calls=6 0 
0 282

fn=(3364) std::__cxx11::basic_string<char, std::char_traits<char>, std::allocator<char> >::_S_to_string_view(std::basic_string_view<char, std::char_traits<char> >)
0 4

fn=(3376) std::filesystem::__cxx11::path::_List::_List()
0 24

fn=(3386)
0 27
cob=(2)
cfi=(51)
cfn=(2192)
calls=1 0 
0 199
0 22

fn=(3474) std::basic_filebuf<char, std::char_traits<char> >::open(char const*, std::_Ios_Openmode)
0 12
cob=(2)
cfi=(51)
cfn=(2154)
calls=1 0 
0 6
0 7
cob=(2)
cfi=(51)
cfn=(3476) 0x00000000048fb0f0
calls=1 0 
0 2223
0 2
cob=(2)
cfi=(51)
cfn=(2154)
calls=1 0 
0 6
0 4
cob=(2)
cfi=(51)
cfn=(2182) 0x00000000048faca0
calls=1 0 
0 220
0 22

fn=(3620) std::basic_fstream<char, std::char_traits<char> >::~basic_fstream()
0 17
cob=(2)
cfi=(51)
cfn=(3562)
calls=1 0 
0 33
0 2
cob=(2)
cfi=(51)
cfn=(3622) 0x00000000048fb6c0
calls=1 0 
0 801
0 5
cob=(2)
cfi=(51)
cfn=(1234) 0x00000000048fcd50
calls=1 0 
0 10
0 11
cob=(2)
cfi=(51)
cfn=(3628) 0x00000000048fd020
calls=1 0 
0 2649

fn=(3644) std::ios_base::_M_dispose_callbacks()
0 156

fn=(3784) std::__cxx11::basic_string<char, std::char_traits<char>, std::allocator<char> >::begin() const
0 42

fn=(4764) 0x000000000012d890
0 835
cob=(2)
cfi=(51)
cfn=(2960)
calls=2 0 
0 42
0 28
cob=(2)
cfi=(51)
cfn=(1370)
calls=2 0 
0 36
0 533
cob=(2)
cfi=(51)
cfn=(2960)
calls=41 0 
0 861
0 123
cob=(2)
cfi=(51)
cfn=(1370)
calls=41 0 
0 792
0 123

fn=(5706) std::basic_ostream<wchar_t, std::char_traits<wchar_t> >::sentry::sentry(std::basic_ostream<wchar_t, std::char_traits<wchar_t> >&)
0 49
cob=(2)
cfi=(51)
cfn=(5697) 0x00000000048fd860'2
calls=1 0 
0 71
0 27

fn=(5707) std::basic_ostream<wchar_t, std::char_traits<wchar_t> >::sentry::sentry(std::basic_ostream<wchar_t, std::char_traits<wchar_t> >&)'2
0 23

fn=(4578) std::__cxx11::basic_string<char, std::char_traits<char>, std::allocator<char> >::c_str() const
0 12

fn=(608) 0x00000000000aa840
0 9
cob=(2)
cfi=(51)
cfn=(610) 0x00000000048fbfb0
calls=1 0 
0 801
0 7
cob=(2)
cfi=(51)
cfn=(620)
calls=1 0 
0 991
0 3
cob=(2)
cfi=(51)
cfn=(610)
calls=1 0 
0 7
0 9
cob=(2)
cfi=(51)
cfn=(620)
calls=1 0 
0 77

fn=(732) 0x00000000000aacc0
0 34

fn=(776) 0x00000000000aae00
0 50

fn=(838) std::locale::locale()
0 539
cfn=(840)
calls=77 0 
0 78776
0 770

fn=(854) std::locale::_Impl::_Impl(unsigned long)
0 141
cob=(2)
cfi=(51)
cfn=(856)
calls=1 0 
0 887
0 7
cob=(2)
cfi=(51)
cfn=(862) 0x00000000048fa6b0
calls=1 0 
0 4838
0 4
cob=(2)
cfi=(51)
cfn=(902) 0x00000000048fbfc0
calls=1 0 
0 2267
0 4
cob=(2)
cfi=(51)
cfn=(914) 0x00000000048fb880
calls=1 0 
0 891
0 4
cob=(2)
cfi=(51)
cfn=(902)
calls=1 0 
0 398
0 23
cob=(2)
cfi=(51)
cfn=(920) 0x00000000048fd5c0
calls=1 0 
0 1556
0 4
cob=(2)
cfi=(51)
cfn=(902)
calls=1 0 
0 398
0 8
cob=(2)
cfi=(51)
cfn=(902)
calls=1 0 
0 398
0 8
cob=(2)
cfi=(51)
cfn=(902)
calls=1 0 
0 398
0 5
cob=(2)
cfi=(51)
cfn=(868)
calls=1 0 
0 19
0 5
cob=(2)
cfi=(51)
cfn=(902)
calls=1 0 
0 398
0 28
cob=(2)
cfi=(51)
cfn=(926) 0x00000000048fbd00
calls=1 0 
0 1335
0 4
cob=(2)
cfi=(51)
cfn=(902)
calls=1 0 
0 398
0 28
cob=(2)
cfi=(51)
cfn=(932) 0x00000000048fd410
calls=1 0 
0 1343
0 4
cob=(2)
cfi=(51)
cfn=(902)
calls=1 0 
0 398
0 8
cob=(2)
cfi=(51)
cfn=(902)
calls=1 0 
0 398
0 8
cob=(2)
cfi=(51)
cfn=(902)
calls=1 0 
0 398
0 35
cob=(2)
cfi=(51)
cfn=(938) 0x00000000048fc8c0
calls=1 0 
0 2271
0 4
cob=(2)
cfi=(51)
cfn=(902)
calls=1 0 
0 398
0 8
cob=(2)
cfi=(51)
cfn=(902)
calls=1 0 
0 398
0 8
cob=(2)
cfi=(51)
cfn=(902)
calls=1 0 
0 398
0 4
cob=(2)
cfi=(51)
cfn=(950) 0x00000000048fa560
calls=1 0 
0 849
0 4
cob=(2)
cfi=(51)
cfn=(902)
calls=1 0 
0 398
0 4
cob=(2)
cfi=(51)
cfn=(956) 0x00000000048faa60
calls=1 0 
0 28839
0 4
cob=(2)
cfi=(51)
cfn=(902)
calls=1 0 
0 398
0 4
cob=(2)
cfi=(51)
cfn=(1012) 0x00000000048fb440
calls=1 0 
0 891
0 4
cob=(2)
cfi=(51)
cfn=(902)
calls=1 0 
0 398
0 23
cob=(2)
cfi=(51)
cfn=(1018) 0x00000000048fab40
calls=1 0 
0 1468
0 4
cob=(2)
cfi=(51)
cfn=(902)
calls=1 0 
0 398
0 8
cob=(2)
cfi=(51)
cfn=(902)
calls=1 0 
0 398
0 8
cob=(2)
cfi=(51)
cfn=(902)
calls=1 0 
0 398
0 5
cob=(2)
cfi=(51)
cfn=(868)
calls=1 0 
0 19
0 16
cob=(2)
cfi=(51)
cfn=(902)
calls=1 0 
0 398
0 27
cob=(2)
cfi=(51)
cfn=(1024) 0x00000000048fcc20
calls=1 0 
0 1355
0 4
cob=(2)
cfi=(51)
cfn=(902)
calls=1 0 
0 398
0 28
cob=(2)
cfi=(51)
cfn=(1030) 0x00000000048faf10
calls=1 0 
0 1323
0 4
cob=(2)
cfi=(51)
cfn=(902)
calls=1 0 
0 398
0 8
cob=(2)
cfi=(51)
cfn=(902)
calls=1 0 
0 398
0 8
cob=(2)
cfi=(51)
cfn=(902)
calls=1 0 
0 398
0 35
cob=(2)
cfi=(51)
cfn=(1036) 0x00000000048fd2b0
calls=1 0 
0 2303
0 4
cob=(2)
cfi=(51)
cfn=(902)
calls=1 0 
0 398
0 8
cob=(2)
cfi=(51)
cfn=(902)
calls=1 0 
0 398
0 8
cob=(2)
cfi=(51)
cfn=(902)
calls=1 0 
0 398
0 4
cob=(2)
cfi=(51)
cfn=(1048) 0x00000000048fab80
calls=1 0 
0 849
0 4
cob=(2)
cfi=(51)
cfn=(902)
calls=1 0 
0 398
0 8
cob=(2)
cfi=(51)
cfn=(902)
calls=1 0 
0 398
0 8
cob=(2)
cfi=(51)
cfn=(902)
calls=1 0 
0 398
0 8
cob=(2)
cfi=(51)
cfn=(902)
calls=1 0 
0 398
0 8
cob=(2)
cfi=(51)
cfn=(902)
calls=1 0 
0 398
0 9
cfn=(1054)
calls=1 0 
0 10234
0 3
cob=(2)
cfi=(51)
cfn=(908)
calls=1 0 
0 8
0 4
cob=(2)
cfi=(51)
cfn=(908)
calls=1 0 
0 8
0 4
cob=(2)
cfi=(51)
cfn=(908)
calls=1 0 
0 8
0 4
cob=(2)
cfi=(51)
cfn=(908)
calls=1 0 
0 8
0 5
cob=(2)
cfi=(51)
cfn=(908)
calls=1 0 
0 8
0 5
cob=(2)
cfi=(51)
cfn=(908)
calls=1 0 
0 8
0 4
cob=(2)
cfi=(51)
cfn=(908)
calls=1 0 
0 8
0 5
cob=(2)
cfi=(51)
cfn=(908)
calls=1 0 
0 8
0 13

fn=(872) std::locale::facet::_S_get_c_locale()
0 120
cob=(2)
cfi=(51)
cfn=(874) 0x00000000048fb630
calls=24 0 
0 3168
0 96

fn=(924) std::__cxx11::numpunct<char>::_M_initialize_numpunct(__locale_struct*)
0 414

fn=(948) std::__timepunct<char>::_M_initialize_timepunct(__locale_struct*)
0 11
cob=(2)
cfi=(51)
cfn=(868)
calls=1 0 
0 19
0 138

fn=(1256) std::ctype<char> const& std::use_facet<std::ctype<char> >(std::locale const&)
0 145
cob=(2)
cfi=(51)
cfn=(908)
calls=29 0 
0 232
0 174

fn=(1268) std::num_put<char, std::ostreambuf_iterator<char, std::char_traits<char> > > const& std::use_facet<std::num_put<char, std::ostreambuf_iterator<char, std::char_traits<char> > > >(std::locale const&)
0 145
cob=(2)
cfi=(51)
cfn=(908)
calls=29 0 
0 232
0 174

fn=(1292) std::basic_ios<wchar_t, std::char_traits<wchar_t> >::_M_cache_locale(std::locale const&)
0 32
cob=(2)
cfi=(51)
cfn=(1294) 0x00000000048fb230
calls=4 0 
0 903
0 16
cob=(2)
cfi=(51)
cfn=(1300) 0x00000000048fa4c0
calls=4 0 
0 991
0 12
cob=(2)
cfi=(51)
cfn=(1306) 0x00000000048fadd0
calls=4 0 
0 1271
0 16
cob=(2)
cfi=(51)
cfn=(1312) 0x00000000048fced0
calls=4 0 
0 1375
0 12
cob=(2)
cfi=(51)
cfn=(1318) 0x00000000048fc820
calls=4 0 
0 1287
0 16
cob=(2)
cfi=(51)
cfn=(1324) 0x00000000048fdbd0
calls=4 0 
0 1383
0 20

fn=(1336) std::allocator<char>::allocator()
0 382

fn=(1342) std::__cxx11::basic_string<char, std::char_traits<char>, std::allocator<char> >::_M_local_data()
0 570

fn=(1368) std::__cxx11::basic_string<char, std::char_traits<char>, std::allocator<char> >::_S_copy_chars(char*, char const*, char const*)
0 1092
cob=(2)
cfi=(51)
cfn=(1370)
calls=113 0 
0 2826
0 42

fn=(2106) std::ios_base::sync_with_stdio(bool)
0 33
cob=(2)
cfi=(51)
cfn=(2108) 0x00000000048fcf10
calls=1 0 
0 791
0 6
cob=(2)
cfi=(51)
cfn=(1234)
calls=1 0 
0 10
0 3
cob=(2)
cfi=(51)
cfn=(1234)
calls=1 0 
0 10
0 3
cob=(2)
cfi=(51)
cfn=(1234)
calls=1 0 
0 10
0 5
cob=(2)
cfi=(51)
cfn=(1234)
calls=1 0 
0 10
0 3
cob=(2)
cfi=(51)
cfn=(1234)
calls=1 0 
0 10
0 3
cob=(2)
cfi=(51)
cfn=(1234)
calls=1 0 
0 10
0 6
cfn=(2112) 0x0000000000112e50
calls=1 0 
0 10868
0 7
cfn=(2112)
calls=1 0 
0 723
0 7
cfn=(2112)
calls=1 0 
0 723
0 4
cob=(2)
cfi=(51)
cfn=(2198) 0x00000000048fd980
calls=1 0 
0 2218
0 4
cob=(2)
cfi=(51)
cfn=(2198)
calls=1 0 
0 20
0 4
cob=(2)
cfi=(51)
cfn=(2198)
calls=1 0 
0 20
0 4
cob=(2)
cfi=(51)
cfn=(2198)
calls=1 0 
0 20
0 6
cfn=(2210) 0x0000000000113030
calls=1 0 
0 5133
0 7
cfn=(2210)
calls=1 0 
0 733
0 7
cfn=(2210)
calls=1 0 
0 733
0 4
cob=(2)
cfi=(51)
cfn=(2246) 0x00000000048fcd90
calls=1 0 
0 2194
0 4
cob=(2)
cfi=(51)
cfn=(2246)
calls=1 0 
0 20
0 4
cob=(2)
cfi=(51)
cfn=(2246)
calls=1 0 
0 20
0 4
cob=(2)
cfi=(51)
cfn=(2246)
calls=1 0 
0 20
0 2
cob=(2)
cfi=(51)
cfn=(2258) 0x00000000048fc650
calls=1 0 
0 793
0 1

fn=(2118) std::basic_filebuf<char, std::char_traits<char> >::basic_filebuf()
0 80
cob=(2)
cfi=(51)
cfn=(834)
calls=4 0 
0 108
0 40
cob=(2)
cfi=(51)
cfn=(2120)
calls=4 0 
0 964
0 60
cob=(2)
cfi=(51)
cfn=(2126) 0x00000000048fbc00
calls=4 0 
0 2223
0 16
cob=(2)
cfi=(51)
cfn=(2140) 0x00000000048fcfc0
calls=4 0 
0 1531
0 28

fn=(2152) std::__basic_file<char>::sys_open(_IO_FILE*, std::_Ios_Openmode)
0 54
cob=(2)
cfi=(51)
cfn=(2154)
calls=6 0 
0 933
0 30
cob=(2)
cfi=(51)
cfn=(2160) 0x00000000048fcd00
calls=6 0 
0 972
0 36
cob=(2)
cfi=(51)
cfn=(2166) 0x00000000048fe340
calls=6 0 
0 1154
0 72

fn=(2262) std::ios_base::Init::~Init()
0 145
cob=(2)
cfi=(51)
cfn=(3020)
calls=1 0 
0 71
0 2
cob=(2)
cfi=(51)
cfn=(3020)
calls=1 0 
0 2593
0 2
cob=(2)
cfi=(51)
cfn=(3020)
calls=1 0 
0 71
0 2
cob=(2)
cfi=(51)
cfn=(5696) 0x00000000048fd860
calls=1 0 
0 2122
0 2
cob=(2)
cfi=(51)
cfn=(5696)
calls=1 0 
0 198
0 2
cob=(2)
cfi=(51)
cfn=(5696)
calls=1 0 
0 71
0 2

fn=(2828) std::__cxx11::basic_string<char, std::char_traits<char>, std::allocator<char> >::operator+=(char const*)
0 144
cob=(2)
cfi=(51)
cfn=(2830)
calls=18 0 
0 1075
0 198
cob=(2)
cfi=(51)
cfn=(2834)
calls=18 0 
0 5046

fn=(2996) std::__cxx11::basic_string<char, std::char_traits<char>, std::allocator<char> >::compare(char const*) const
0 77
cob=(2)
cfi=(51)
cfn=(2830)
calls=7 0 
0 112
0 133

fn=(3372) std::__cxx11::basic_string<char, std::char_traits<char>, std::allocator<char> >::basic_string(std::__cxx11::basic_string<char, std::char_traits<char>, std::allocator<char> >::__sv_wrapper, std::allocator<char> const&)
0 32
cob=(2)
cfi=(51)
cfn=(2846)
calls=1 0 
0 73
0 7
cob=(2)
cfi=(51)
cfn=(1370)
calls=1 0 
0 14
0 3

fn=(3540)
0 66
cfn=(2934)
calls=2 0 
0 6
0 34
cob=(2)
cfi=(51)
cfn=(3542) 0x00000000048fbf00
calls=2 0 
0 1776
0 33

fn=(3698) std::__cxx11::basic_istringstream<char, std::char_traits<char>, std::allocator<char> >::basic_istringstream(std::__cxx11::basic_string<char, std::char_traits<char>, std::allocator<char> > const&, std::_Ios_Openmode)
0 187
cob=(2)
cfi=(51)
cfn=(1210) 0x00000000048fb1b0
calls=11 0 
0 957
0 154
cob=(2)
cfi=(51)
cfn=(1216) 0x00000000048fd5a0
calls=11 0 
0 2453
0 242
cob=(2)
cfi=(51)
cfn=(834)
calls=11 0 
0 297
0 316
cob=(2)
cfi=(51)
cfn=(3700) 0x00000000048fccf0
calls=11 0 
0 1512
0 33
cob=(2)
cfi=(51)
cfn=(1216)
calls=11 0 
0 2453
0 140
cob=(2)
cfi=(51)
cfn=(2846)
calls=1 0 
0 229
0 7
cob=(2)
cfi=(51)
cfn=(1370)
calls=1 0 
0 32
0 15
cob=(2)
cfi=(51)
cfn=(1370)
calls=5 0 
0 100
0 18

fn=(3914) std::__cxx11::basic_istringstream<char, std::char_traits<char>, std::allocator<char> >::~basic_istringstream()
0 166
cob=(2)
cfi=(51)
cfn=(1778)
calls=1 0 
0 95
0 55
cob=(2)
cfi=(51)
cfn=(1234)
calls=11 0 
0 110
0 99
cob=(2)
cfi=(51)
cfn=(3628)
calls=11 0 
0 627

fn=(4166) std::__cxx11::basic_string<char, std::char_traits<char>, std::allocator<char> >::operator=(std::__cxx11::basic_string<char, std::char_traits<char>, std::allocator<char> > const&)
0 220
cob=(2)
cfi=(51)
cfn=(4168) 0x00000000048fdfe0
calls=55 0 
0 3915
0 165

fn=(4744)
0 198
cob=(2)
cfi=(51)
cfn=(4746) 0x00000000048fcae0
calls=66 0 
0 25356

fn=(4820) std::ostream::operator<<(unsigned int)
0 6
cob=(2)
cfi=(51)
cfn=(4822) 0x00000000048fdc00
calls=2 0 
0 2876

fn=(5708) std::basic_filebuf<wchar_t, std::char_traits<wchar_t> >::sync()
0 30

fn=(5780) 0x00000000000d9870
0 2

fn=(3892) void std::__convert_to_v<float>(char const*, float&, std::_Ios_Iostate&, __locale_struct* const&)
0 140
cob=(2)
cfi=(51)
cfn=(3894) 0x00000000048fa390
calls=10 0 
0 1838
0 140

fn=(602) 0x00000000000aafc0
0 12

fn=(704) 0x00000000000aaa60
0 44

fn=(714) 0x00000000000aac40
0 34

fn=(1144) std::moneypunct<wchar_t, false>::_M_initialize_moneypunct(__locale_struct*, char const*)
0 109

fn=(1250) bool std::has_facet<std::ctype<char> >(std::locale const&)
0 87

fn=(1316) std::num_put<wchar_t, std::ostreambuf_iterator<wchar_t, std::char_traits<wchar_t> > > const& std::use_facet<std::num_put<wchar_t, std::ostreambuf_iterator<wchar_t, std::char_traits<wchar_t> > > >(std::locale const&)
0 20
cob=(2)
cfi=(51)
cfn=(908)
calls=4 0 
0 32
0 24

fn=(1328) std::num_get<wchar_t, std::istreambuf_iterator<wchar_t, std::char_traits<wchar_t> > > const& std::use_facet<std::num_get<wchar_t, std::istreambuf_iterator<wchar_t, std::char_traits<wchar_t> > > >(std::locale const&)
0 20
cob=(2)
cfi=(51)
cfn=(908)
calls=4 0 
0 32
0 24

fn=(2130) bool std::has_facet<std::codecvt<char, char, __mbstate_t> >(std::locale const&)
0 20
cob=(2)
cfi=(51)
cfn=(908)
calls=4 0 
0 32
0 48
cob=(2)
cfi=(51)
cfn=(2132) 0x00000000048fd1f0
calls=4 0 
0 1068
0 20

fn=(2136) __dynamic_cast
0 490
cfn=(2138) __cxxabiv1::__si_class_type_info::__do_dyncast(long, __cxxabiv1::__class_type_info::__sub_kind, __cxxabiv1::__class_type_info const*, void const*, __cxxabiv1::__class_type_info const*, void const*, __cxxabiv1::__class_type_info::__dyncast_result&) const
calls=14 0 
0 518
0 280

fn=(2208) std::basic_ios<char, std::char_traits<char> >::clear(std::_Ios_Iostate)
0 133

fn=(2324) __cxa_guard_release
0 6

fn=(2680) std::__cxx11::basic_string<char, std::char_traits<char>, std::allocator<char> >::empty() const
0 60

fn=(2872) std::__cxx11::basic_string<char, std::char_traits<char>, std::allocator<char> >::basic_string(std::__cxx11::basic_string<char, std::char_traits<char>, std::allocator<char> >&&)
0 460

fn=(2932)
0 4592
cfn=(2934)
calls=287 0 
0 861
0 7179
cob=(2)
cfi=(51)
cfn=(2936) 0x00000000048fc8d0
calls=287 0 
0 17558

fn=(2966) std::__cxx11::basic_string<char, std::char_traits<char>, std::allocator<char> >::operator[](unsigned long)
0 1468

fn=(3482) 0x00000000000d0980
0 9

fn=(3582) operator delete[](void*)
0 2
cob=(2)
cfi=(51)
cfn=(1778)
calls=1 0 
0 138

fn=(3678) std::filesystem::__cxx11::path::_List::_Impl_deleter::operator()(std::filesystem::__cxx11::path::_List::_Impl*) const
0 52
cob=(2)
cfi=(51)
cfn=(3680) 0x00000000048fc000
calls=7 0 
0 1203
0 59
cob=(2)
cfi=(51)
cfn=(3684) 0x00000000048fdff0
calls=1 0 
0 735

fn=(3679) std::filesystem::__cxx11::path::_List::_Impl_deleter::operator()(std::filesystem::__cxx11::path::_List::_Impl*) const'2
0 28

fn=(4108) std::chrono::_V2::steady_clock::now()
0 32
cob=(2)
cfi=(51)
cfn=(4110) 0x00000000048fab10
calls=4 0 
0 903
0 28

fn=(4736) std::ostream::operator<<(int)
0 704
cob=(2)
cfi=(51)
cfn=(4738) 0x00000000048fb360
calls=64 0 
0 30981

fn=(4784) std::ostream::operator<<(std::ios_base& (*)(std::ios_base&))
0 147
cob=(8) /home/corse/Documents/PgEngine/release/PgCompiler
cfi=(300) /usr/include/c++/11/bits/ios_base.h
cfn=(4786) std::left(std::ios_base&)
calls=21 1030 
0 2415
0 63

fn=(5776) 0x00000000000dbf10
0 2

fn=(3836) std::istream& std::istream::_M_extract<float>(float&)
0 150
cob=(2)
cfi=(51)
cfn=(3534)
calls=10 0 
0 320
0 180
cfn=(3838) std::num_get<char, std::istreambuf_iterator<char, std::char_traits<char> > >::do_get(std::istreambuf_iterator<char, std::char_traits<char> >, std::istreambuf_iterator<char, std::char_traits<char> >, std::ios_base&, std::_Ios_Iostate&, float&) const
calls=10 0 
0 13499
0 190
cob=(2)
cfi=(51)
cfn=(2204)
calls=10 0 
0 90
0 10

fn=(832) std::ios_base::Init::Init()
0 339
cob=(2)
cfi=(51)
cfn=(834)
calls=1 0 
0 78895
0 16
cob=(2)
cfi=(51)
cfn=(834)
calls=1 0 
0 27
0 14
cob=(2)
cfi=(51)
cfn=(834)
calls=1 0 
0 27
0 7
cob=(2)
cfi=(51)
cfn=(1210)
calls=1 0 
0 803
0 11
cob=(2)
cfi=(51)
cfn=(1216)
calls=1 0 
0 11648
0 4
cob=(2)
cfi=(51)
cfn=(1210)
calls=1 0 
0 87
0 15
cob=(2)
cfi=(51)
cfn=(1216)
calls=1 0 
0 223
0 5
cob=(2)
cfi=(51)
cfn=(1210)
calls=1 0 
0 87
0 11
cob=(2)
cfi=(51)
cfn=(1216)
calls=1 0 
0 223
0 4
cob=(2)
cfi=(51)
cfn=(1210)
calls=1 0 
0 87
0 11
cob=(2)
cfi=(51)
cfn=(1216)
calls=1 0 
0 223
0 23
cob=(2)
cfi=(51)
cfn=(834)
calls=1 0 
0 27
0 16
cob=(2)
cfi=(51)
cfn=(834)
calls=1 0 
0 27
0 14
cob=(2)
cfi=(51)
cfn=(834)
calls=1 0 
0 27
0 7
cob=(2)
cfi=(51)
cfn=(1210)
calls=1 0 
0 87
0 11
cob=(2)
cfi=(51)
cfn=(1282) 0x00000000048fca20
calls=1 0 
0 9351
0 4
cob=(2)
cfi=(51)
cfn=(1210)
calls=1 0 
0 87
0 15
cob=(2)
cfi=(51)
cfn=(1282)
calls=1 0 
0 223
0 5
cob=(2)
cfi=(51)
cfn=(1210)
calls=1 0 
0 87
0 11
cob=(2)
cfi=(51)
cfn=(1282)
calls=1 0 
0 223
0 4
cob=(2)
cfi=(51)
cfn=(1210)
calls=1 0 
0 87
0 11
cob=(2)
cfi=(51)
cfn=(1282)
calls=1 0 
0 223
0 15

fn=(960) std::ctype<wchar_t>::ctype(unsigned long)
0 13
cob=(2)
cfi=(51)
cfn=(868)
calls=1 0 
0 19
0 7
cob=(2)
cfi=(51)
cfn=(962) 0x00000000048fb950
calls=1 0 
0 28074

fn=(1040) std::__timepunct<wchar_t>::__timepunct(std::__timepunct_cache<wchar_t>*, unsigned long)
0 15
cob=(2)
cfi=(51)
cfn=(856)
calls=1 0 
0 5
0 4
cob=(2)
cfi=(51)
cfn=(1042) 0x00000000048fc1f0
calls=1 0 
0 1286
0 4

fn=(2138)
0 518

fn=(2158) std::__basic_file<char>::is_open() const
0 80

fn=(2222) bool std::has_facet<std::codecvt<wchar_t, char, __mbstate_t> >(std::locale const&)
0 15
cob=(2)
cfi=(51)
cfn=(908)
calls=3 0 
0 24
0 36
cob=(2)
cfi=(51)
cfn=(2132)
calls=3 0 
0 282
0 15

fn=(2930) std::ostream::sentry::sentry(std::ostream&)
0 5704
cob=(2)
cfi=(51)
cfn=(3021) 0x00000000048fc770'2
calls=1 0 
0 71
0 3043

fn=(2931) std::ostream::sentry::sentry(std::ostream&)'2
0 23

fn=(2934)
0 1002

fn=(2946) std::basic_ostream<char, std::char_traits<char> >& std::operator<< <std::char_traits<char> >(std::basic_ostream<char, std::char_traits<char> >&, char const*)
0 1550
cob=(2)
cfi=(51)
cfn=(2830)
calls=155 0 
0 2480
0 620
cob=(2)
cfi=(51)
cfn=(2920)
calls=155 0 
0 28762
0 775

fn=(3008) std::ctype<char>::_M_widen_init() const
0 720
cob=(2)
cfi=(51)
cfn=(3010) 0x00000000048fd500
calls=1 0 
0 829
0 12

fn=(3026) std::basic_filebuf<char, std::char_traits<char> >::sync()
0 380
cfn=(2942)
calls=45 0 
0 10928
0 280

fn=(3402)
0 229
cob=(2)
cfi=(51)
cfn=(1370)
calls=6 0 
0 96
0 18

fn=(3526) std::basic_istream<char, std::char_traits<char> >& std::getline<char, std::char_traits<char>, std::allocator<char> >(std::basic_istream<char, std::char_traits<char> >&, std::__cxx11::basic_string<char, std::char_traits<char>, std::allocator<char> >&)
0 600
cob=(2)
cfi=(51)
cfn=(3528) 0x00000000048fa870
calls=30 0 
0 9330

fn=(3710) std::__cxx11::basic_string<char, std::char_traits<char>, std::allocator<char> >::operator+=(char)
0 1305

fn=(3780) std::__cxx11::basic_string<char, std::char_traits<char>, std::allocator<char> >::end() const
0 112

fn=(5700) std::basic_ostream<wchar_t, std::char_traits<wchar_t> >::flush()
0 45
cob=(2)
cfi=(51)
cfn=(5702) 0x00000000048fc230
calls=3 0 
0 1180
0 21
cfn=(5708)
calls=3 0 
0 18
0 49
cob=(2)
cfi=(51)
cfn=(5678) 0x00000000048fb820
calls=1 0 
0 33
0 7
cfn=(5708)
calls=1 0 
0 6
0 2

fn=(5701) std::basic_ostream<wchar_t, std::char_traits<wchar_t> >::flush()'2
0 15
cob=(2)
cfi=(51)
cfn=(5703) 0x00000000048fc230'2
calls=1 0 
0 25
0 7
cfn=(5708)
calls=1 0 
0 6
0 16

fn=(5760) 0x00000000000aaf80
0 9
cob=(2)
cfi=(51)
cfn=(5766) 0x00000000048fa1e0
calls=1 0 
0 1151
0 1
cfn=(5794)
calls=1 0 
0 5
0 3

fn=(5772) 0x000000000018d800
0 2

fn=(3816) std::istream::operator>>(std::ios_base& (*)(std::ios_base&))
0 70
cob=(8)
cfi=(300)
cfn=(3818) std::noskipws(std::ios_base&)
calls=10 981 
0 640
0 30

fn=(3838)
0 280
cob=(2)
cfi=(51)
cfn=(3840) 0x00000000048fab00
calls=10 0 
0 3875
0 90
cob=(2)
cfi=(51)
cfn=(3858) 0x00000000048fe220
calls=10 0 
0 3329
0 140
cob=(2)
cfi=(51)
cfn=(868)
calls=10 0 
0 190
0 80
cob=(2)
cfi=(51)
cfn=(3888) 0x00000000048fc180
calls=10 0 
0 3254
0 450
cob=(2)
cfi=(51)
cfn=(3902) 0x00000000048fa8f0
calls=10 0 
0 1801
0 10

fn=(3850) std::string::_Rep::_M_clone(std::allocator<char> const&, unsigned long)
0 100
cob=(2)
cfi=(51)
cfn=(3852) 0x00000000048fa530
calls=10 0 
0 1698
0 150

fn=(3862) std::num_get<char, std::istreambuf_iterator<char, std::char_traits<char> > >::_M_extract_float(std::istreambuf_iterator<char, std::char_traits<char> >, std::istreambuf_iterator<char, std::char_traits<char> >, std::ios_base&, std::_Ios_Iostate&, std::string&) const
0 200
cfn=(3864)
calls=10 0 
0 290
0 70
cfn=(3870)
calls=10 0 
0 330
0 490
cfn=(3880)
calls=10 0 
0 150
0 240

fn=(616) std::error_category::error_category()
0 10

fn=(644) 0x00000000000aa900
0 9
cob=(2)
cfi=(51)
cfn=(646)
calls=1 0 
0 2627
0 8

fn=(706) 0x00000000000aabc0
0 5
cob=(2)
cfi=(51)
cfn=(620)
calls=1 0 
0 77

fn=(866) std::ctype<char>::ctype(unsigned short const*, bool, unsigned long)
0 15
cob=(2)
cfi=(51)
cfn=(868)
calls=1 0 
0 3895
0 101

fn=(1022) std::__cxx11::numpunct<wchar_t>::_M_initialize_numpunct(__locale_struct*)
0 350

fn=(1226) std::ios_base::_M_init()
0 462
cob=(2)
cfi=(51)
cfn=(834)
calls=33 0 
0 891
0 99
cob=(2)
cfi=(51)
cfn=(1228) 0x00000000048fc880
calls=33 0 
0 1458
0 66
cob=(2)
cfi=(51)
cfn=(1234)
calls=33 0 
0 1070
0 231

fn=(1232) std::locale::operator=(std::locale const&)
0 660

fn=(1244) std::basic_ios<char, std::char_traits<char> >::_M_cache_locale(std::locale const&)
0 232
cob=(2)
cfi=(51)
cfn=(1246) 0x00000000048fe210
calls=29 0 
0 1089
0 116
cob=(2)
cfi=(51)
cfn=(1252) 0x00000000048fa550
calls=29 0 
0 1516
0 87
cob=(2)
cfi=(51)
cfn=(1258) 0x00000000048fd1b0
calls=29 0 
0 1396
0 116
cob=(2)
cfi=(51)
cfn=(1264) 0x00000000048fa9b0
calls=29 0 
0 1884
0 87
cob=(2)
cfi=(51)
cfn=(1270) 0x00000000048fa460
calls=29 0 
0 1396
0 116
cob=(2)
cfi=(51)
cfn=(1276) 0x00000000048fb890
calls=29 0 
0 1884
0 145

fn=(1262) bool std::has_facet<std::num_put<char, std::ostreambuf_iterator<char, std::char_traits<char> > > >(std::locale const&)
0 87

fn=(1346) std::__cxx11::basic_string<char, std::char_traits<char>, std::allocator<char> >::_Alloc_hider::_Alloc_hider(char*, std::allocator<char> const&)
0 570

fn=(1946) std::__cxx11::basic_string<char, std::char_traits<char>, std::allocator<char> >::length() const
0 729321

fn=(2016) std::__cxx11::basic_string<char, std::char_traits<char>, std::allocator<char> >::_S_copy_chars(char*, char*, char*)
0 3401493
cob=(2)
cfi=(51)
cfn=(1370)
calls=485743 0 
0 9714563
0 843

fn=(2074) std::__cxx11::basic_string<char, std::char_traits<char>, std::allocator<char> >::~basic_string()
0 2431784
cob=(2)
cfi=(51)
cfn=(1778)
calls=72 0 
0 6878
0 486256

fn=(2124) std::__basic_file<char>::__basic_file(pthread_mutex_t*)
0 28

fn=(2210)
0 36
cob=(2)
cfi=(51)
cfn=(2212) 0x00000000048fcb40
calls=3 0 
0 4099
0 21
cob=(2)
cfi=(51)
cfn=(2148) 0x00000000048fbb20
calls=3 0 
0 342
0 6
cob=(2)
cfi=(51)
cfn=(2154)
calls=3 0 
0 18
0 18
cob=(2)
cfi=(51)
cfn=(2238) 0x00000000048fdfb0
calls=3 0 
0 2014
0 45

fn=(2988) std::__cxx11::basic_string<char, std::char_traits<char>, std::allocator<char> >::operator+=(std::__cxx11::basic_string<char, std::char_traits<char>, std::allocator<char> > const&)
0 152
cob=(2)
cfi=(51)
cfn=(2834)
calls=19 0 
0 2021

fn=(3434) std::_V2::system_category()
0 6

fn=(3460) std::basic_fstream<char, std::char_traits<char> >::basic_fstream()
0 11
cob=(2)
cfi=(51)
cfn=(1210)
calls=1 0 
0 87
0 13
cob=(2)
cfi=(51)
cfn=(1216)
calls=1 0 
0 223
0 7
cob=(2)
cfi=(51)
cfn=(1216)
calls=1 0 
0 223
0 10
cob=(2)
cfi=(51)
cfn=(3462) 0x00000000048fdd80
calls=1 0 
0 1296
0 3
cob=(2)
cfi=(51)
cfn=(1216)
calls=1 0 
0 223
0 6

fn=(3632) std::ios_base::~ios_base()
0 96
cob=(2)
cfi=(51)
cfn=(3634) 0x00000000048fc3b0
calls=12 0 
0 1126
0 24
cob=(2)
cfi=(51)
cfn=(3640) 0x00000000048fa770
calls=12 0 
0 1078
0 84
cob=(2)
cfi=(51)
cfn=(1234)
calls=12 0 
0 120

fn=(3910) std::basic_ios<char, std::char_traits<char> >::eof() const
0 50

fn=(4762) std::num_put<char, std::ostreambuf_iterator<char, std::char_traits<char> > >::_M_pad(char, long, std::ios_base&, char*, char const*, int&) const
0 559
cfn=(4764)
calls=43 0 
0 3373
0 215

fn=(5028) std::ostream::operator<<(long)
0 4
cob=(2)
cfi=(51)
cfn=(4738)
calls=2 0 
0 892

fn=(5788) std::error_category::~error_category()
0 4

fn=(3856) std::string::_Rep::_S_create(unsigned long, unsigned long, std::allocator<char> const&)
0 160
cob=(2)
cfi=(51)
cfn=(2192)
calls=10 0 
0 590
0 40

fn=(3864)
0 624
cob=(2)
cfi=(51)
cfn=(908)
calls=78 0 
0 624
0 1014

fn=(632) 0x00000000000aa8d0
0 3
cob=(2)
cfi=(51)
cfn=(634) 0x00000000048fb400
calls=1 0 
0 791
0 4

fn=(638) std::future_category()
0 3

fn=(642) 0x00000000000aa8f0
0 3

fn=(966) std::ctype<wchar_t>::_M_initialize_ctype()
0 10
cob=(2)
cfi=(51)
cfn=(968) 0x00000000048fceb0
calls=1 0 
0 819
0 770
cob=(2)
cfi=(51)
cfn=(974) 0x00000000048fbf30
calls=128 0 
0 4521
0 260
cob=(2)
cfi=(51)
cfn=(980) 0x00000000048fda60
calls=1 0 
0 772
0 510
cob=(2)
cfi=(51)
cfn=(980)
calls=255 0 
0 13150
0 1086
cob=(2)
cfi=(51)
cfn=(992) 0x00000000048fbde0
calls=8 0 
0 3449
0 72
cob=(2)
cfi=(51)
cfn=(992)
calls=4 0 
0 1736
0 23
cob=(2)
cfi=(51)
cfn=(968)
calls=1 0 
0 24
0 2

fn=(1052) std::__cxx11::messages<wchar_t>::messages(unsigned long)
0 13
cob=(2)
cfi=(51)
cfn=(868)
calls=1 0 
0 19
0 2
cob=(2)
cfi=(51)
cfn=(856)
calls=1 0 
0 5
0 5

fn=(1114) std::messages<char>::messages(unsigned long)
0 13
cob=(2)
cfi=(51)
cfn=(868)
calls=1 0 
0 19
0 2
cob=(2)
cfi=(51)
cfn=(856)
calls=1 0 
0 5
0 5

fn=(1156) std::moneypunct<wchar_t, true>::_M_initialize_moneypunct(__locale_struct*, char const*)
0 109

fn=(1310) bool std::has_facet<std::num_put<wchar_t, std::ostreambuf_iterator<wchar_t, std::char_traits<wchar_t> > > >(std::locale const&)
0 12

fn=(1322) bool std::has_facet<std::num_get<wchar_t, std::istreambuf_iterator<wchar_t, std::char_traits<wchar_t> > > >(std::locale const&)
0 12

fn=(1408) std::thread::hardware_concurrency()
0 3
cob=(2)
cfi=(51)
cfn=(1410) 0x00000000048fd140
calls=1 0 
0 1178
0 5

fn=(1606) std::__detail::_Prime_rehash_policy::_M_next_bkt(unsigned long) const
0 696

fn=(2112)
0 36
cob=(2)
cfi=(51)
cfn=(2114) 0x00000000048fac20
calls=3 0 
0 5701
0 21
cob=(2)
cfi=(51)
cfn=(2148)
calls=3 0 
0 3973
0 6
cob=(2)
cfi=(51)
cfn=(2154)
calls=3 0 
0 18
0 18
cob=(2)
cfi=(51)
cfn=(2182)
calls=3 0 
0 2496
0 45

fn=(2144) std::codecvt<char, char, __mbstate_t> const& std::use_facet<std::codecvt<char, char, __mbstate_t> >(std::locale const&)
0 20
cob=(2)
cfi=(51)
cfn=(908)
calls=4 0 
0 32
0 44
cob=(2)
cfi=(51)
cfn=(2132)
calls=4 0 
0 376
0 16

fn=(2186) std::basic_filebuf<char, std::char_traits<char> >::_M_allocate_internal_buffer()
0 36
cob=(2)
cfi=(51)
cfn=(2188)
calls=4 0 
0 1509
0 16

fn=(2202) std::basic_ios<char, std::char_traits<char> >::rdbuf(std::basic_streambuf<char, std::char_traits<char> >*)
0 24
cob=(2)
cfi=(51)
cfn=(2204)
calls=4 0 
0 1087
0 12

fn=(2228) std::codecvt<wchar_t, char, __mbstate_t> const& std::use_facet<std::codecvt<wchar_t, char, __mbstate_t> >(std::locale const&)
0 15
cob=(2)
cfi=(51)
cfn=(908)
calls=3 0 
0 24
0 33
cob=(2)
cfi=(51)
cfn=(2132)
calls=3 0 
0 282
0 12

fn=(2266) std::__cxx11::basic_string<char, std::char_traits<char>, std::allocator<char> >::_M_create(unsigned long&, unsigned long)
0 993
cob=(2)
cfi=(51)
cfn=(2192)
calls=60 0 
0 6696
0 63
cob=(2)
cfi=(51)
cfn=(2192)
calls=21 0 
0 2689

fn=(2278) std::__cxx11::basic_string<char, std::char_traits<char>, std::allocator<char> >::operator=(std::__cxx11::basic_string<char, std::char_traits<char>, std::allocator<char> >&&)
0 29

fn=(2838) std::__cxx11::basic_string<char, std::char_traits<char>, std::allocator<char> >::_M_append(char const*, unsigned long)
0 1799
cob=(2)
cfi=(51)
cfn=(1370)
calls=43 0 
0 661
0 755
cob=(2)
cfi=(51)
cfn=(2840)
calls=15 0 
0 6427
0 186

fn=(2940) std::basic_streambuf<char, std::char_traits<char> >::xsputn(char const*, long)
0 9182
cfn=(2942)
calls=1 0 
0 45
0 1150
cob=(2)
cfi=(51)
cfn=(1370)
calls=286 0 
0 5014
0 574

fn=(3024) std::ostream::flush()
0 720
cob=(2)
cfi=(51)
cfn=(2926)
calls=48 0 
0 1278
0 336
cfn=(3026)
calls=48 0 
0 11576
0 769
cob=(2)
cfi=(51)
cfn=(5678)
calls=1 0 
0 2428
0 7
cfn=(3026)
calls=1 0 
0 6
0 2

fn=(3025) std::ostream::flush()'2
0 15
cob=(2)
cfi=(51)
cfn=(2927) 0x00000000048fe1f0'2
calls=1 0 
0 25
0 7
cfn=(3026)
calls=1 0 
0 6
0 16

fn=(3368) std::__cxx11::basic_string<char, std::char_traits<char>, std::allocator<char> >::__sv_wrapper::__sv_wrapper(std::basic_string_view<char, std::char_traits<char> >)
0 4

fn=(3428) std::filesystem::status(std::filesystem::__cxx11::path const&)
0 11
cob=(2)
cfi=(51)
cfn=(3430) 0x00000000048fd4b0
calls=1 0 
0 801
0 4
cob=(2)
cfi=(51)
cfn=(3436) 0x00000000048fca50
calls=1 0 
0 1887
0 10

fn=(3440) std::filesystem::status(std::filesystem::__cxx11::path const&, std::error_code&)
0 13
cob=(2)
cfi=(51)
cfn=(3442) 0x00000000048fe010
calls=1 0 
0 789
0 25
cob=(2)
cfi=(51)
cfn=(3430)
calls=1 0 
0 5
0 1

fn=(3480) std::__basic_file<char>::open(char const*, std::_Ios_Openmode, int)
0 7
cfn=(3482)
calls=1 0 
0 9
0 6
cob=(2)
cfi=(51)
cfn=(2154)
calls=1 0 
0 6
0 5
cob=(2)
cfi=(51)
cfn=(3488) 0x00000000048fdb60
calls=1 0 
0 1207
0 9

fn=(3638) std::ios_base::_M_call_callbacks(std::ios_base::event)
0 132

fn=(3986)
0 12

fn=(4828)
0 6
cob=(2)
cfi=(51)
cfn=(4830) 0x00000000048fdd00
calls=2 0 
0 1915

fn=(4834) std::ostreambuf_iterator<char, std::char_traits<char> > std::num_put<char, std::ostreambuf_iterator<char, std::char_traits<char> > >::_M_insert_int<unsigned long>(std::ostreambuf_iterator<char, std::char_traits<char> >, std::ios_base&, char, unsigned long) const
0 40
cfn=(3864)
calls=2 0 
0 58
0 54
cfn=(4752)
calls=2 0 
0 76
0 48
cfn=(2932)
calls=2 0 
0 208
0 32

fn=(5768) 0x000000000018d820
0 2

ob=(3) /usr/lib/x86_64-linux-gnu/libc.so.6
fl=(86) ./string/../sysdeps/x86_64/multiarch/strcmp.c
fn=(300) strcmp
65 2
-24 4
+1 2
-1 4
+1 4
+2 4
+5 6
+3 6
+13 2

fl=(108) ./string/../sysdeps/x86_64/multiarch/strcat.c
fn=(352) strcat
29 1
fi=(101) ./string/../sysdeps/x86_64/multiarch/ifunc-strcpy.h
+7 2
+1 1
-1 2
+1 2
+2 2
+4 3
+3 3
fe=(108)
-17 1

fl=(254) ./setjmp/../sysdeps/x86_64/bsd-_setjmp.S
fn=(2096) _setjmp
28 1
+2 1
+2 1
cfi=(255) ./setjmp/../sysdeps/x86_64/setjmp.S
cfn=(2098) __sigsetjmp
calls=1 -2 
* 31

fl=(289) ./libio/./libio/genops.c
fn=(3498) _IO_old_init
531 1
+3 1
-2 1
+2 1
+5 1
-7 1
+2 1
+10 1
-10 1
+16 1
-11 1
-5 1
+16 1
-16 1
+21 1
-16 5
+16 2
+1 2
+2 1

fn=(3602) _IO_unsave_markers
960 2
+2 1
-2 1
+2 1
+5 3
+2 2

fn=(5840) _IO_flush_all_lockp
686 12
+5 6
cfi=(290) ./nptl/./nptl/libc-cleanup.c
cfn=(3504) __libc_cleanup_push_defer
calls=1 24 
* 10
+1 9
+3 1
-8 1
+5 2
+3 2
fi=(260) ./libio/./libio/libioP.h
940 4
fe=(289)
709 6
+2 3
-16 9
+2 3
+1 6
+3 21
+14 9
+1 2
cfi=(290)
cfn=(3506) __libc_cleanup_pop_restore
calls=1 39 
* 8
+4 12

fn=(3502) _IO_link_in
87 14
+1 2
-1 6
+1 6
+18 20
-16 1
+2 3
-2 1
+2 1
+1 1
-1 3
cfi=(290)
cfn=(3504)
calls=1 -68 
* 10
+1 9
+2 1
-1 1
-1 2
+2 10
+5 1
-3 1
-2 2
+3 1
-1 1
+3 12
+1 1
+1 7
+1 2
cfi=(290)
cfn=(3506)
calls=1 -64 
* 8
+3 1

fn=(3606) _IO_setb
329 9
+1 4
+5 2
-3 1
+3 4
+3 4

fn=(3596) _IO_un_link
53 2
+1 4
+28 2
cfn=(3598) __GI__IO_un_link.part.0
calls=1 -30 
* 104

fn=(3598)
52 2
+7 1
-7 7
+6 6
cfi=(290)
cfn=(3504)
calls=1 -34 
* 10
+1 9
+2 1
-1 1
-1 2
+2 10
+13 1
-13 1
+2 1
+13 1
-15 2
+15 1
-13 2
+3 1
-1 2
+1 1
+8 2
+2 11
+2 2
-1 1
+1 7
+1 2
cfi=(290)
cfn=(3506)
calls=1 -40 
* 8
+3 9

fn=(3496) _IO_no_init
563 10
+1 1
cfn=(3498)
calls=1 -33 
* 25
+1 1
+1 2
+2 1
+4 1
+7 1
+2 1
-9 5
+15 1
+1 6

fn=(5838) _IO_cleanup
863 2
+3 1
-3 9
-77 1
+80 1
cfn=(5840)
calls=1 686 
* 126
-80 2
+80 1
-80 3
cfi=(290)
cfn=(3504)
calls=1 24 
* 10
+1 9
+3 1
-3 2
+3 2
fi=(260)
940 4
fe=(289)
838 3
-48 9
+9 9
+2 6
+41 9
+1 2
cfi=(290)
cfn=(3506)
calls=1 39 
* 8
+35 12

fn=(3612) _IO_default_finish
601 3
+2 3
+6 3
+3 3
54 2
624 2

fl=(209) ./io/../sysdeps/unix/sysv/linux/open64_nocancel.c
fn=(1418) __open_nocancel
28 2
+3 1
-3 6
+3 6
+8 7
+2 5

fl=(211) ./string/../sysdeps/x86_64/multiarch/memchr-avx2.S
fn=(1424) __memchr_avx2
60 27
+7 27
+2 27
+3 27
+1 27
+2 27
+1 27
+1 27
+1 27
+3 27
+1 27
+3 27
+1 27
+2 21
+1 21
+1 19
+1 19
+1 38
+6 6
+5 6
+1 6
+1 6
+1 6
+1 12
+78 2
+1 2
+1 2
+2 2
+10 2
+1 2
+3 2
+1 2
+77 2
+1 2
+52 2
+2 2
+2 2
+1 2
+1 2
+1 2
+1 4

fl=(301) ./stdlib/./stdlib/strtod_l.c
fn=(3900) ____strtof_l_internal
508 70
+45 10
-45 40
+53 30
+26 10
-24 20
+32 30
+1 30
cob=(2)
cfi=(51)
cfn=(1004) 0x0000000004ad0490
calls=10 0 
* 160
+1 30
-1 10
+1 20
+4 10
+10 10
-4 20
+3 40
+1 20
+3 20
-12 10
+17 20
+13 60
+1 20
+8 30
+3 30
+2 20
+11 20
+28 50
1770 110

fn=(3898) strtof_l
1782 20
+1 20
cfn=(3900)
calls=10 508 
* 950

fl=(81) ./string/../sysdeps/x86/cacheinfo.c
fn=(290) __x86_cacheinfo
86 1
fi=(82) ./string/../sysdeps/x86/cacheinfo.h
-25 1
+3 3
+2 1
+1 1
-1 2
+7 3
+2 1
+1 1
-1 2
+5 2
+2 2
+1 2
+1 2
+2 2
fe=(81)
* 2

fl=(177) ./misc/../sysdeps/unix/sysv/linux/brk.c
fn=(672) brk
35 3
+1 12
+1 6
+6 3
+1 3

fl=(188) ./wcsmbs/./wcsmbs/btowc.c
fn=(984) btowc
32 512
+5 256
-5 3072
+5 1536
+5 512
+4 384
fi=(189) ./wcsmbs/./wcsmbsload.h
+23 384
fe=(188)
-22 128
+2 128
-2 128
+2 128
+5 512
+3 256
cfi=(190) ./elf/./elf/dl-profstub.c
cfn=(988) _dl_mcount_wrapper_check
calls=128 -21 
* 768
* 384
cfi=(191) ./iconv/./iconv/gconv_simple.c
cfn=(990) __gconv_btwoc_ascii
calls=128 -8 
* 768
+41 2304
fi=(189)
-27 128
+1 128
-1 256
fe=(188)

fl=(259) ./libio/./libio/fileops.c
fn=(3500) _IO_new_file_init_internal
106 1
+5 1
-5 2
+4 1
+3 1
cfi=(289)
cfn=(3502)
calls=1 -26 
* 104
+1 1
+1 2

fn=(3508) _IO_file_fopen@@GLIBC_2.2.5
213 11
+9 2
+2 6
356 12
247 6
+33 4
cfn=(3510) _IO_file_open
calls=1 -98 
* 91
* 1
+3 2
+3 3
cfi=(292) ./string/../string/strstr.c
cfn=(3514) __GI_strstr
calls=1 77 
* 57
* 1
+1 2
-40 2
-19 1
-1 1
-13 2

fn=(3600) _IO_file_close_it@@GLIBC_2.2.5
128 4
+2 3
+4 2
+3 1
-3 1
-1 2
+6 1
+3 1
-3 1
cfi=(289)
cfn=(3602)
calls=1 960 
* 10
+3 3
fi=(260)
940 3
+2 2
+1 2
fe=(259)
142 2
cfn=(3604) _IO_file_close
calls=1 1164 
* 9
* 1
+3 3
+8 5
cfi=(289)
cfn=(3606)
calls=1 329 
* 24
+1 1
+3 1
-3 3
+3 1
cfi=(289)
cfn=(3596)
calls=1 53 
* 4
+5 1
-4 1
+1 1
+3 1
-2 1
+3 5

fn=(3604)
1164 1
+3 2
cfi=(215) ./io/../sysdeps/unix/sysv/linux/close_nocancel.c
cfn=(1432) __close_nocancel
calls=1 25 
* 6

fn=(3610) _IO_file_finish@@GLIBC_2.2.5
168 5
+1 2
+7 1
-1 2
+1 2
-1 1
cfi=(289)
cfn=(3612)
calls=1 601 
* 16

fn=(2172) _IO_file_sync@@GLIBC_2.2.5
792 30
+5 24
+2 6
+1 12
+11 12
+4 24

fn=(3510)
182 2
+3 1
-3 7
+2 2
+4 1
cfi=(291) ./io/../sysdeps/unix/sysv/linux/open64.c
cfn=(3512) open
calls=1 30 
* 34
* 1
+1 2
+3 2
+3 1
-4 1
+1 4
+3 2
+10 2
cfi=(289)
cfn=(3502)
calls=1 87 
* 24
+1 1
+1 4

fl=(109) ./string/../sysdeps/x86_64/multiarch/strncase_l.c
fn=(356) strncasecmp_l
31 1
fi=(321) ./string/../sysdeps/x86_64/multiarch/ifunc-strcasecmp.h
+1 5
fe=(109)
-1 1

fl=(179) ./csu/../csu/libc-start.c
fn=(812) __libc_start_main@@GLIBC_2.34
242 12
343 3
+1 3
cfi=(171) ./stdlib/./stdlib/cxa_atexit.c
cfn=(624) __cxa_atexit
calls=1 69 
* 75
+25 6
+6 2
-3 2
+10 2
cob=(2)
cfi=(51)
cfn=(2088) 0x0000000004ad06d0
calls=1 0 
* 968
+2 2
+8 4
cfi=(253) ./csu/../sysdeps/nptl/libc_start_call_main.h
cfn=(2094) (below main)
calls=1 29 
* 1399079477
128 2
+6 3
+1 6
cob=(2)
cfi=(51)
cfn=(814) 0x000000000010e000
calls=1 0 
* 7
* 1
+3 1
+1 2
+3 2
+1 2
-1 1
+2 39
+1 64
cob=(8)
cfi=(252) /home/corse/Documents/PgEngine/src/Engine/Files/filemanager.cpp
cfn=(2084) _GLOBAL__sub_I_filemanager.cpp
calls=1 254 
* 668
cob=(8)
cfi=(251) /home/corse/Documents/PgEngine/src/Engine/serialization.cpp
cfn=(2080) _GLOBAL__sub_I_serialization.cpp
calls=1 1070 
* 668
cob=(8)
cfi=(250) /home/corse/Documents/PgEngine/src/Engine/Memory/elementtype.cpp
cfn=(2076) _GLOBAL__sub_I_elementtype.cpp
calls=1 686 
* 668
cob=(8)
cfi=(249) /home/corse/Documents/PgEngine/src/Engine/Interpreter/lexer.cpp
cfn=(1840) _GLOBAL__sub_I_lexer.cpp
calls=1 447 
* 35977
cob=(8)
cfi=(248) /home/corse/Documents/PgEngine/src/Engine/logger.cpp
cfn=(1824) _GLOBAL__sub_I_logger.cpp
calls=1 +7 
* 822
cob=(8)
cfi=(247) /home/corse/Documents/PgEngine/exemples/PgCompiler/constant_uniformity_pass.cpp
cfn=(1820) _GLOBAL__sub_I__ZN2pg22ConstantUniformityPass7runPassERNS_5ChunkEPNS_16BytecodeRewriterE
calls=1 +38 
* 550
cob=(8)
cfi=(246) /home/corse/Documents/PgEngine/exemples/PgCompiler/long_jump_optimization_pass.cpp
cfn=(1816) _GLOBAL__sub_I__ZN2pg24LongJumpOptimizationPass7runPassERNS_5ChunkEPNS_16BytecodeRewriterE
calls=1 +12 
* 550
cob=(8)
cfi=(245) /home/corse/Documents/PgEngine/exemples/PgCompiler/bytecode_rewriter.cpp
cfn=(1812) _GLOBAL__sub_I__ZN2pg16BytecodeRewriter7addRuleERKSt6vectorINS_6OpCodeESaIS2_EES6_
calls=1 596 
* 550
cob=(8)
cfi=(244) /home/corse/Documents/PgEngine/exemples/PgCompiler/bytecode_pass.cpp
cfn=(1798) _GLOBAL__sub_I__ZN2pg11PassManagerC2Ev
calls=1 -16 
* 1725
cob=(8)
cfi=(231) /home/corse/Documents/PgEngine/exemples/PgCompiler/parser.cpp
cfn=(1544) _GLOBAL__sub_I__ZN2pg9intNumberERNS_6ParserEb
calls=1 960 
* 128408
cob=(8)
cfi=(230) /home/corse/Documents/PgEngine/exemples/PgCompiler/object.cpp
cfn=(1540) _GLOBAL__sub_I__ZN2pg7ClosureC2EPNS_11ObjFunctionE
calls=1 11 
* 550
cob=(8)
cfi=(229) /home/corse/Documents/PgEngine/exemples/PgCompiler/compiler.cpp
cfn=(1536) _GLOBAL__sub_I__ZN2pg8Compiler7currentE
calls=1 +79 
* 664
cob=(8)
cfi=(228) /home/corse/Documents/PgEngine/exemples/PgCompiler/vm.cpp
cfn=(1532) _GLOBAL__sub_I__ZN2pg2VM9interpretERKSt5queueINS_5TokenESt5dequeIS2_SaIS2_EEE
calls=1 1520 
* 664
cob=(8)
cfi=(227) /home/corse/Documents/PgEngine/exemples/PgCompiler/compiler_debug.cpp
cfn=(1528) _GLOBAL__sub_I__ZN2pg10printValueERKNS_5ValueE
calls=1 327 
* 664
cob=(8)
cfi=(226) /home/corse/Documents/PgEngine/exemples/PgCompiler/application.cpp
cfn=(1524) _GLOBAL__sub_I__Z13nativeLogInfoiPN2pg5ValueE
calls=1 +19 
* 668
cob=(8)
cfi=(180) /home/corse/Documents/PgEngine/exemples/PgCompiler/main.cpp
cfn=(824) _GLOBAL__sub_I_main
calls=1 -87 
* 116899
* 4
cob=(8)
cfi=(178) ???
cfn=(818) 0x00000000000074d0
calls=1 0 
* 12
-1 52

fl=(305) ./time/../sysdeps/unix/sysv/linux/clock_gettime.c
fn=(4114) clock_gettime@@GLIBC_2.17
30 4
+8 8
+2 8
+28 8
+1 8
-25 4
+42 4

fl=(187) ./wcsmbs/./wcsmbs/wctob.c
fn=(978) wctob
30 1664
+9 384
+6 128
-1 256
+37 1024

fl=(266) ./nptl/./nptl/pthread_mutex_lock.c
fn=(2352) pthread_mutex_lock@@GLIBC_2.2.5
77 2
+3 6
+2 2
+2 4
-7 4
+11 4
+79 2
+3 2
+2 2
+3 2
+2 2
+1 6
-81 4
+11 8
+4 2
+3 4
-71 2
+1 16
+1 2
+84 6
+1 4

fl=(213) ./stdlib/../stdlib/strtol_l.c
fn=(1428) ____strtoul_l_internal
225 6
+54 2
-54 6
+19 2
-19 6
+14 2
-14 4
+26 4
+31 8
+9 12
+2 4
+5 4
-1 2
+6 4
+4 4
+10 2
+10 4
-82 1
372 3
+1 3
+4 1
+56 4
309 2
449 2
+10 6
-10 2
+10 2
+12 4
-5 2
+5 2
+1 6
-41 4
+2 8
+2 12
+7 4
+17 4
+4 6
+3 4
+11 4
+5 6
+1 2
+12 4
+11 12
+18 18
324 2
-15 2
+15 2
+3 2
+46 1
-1 1
245 1
373 1
+4 2

fn=(4588) ____strtol_l_internal
225 12
+54 4
-54 16
+19 4
-19 12
+14 4
-14 4
+26 8
+31 16
+9 24
+2 8
+5 8
-1 4
+6 8
+4 8
+10 8
+10 16
-82 8
377 4
+56 16
309 4
449 4
+10 12
-10 4
+10 4
+12 8
-5 5
+5 5
+1 15
-41 10
+2 12
+2 15
+28 15
+3 10
+11 8
+5 12
+1 4
+5 8
324 8
491 12
-2 8
+17 20
+18 32

fl=(290)
fn=(3504)
24 4
+3 8
+3 16
+1 4
+2 4
+1 4

fn=(3506)
39 4
+3 8
+2 8
+1 8
+2 4

fl=(105) ./string/../sysdeps/x86_64/multiarch/strcasecmp.c
fn=(346) strcasecmp
31 1
fi=(321)
+1 5
fe=(105)
-1 1

fl=(191)
fn=(990)
49 128
+2 512
+3 128

fl=(172) ./malloc/./malloc/malloc.c
fn=(1806) calloc
3624 2
+10 1
-10 4
+10 8
+8 2
+3 3
+2 3
+32 3
cfn=(662) _int_malloc
calls=1 1343 
* 146
+2 5
fi=(173) ./malloc/./malloc/arena.c
162 3
fe=(172)
3681 2
+3 3
+14 2
+11 1
+5 1
-2 2
-3 1
+12 4
-20 4
+31 1
+2 2
+2 2
-79 1
+1 3
+7 1
+97 1
-25 2
+25 4
-25 1
cob=(2)
cfi=(51)
cfn=(1810) 0x0000000004ad0670
calls=1 0 
* 80

fn=(660) tcache_init.part.0
3235 3
+9 8
+1 3
cfn=(662)
calls=1 1343 
* 367
* 1
+1 2
+8 4
+7 2
+2 1
+1 2
-1 1
+1 86
+3 4

fn=(664) sysmalloc
2548 18
+20 8
+11 4
+1 6
+26 2
+1 6
+1 2
+9 12
+6 6
+3 6
2941 4
+1 2
+5 4
+3 4
+5 4
-2 2
+2 2
-1 2
+1 2
-3 2
+3 2
+1 2
-1 6
+1 2
+2 4
+6 22
2687 4
+9 8
+13 6
+8 10
+8 4
+39 4
+2 6
+6 6
+1 1
2946 1
2773 3
+2 2
2896 1
-1 1
+1 3
+1 1
+11 2
fi=(173)
565 2
fe=(172)
2727 2
cfi=(175) ./malloc/./malloc/morecore.c
cfn=(668) __glibc_morecore
calls=2 25 
* 100
+1 4
-1 2
+1 2
2028 2
2729 2
2028 2
2729 2
2028 4
2730 2
+3 4
+33 4
2610 4
2775 2
+40 3
+22 1
+1 1
-1 1
+1 6
+2 2
+1 3
cfi=(175)
cfn=(668)
calls=1 25 
* 28
+12 2
-12 1
+12 1
2028 4
2897 4
2765 2
-52 3

fn=(650) malloc
3287 1854
+7 618
1343 616
+19 1236
3306 1236
+3 616
+10 573
+28 955
1362 295
3304 885
-63 4
cfn=(660)
calls=1 -6 
* 484
+68 2
+2 900
3193 236
+1 236
+2 118
+1 118
-1 354
+1 118
+1 118
3347 590
-26 764
cfn=(662)
calls=191 1343 
* 29159
+1 955
fi=(173)
162 382
315 1
cfn=(654) ptmalloc_init.part.0
calls=1 -2 
* 1128
fe=(172)
1343 2

fn=(1792) _int_free
4421 2392
+10 299
-10 897
+10 598
+6 1495
+1 598
+4 1196
+8 1495
-1 598
+1 598
+29 296
-20 296
-6 296
+6 592
+20 1184
+14 254
+11 384
+2 288
2012 288
4527 96
+1 96
+4 288
+2 288
+4 192
+2 384
+1 96
+19 376
4702 3289
4569 62
+3 31
+3 93
+7 31
-4 31
+4 62
+3 62
+5 93
+3 62
+1 62
+1 62
2012 93
4601 62
+1 18
+2 18
-1 18
+2 72
+2 36
cfn=(3616) unlink_chunk.constprop.0
calls=18 1626 
* 438
+3 62
+5 62
+4 27
+9 27
-1 27
+1 81
+1 54
-1 4
-1 4
+1 12
+1 8
+2 31
+2 62
+5 31
+1 31
+2 93
+1 31
+30 62
+20 93
3181 172
+4 172
-4 172
+2 688
+1 172
+1 172
4482 172
4635 69
-19 4
+1 4
-1 4
cfn=(3616)
calls=4 1626 
* 107
+1 4
-30 93
-2 62

fn=(3616)
1626 30
+2 150
+3 60
+1 30
-1 90
+3 120
+3 30
+1 30
+1 114
+2 6
+1 18
+3 6
+14 3
+1 6
+3 60

fn=(662)
1343 386
3771 193
1362 193
3771 1544
1362 386
3811 8
+27 8
+66 182
+2 182
-2 182
+2 364
1362 378
3811 378
4397 378
3838 378
+63 118
+62 394
+1 33
+1 4
3838 8
1362 4
3843 8
+2 8
+8 390
-10 130
+2 662
4399 364
3903 182
4399 2366
3983 182
+1 182
-1 364
-1 364
+2 364
-1 11
+1 11
-1 22
-1 22
+2 22
-2 576
+12 192
-6 192
+73 768
-67 577
-6 1
+73 4
-67 3
4158 32
-91 32
+91 64
-91 32
-74 32
3181 32
4067 32
3181 64
4025 64
3183 64
3997 128
+1 32
+2 64
-3 20
+1 5
+2 10
+1 111
+2 37
+1 148
+2 148
-10 37
+12 74
+1 74
+2 74
+11 148
+31 14
+1 14
+4 28
+29 26
+2 16
+1 24
+1 8
-1 8
+57 8
+2 16
-2 16
+2 8
+7 8
-9 24
+9 8
-7 8
+1 8
+1 8
+6 16
-10 5
+2 10
-2 10
+2 5
+7 5
-9 15
+9 5
-7 5
+1 5
+1 5
+6 10
+2 4
+7 3
3994 7
4413 1737
4060 1
+1 1
-1 1
+1 2
+5 1
-21 1
+21 1
+1 4
+28 35
+1 15
+1 5
-1 5
+4 10
+66 36
3994 36
4183 338
+2 33
+3 11
-3 11
+3 22
+68 338
+1 169
+1 169
-1 169
+1 169
+1 338
+1 507
+5 364
+16 89
+2 178
-4 204
+8 13
+3 26
+2 5
+1 5
+1 5
-2 20
-27 5
3181 1
+2 1
+2 1
-4 1
+2 4
4071 1
3184 1
+1 1
4071 1
3963 4
4144 15
4023 64
+1 50
+5 23
-1 46
+3 23
-1 23
+1 46
+1 23
+1 46
+2 34
+4 17
+6 17
-6 119
+2 51
+1 17
2005 51
4039 6
+6 6
-6 42
+2 18
+1 6
2005 18
4269 498
+3 624
-3 462
+3 608
-3 300
+3 387
+97 161
+1 322
+2 322
+3 487
+17 6
3904 144
4299 24
+3 16
+2 8
+3 16
-3 8
+3 16
cfn=(3616)
calls=8 1626 
* 208
+3 32
+15 16
-5 8
+5 16
+1 16
+3 8
+1 8
+1 8
+3 16
+1 8
+1 16
+2 2
+3 8
+2 3
+1 1
2005 1
4347 1
2005 2
4341 56
+2 21
+1 7
2005 7
4347 7
2005 14
4272 4
+2 16
+1 8
-1 4
+1 2
-3 2
3193 3
+1 2
+2 4
+1 1
+1 1
4174 1
4380 159
-2 318
+2 159
-1 159
+6 159
-5 159
-3 159
+3 159
+2 159
-2 636
2005 159
4382 159
2005 318
4407 8
cfn=(664)
calls=2 2548 
* 401
* 2
+1 4
2005 6

fn=(1788) free
3352 299
+4 598
-4 299
+14 299
-14 598
+12 299
+4 299
-4 299
+4 598
+17 897
fi=(173)
162 897
fe=(172)
3391 598
cfn=(1792)
calls=299 4421 
* 23424
+3 299
+1 1196

fl=(317) ./stdlib/./stdlib/cxa_finalize.c
fn=(5720) __cxa_finalize
30 10
+3 10
-3 35
+3 20
+3 15
+4 148
+1 108
+2 9
+36 9
-3 9
+6 9
-37 9
+34 18
+3 27
+1 27
cob=(7)
cfi=(170)
cfn=(5790)
calls=1 -83 
* 8
cob=(7)
cfi=(170)
cfn=(5782)
calls=1 -83 
* 818
cob=(7)
cfi=(170)
cfn=(5780)
calls=1 -83 
* 2
cob=(7)
cfi=(170)
cfn=(5778)
calls=1 -83 
* 2
cob=(7)
cfi=(170)
cfn=(5776)
calls=1 -83 
* 2
cob=(7)
cfi=(170)
cfn=(5774)
calls=1 -83 
* 2
cob=(7)
cfi=(170)
cfn=(5772)
calls=1 -83 
* 2
cob=(7)
cfi=(170)
cfn=(5770)
calls=1 -83 
* 2
cob=(7)
cfi=(170)
cfn=(5768)
calls=1 -83 
* 2
+1 36
+4 18
-48 28
-4 15
+58 20
+4 30
-4 15
+11 10
+1 10
cfi=(318) ./posix/./posix/register-atfork.c
cfn=(5722) __unregister_atfork
calls=5 -30 
* 80
+1 20
+1 40

fl=(258) ./libio/./libio/iofflush.c
fn=(2170) fflush
32 6
+1 12
-1 18
+7 84
+1 6
fi=(260)
940 18
+2 12
+1 12
fe=(258)
40 12
cfi=(259)
cfn=(2172)
calls=6 792 
* 108
* 12
fi=(260)
883 12
+1 54
fe=(258)
44 30

fl=(276) ./libio/./libio/fileno.c
fn=(3050) fileno
32 47
+3 235
+7 47

fl=(286) ./io/../sysdeps/unix/sysv/linux/fstatat64.c
fn=(3448) fstatat
153 2
-55 2
+70 3
+1 1

fl=(175)
fn=(668)
25 3
+1 6
-1 3
+4 3
cfi=(176) ./misc/./misc/sbrk.c
cfn=(670) sbrk
calls=3 +8 
* 101
+1 6
+4 6

fl=(87) ./wcsmbs/../sysdeps/x86_64/multiarch/wcsnlen.c
fn=(302) wcsnlen
29 1
fi=(88) ./wcsmbs/../sysdeps/x86_64/multiarch/ifunc-wcslen.h
+5 4
-1 2
+2 3
+2 2
+4 3
+3 3
fe=(87)
-15 1

fl=(99) ./wcsmbs/../sysdeps/x86_64/multiarch/wcscmp.c
fn=(332) wcscmp
30 1
fi=(95) ./wcsmbs/../sysdeps/x86_64/multiarch/ifunc-avx2.h
+3 5
-1 2
+2 3
+2 2
+4 3
+3 4
fe=(99)
-13 1

fl=(210) ./io/../sysdeps/unix/sysv/linux/read_nocancel.c
fn=(1420) __read_nocancel
25 1
+1 4
+1 1

fl=(292)
fn=(3514)
77 8
+5 1
-5 3
+5 2
+2 4
cob=(2)
cfi=(51)
cfn=(3516) 0x0000000004ad0600
calls=1 -84 
* 23
* 1
+1 2
+44 1
+32 12

fl=(257) ./csu/./csu/errno-loc.c
fn=(2164) __errno_location
25 26
+1 52
+1 26

fl=(255)
fn=(2098)
30 1
+2 1
+9 1
+1 2
+1 1
+4 1
+1 1
+1 1
+1 1
+1 1
+2 2
+2 1
+1 1
+1 1
+2 2
+2 1
+5 1
+1 1
+17 1
cfi=(256) ./setjmp/./setjmp/sigjmp.c
cfn=(2100) __sigjmp_save
calls=1 -56 
* 9

fl=(277) ./io/../sysdeps/unix/sysv/linux/write.c
fn=(3056) write
25 45
+1 315
+1 45

fl=(294) ./io/../sysdeps/unix/sysv/linux/read.c
fn=(3552) read
25 2
+1 12
+1 2

fl=(272) ./nptl/./nptl/pthread_mutex_unlock.c
fn=(2542) pthread_mutex_unlock@@GLIBC_2.2.5
367 2
51 6
+1 4
367 2
57 4
+8 2
-3 2
-23 2
+1 4
+30 2
369 4
40 6
+1 4
+33 4
+6 8
+4 6
+3 6

fl=(190)
fn=(988)
36 128
+1 128
-1 128
+1 256
+2 128

fl=(128) ./string/../sysdeps/x86_64/multiarch/rawmemchr.c
fn=(408) rawmemchr
31 1
fi=(124) ./string/../sysdeps/x86_64/multiarch/ifunc-evex.h
+4 5
-1 2
+2 3
+5 2
-3 2
+9 3
+3 4
fe=(128)
-19 1

fl=(118) ./string/../sysdeps/x86_64/multiarch/strlen.c
fn=(380) strlen
29 3
fi=(84) ./string/../sysdeps/x86_64/multiarch/ifunc-avx2.h
+4 15
-1 6
+2 9
+2 6
+4 9
+3 12
fe=(118)
-14 3

fl=(100) ./string/../sysdeps/x86_64/multiarch/stpncpy.c
fn=(336) stpncpy
31 1
fi=(101)
+5 2
+1 1
-1 2
+1 2
+2 2
+4 3
+3 3
fe=(100)
-15 1

fl=(155) ./ctype/./ctype/ctype-info.c
fn=(512) __ctype_init
29 1
+2 7
+2 4
+2 4
+1 1

fl=(127) ./string/../sysdeps/x86_64/multiarch/strncase.c
fn=(406) strncasecmp
31 1
fi=(321)
+1 5
fe=(127)
-1 1

fl=(102) ./wcsmbs/../sysdeps/x86_64/multiarch/wmemchr.c
fn=(340) wmemchr
31 2
fi=(103) ./wcsmbs/../sysdeps/x86_64/multiarch/ifunc-evex.h
+4 10
-1 4
+2 6
+5 4
-3 4
+9 6
+3 8
fe=(102)
-19 2

fl=(184) ./locale/./locale/newlocale.c
fn=(896) newlocale
43 17
+12 2
+8 2
+3 3
+6 2
277 12
73 1
+2 1
-2 4
-17 2
+17 2

fl=(173)
fn=(654)
313 1
fi=(172)
3162 3
fe=(173)
313 5
+5 1
fi=(172)
3162 2
cfi=(174) ./stdlib/../sysdeps/unix/sysv/linux/getrandom.c
cfn=(656) getrandom
calls=1 28 
* 9
* 2
fe=(173)
343 2
+4 3
fi=(172)
1966 4
+3 1
-3 1
+3 2
-3 2
+3 126
-3 126
+3 252
-3 252
fe=(173)
352 3
fi=(172)
1977 1
+1 1
+2 1
fe=(173)
352 1
cob=(2)
cfi=(51)
cfn=(520) 0x0000000004ad0650
calls=1 0 
* 23
+1 4
cob=(2)
cfi=(51)
cfn=(520)
calls=1 0 
* 22
+1 4
cob=(2)
cfi=(51)
cfn=(520)
calls=1 0 
* 23
+1 4
cob=(2)
cfi=(51)
cfn=(520)
calls=1 0 
* 23
+1 4
cob=(2)
cfi=(51)
cfn=(520)
calls=1 0 
* 22
+1 4
cob=(2)
cfi=(51)
cfn=(520)
calls=1 0 
* 23
+1 4
cob=(2)
cfi=(51)
cfn=(520)
calls=1 0 
* 23
+2 4
cob=(2)
cfi=(51)
cfn=(520)
calls=1 0 
* 23
+1 4
cob=(2)
cfi=(51)
cfn=(520)
calls=1 0 
* 23
+1 4
cob=(2)
cfi=(51)
cfn=(520)
calls=1 0 
* 23
+3 4
cob=(2)
cfi=(51)
cfn=(520)
calls=1 0 
* 23
+1 4
cob=(2)
cfi=(51)
cfn=(520)
calls=1 0 
* 23
+1 2
+63 7

fl=(91) ./wcsmbs/../sysdeps/x86_64/multiarch/wcslen.c
fn=(310) wcslen
29 1
fi=(88)
+5 4
-1 2
+2 3
+2 2
+4 3
+3 3
fe=(91)
-15 1

fl=(106) ./string/../sysdeps/x86_64/multiarch/strcspn.c
fn=(348) strcspn
29 1
fi=(322) ./string/../sysdeps/x86_64/multiarch/ifunc-sse4_2.h
+1 5
fe=(106)
-1 1

fl=(125) ./string/../sysdeps/x86_64/multiarch/strspn.c
fn=(400) strspn
29 1
fi=(322)
+1 5
fe=(125)
-1 1

fl=(288) ./libio/./libio/iofopen.c
fn=(3492) fopen@@GLIBC_2.2.5
85 6
-20 1
+20 2
-20 1
cob=(2)
cfi=(51)
cfn=(3494) 0x0000000004ad0380
calls=1 -65 
* 45
+2 3
+3 1
+2 2
-2 1
+2 5
cfi=(289)
cfn=(3496)
calls=1 563 
* 55
+1 1
+1 1
-1 1
+1 1
cfi=(259)
cfn=(3500)
calls=1 +32 
* 113
+1 5
cfi=(259)
cfn=(3508)
calls=1 213 
* 204
* 2
-38 2
+50 7

fl=(171)
fn=(624)
69 531
-28 118
+2 354
+1 118
cfn=(626) __new_exitfn
calls=59 +38 
* 3181
+2 118
+10 59
+2 59
-5 177
+3 59
-1 59
+4 118
+1 59
-1 118
+12 354

fn=(626)
82 59
+6 118
-6 236
+11 236
-10 118
+12 118
+1 290
-1 118
-2 1
+10 1
-10 3
+13 116
+25 57
+1 114
-1 114
+7 57
+5 57
-4 57
+4 228
-5 2
+5 2
-4 2
+4 8
-33 3
+4 3
cob=(2)
cfi=(51)
cfn=(1802) 0x0000000004ad0400
calls=1 0 
* 1052
* 1
+1 2
+2 1
+1 1
+7 1
-1 1
+1 2
-1 1
+1 1

fl=(119) ./string/../sysdeps/x86_64/multiarch/strncpy.c
fn=(384) strncpy
29 1
fi=(101)
+7 2
+1 1
-1 2
+1 2
+2 2
+4 3
+3 3
fe=(119)
-17 1

fl=(85) ./string/../sysdeps/x86_64/multiarch/strpbrk.c
fn=(298) strpbrk
29 1
fi=(322)
+1 5
fe=(85)
-1 1

fl=(107) ./wcsmbs/../sysdeps/x86_64/multiarch/wcscpy.c
fn=(350) wcscpy
43 1
-6 5
+6 1

fl=(295) ./libio/./libio/iofclose.c
fn=(3594) fclose@@GLIBC_2.2.5
34 5
+14 3
fi=(260)
883 2
+1 3
fe=(295)
57 1
fi=(260)
940 3
+2 2
+1 2
fe=(295)
57 3
cfi=(259)
cfn=(3610)
calls=1 168 
* 29
+1 3
+13 2
fi=(260)
855 4
+1 4
+6 2
cob=(2)
cfi=(51)
cfn=(3614) 0x0000000004ad0370
calls=1 0 
* 91
fe=(295)
76 5
-27 1
cfi=(289)
cfn=(3596)
calls=1 +4 
* 108
+2 12
+1 1
-1 2
fi=(260)
883 2
fe=(295)
52 2
+1 2
cfi=(259)
cfn=(3600)
calls=1 +75 
* 100
fi=(260)
883 1
fe=(295)
53 1
fi=(260)
883 2
+1 4
fe=(295)

fl=(313) ./stdlib/./stdlib/exit.c
fn=(5456) __run_exit_handlers
40 11
+5 2
+3 5
+50 1
-42 1
+2 2
-2 1
+2 4
+8 174
+2 59
+3 59
-3 59
+3 372
+34 50
+1 50
+1 50
-2 50
+7 50
-3 100
+3 150
+1 150
cob=(1) /usr/lib/x86_64-linux-gnu/ld-linux-x86-64.so.2
cfi=(316) ./elf/./elf/dl-fini.c
cfn=(5710) _dl_fini
calls=1 -82 
* 2858
cob=(8)
cfi=(216) /home/corse/Documents/PgEngine/import/taskflow-3.6.0/taskflow/utility/object_pool.hpp
cfn=(5650) tf::ObjectPool<tf::Node, 65536ul>::~ObjectPool()
calls=1 222 
* 8544
cob=(8)
cfi=(232) /usr/include/c++/11/bits/unordered_map.h
cfn=(5620) std::unordered_map<pg::TokenType, pg::ParseRule, std::hash<pg::TokenType>, std::equal_to<pg::TokenType>, std::allocator<std::pair<pg::TokenType const, pg::ParseRule> > >::~unordered_map()
calls=1 -11 
* 23917
cob=(8)
cfi=(204) /usr/include/c++/11/bits/stl_vector.h
cfn=(5530) std::vector<std::shared_ptr<pg::Logger::LogSink>, std::allocator<std::shared_ptr<pg::Logger::LogSink> > >::~vector()
calls=1 678 
* 2774
cob=(8)
cfi=(232)
cfn=(5500) std::unordered_map<std::__cxx11::basic_string<char, std::char_traits<char>, std::allocator<char> >, pg::TokenType, std::hash<std::__cxx11::basic_string<char, std::char_traits<char>, std::allocator<char> > >, std::equal_to<std::__cxx11::basic_string<char, std::char_traits<char>, std::allocator<char> > >, std::allocator<std::pair<std::__cxx11::basic_string<char, std::char_traits<char>, std::allocator<char> > const, pg::TokenType> > >::~unordered_map()
calls=1 -11 
* 6889
cob=(7)
cfi=(170)
cfn=(2262)
calls=12 0 
* 5272
cob=(7)
cfi=(170)
cfn=(2074)
calls=16 0 
* 96
cob=(8)
cfi=(195) /home/corse/Documents/PgEngine/src/Engine/serialization.h
cfn=(5478) pg::UnserializedObject::~UnserializedObject()
calls=16 310 
* 2960
cob=(8)
cfi=(263) /usr/include/c++/11/bits/unique_ptr.h
cfn=(5460) std::unique_ptr<pg::Logger, std::default_delete<pg::Logger> >::~unique_ptr()
calls=1 355 
* 256
+1 200
+10 4
+1 4
-63 1
+69 4
+2 2
+1 6
cfi=(289)
cfn=(5838)
calls=1 863 
* 232
* 3
+2 2
cfi=(320) ./posix/../sysdeps/unix/sysv/linux/_exit.c
cfn=(5846) _Exit
calls=1 27 
* 5
-8 2
cob=(2)
cfi=(51)
cfn=(3614)
calls=1 0 
* 134
* 1
-82 1
cfi=(314) ./stdlib/./stdlib/cxa_thread_atexit_impl.c
cfn=(5458) __call_tls_dtors
calls=1 149 
* 12
* 1

fn=(5454) exit
142 3
+1 3
-1 1
+1 1
cfn=(5456)
calls=1 40 
* 55580

fl=(165) ./misc/./misc/init-misc.c
fn=(568) __init_misc
30 1
+1 2
-1 4
+1 3
+2 3
cob=(2)
cfi=(51)
cfn=(570) 0x0000000004ad05f0
calls=1 -33 
* 54
+4 5
+1 3
+2 4

fl=(318)
fn=(5722)
76 10
+1 5
-1 5
+1 15
fi=(319) ./posix/../malloc/dynarray-skeleton.c
243 5
fe=(318)
65 10
+38 20
+1 10

fl=(120) ./wcsmbs/../sysdeps/x86_64/multiarch/wmemcmp.c
fn=(388) wmemcmp
29 1
fi=(121) ./wcsmbs/../sysdeps/x86_64/multiarch/ifunc-memcmp.h
+5 2
+1 1
-1 2
+1 2
+1 2
+1 3
+2 2
+4 3
+3 3
fe=(120)
-17 1

fl=(164) ./csu/./csu/init-first.c
fn=(566) _init_first
46 4
+5 2
+4 5
+8 1
-2 1
+10 1
-9 1
+1 1
+9 2
-1 1
cfi=(165)
cfn=(568)
calls=1 -41 
* 79

fl=(183) ./nptl/./nptl/cleanup_compat.c
fn=(898) _pthread_cleanup_pop@@GLIBC_2.34
40 1
+3 2
+4 2
+2 1

fn=(882) _pthread_cleanup_push@@GLIBC_2.34
25 1
+3 1
+1 1
+1 2
+2 1
+1 1

fl=(154) ./elf/./elf/libc_early_init.c
fn=(510) __libc_early_init
33 7
+2 1
cfi=(155)
cfn=(512)
calls=1 -6 
* 17
+3 1
fi=(157) ./elf/../sysdeps/nptl/pthread_early_init.h
-5 2
fe=(154)
+8 1
-3 1
fi=(157)
-5 1
cfi=(156) ./resource/../sysdeps/unix/sysv/linux/getrlimit64.c
cfn=(514) getrlimit
calls=1 +5 
* 10
* 3
+1 6
+11 1
fi=(323) ./elf/../nptl/nptl-stack.h
+13 3
fi=(157)
-13 1
fi=(323)
+13 2
fi=(157)
-4 1
fi=(323)
+4 2
fi=(157)
-6 1
fi=(323)
+6 1
fi=(157)
-12 1
+6 6
+1 1
+4 1
cfi=(158) ./nptl/./nptl/pthread_mutex_conf.c
cfn=(518) __pthread_tunables_init
calls=1 -7 
* 1016
fe=(154)
-10 3
+2 2
-2 1
cfi=(161) ./nptl/../sysdeps/unix/sysv/linux/x86/elision-conf.c
cfn=(532) __lll_elision_init
calls=1 +49 
* 147

fl=(186) ./locale/./locale/uselocale.c
fn=(972) uselocale
30 2
+1 6
+2 4
+3 4
+1 2
+28 6
+1 6
+2 6
+4 6
+1 2

fl=(212) ./stdlib/../stdlib/strtol.c
fn=(1426) strtoul
105 2
+1 8
cfi=(213)
cfn=(1428)
calls=2 225 
* 218

fn=(4586) strtol
105 4
+1 16
cfi=(213)
cfn=(4588)
calls=4 225 
* 427

fl=(94) ./wcsmbs/../sysdeps/x86_64/multiarch/wcschr.c
fn=(318) wcschr
31 2
fi=(95)
+2 10
-1 4
+2 6
+2 4
+4 6
+3 8
fe=(94)
-12 2

fl=(182) ./nptl/./nptl/pthread_once.c
fn=(878) pthread_once@@GLIBC_2.34
136 24
+3 24
+1 48
+4 46
-1 1
cfn=(880) __pthread_once_slow
calls=1 -75 
* 2050

fn=(880)
68 1
fi=(185) ./nptl/../sysdeps/nptl/futex-internal.h
+78 1
+1 1
fe=(182)
-79 8
+8 1
+4 2
+52 9
-44 2
+4 2
+9 2
+13 13
cfi=(183)
cfn=(882)
calls=1 -89 
* 7
+2 1
cob=(7)
cfi=(170)
cfn=(884)
calls=1 0 
* 1982
+2 3
cfi=(183)
cfn=(898)
calls=1 -78 
* 6
fi=(185)
+91 3
fe=(182)
-85 1
fi=(185)
+85 5
fe=(182)

fl=(293) ./string/../sysdeps/x86_64/multiarch/strchr-avx2.S
fn=(3518) __strchr_avx2
51 1
+2 1
+1 1
+1 1
+1 1
+1 1
+3 1
+1 1
+4 1
+1 1
+1 1
+1 1
+1 1
+1 1
+1 1
+1 1
+3 1
+1 1
+23 1
+1 2

fl=(193) ./string/../sysdeps/x86_64/multiarch/strlen-avx2.S
fn=(1006) __strlen_avx2
50 495
+13 495
+1 495
+1 495
+3 495
+2 495
+1 495
+3 495
+1 495
+8 495
+1 495
+1 482
+5 964
+26 4
+13 4
+1 4
+1 4
+6 8
+4 9
+13 9
+1 9
+1 9
+6 18
+57 13
+15 13
+6 13
+1 13
+1 13
+2 9
+1 9
+1 9
+1 9

fl=(256)
fn=(2100)
28 3
+2 2
-1 1
+5 3

fl=(89) ./string/../sysdeps/x86_64/multiarch/memset.c
fn=(306) memset
29 3
fi=(90) ./string/../sysdeps/x86_64/multiarch/ifunc-memset.h
+21 15
+3 9
+7 6
+9 6
+2 6
+10 6
+8 6
+2 15
fe=(89)

fl=(97) ./string/../sysdeps/x86_64/multiarch/strrchr.c
fn=(324) rindex
28 1
fi=(84)
+5 5
-1 2
+2 3
+2 2
+4 3
+3 4
fe=(97)
-15 1

fl=(166) ./string/../sysdeps/x86_64/multiarch/strrchr-avx2.S
fn=(572) __strrchr_avx2
46 1
+1 1
+1 1
+2 1
+1 1
+3 1
+1 1
+1 1
+33 1
+1 1
+1 1
+1 1
+1 1
+1 1
+1 1
+1 1
+1 1
+1 1
+3 1
+1 1
+9 1
+1 1
+3 1
+1 2
+4 1
+1 1
+1 1
+1 1
+1 1
+1 1
+1 1
+1 1
+32 1
+1 1
+2 1
+1 1
+1 1
+1 1
+6 1
+1 1
+2 2
+5 1
+1 1
+1 1
+15 1
+1 1
+1 1
+1 1
+1 1
+2 1

fl=(167) ./libio/./libio/vtables.c
fn=(574) check_stdfiles_vtables
83 1
+1 4
+1 3
+1 3
+2 1

fl=(314)
fn=(5458)
149 4
+1 4
+18 4

fl=(110) ./string/../sysdeps/x86_64/multiarch/memcmp.c
fn=(358) bcmp
29 3
fi=(111) ./string/../sysdeps/x86_64/multiarch/ifunc-memcmp.h
+5 6
+1 3
-1 6
+1 6
+1 6
+1 9
+2 6
+4 9
+3 9
fe=(110)
-17 3

fl=(122) ./string/../sysdeps/x86_64/multiarch/stpcpy.c
fn=(392) stpcpy
33 1
fi=(101)
+3 2
+1 1
-1 2
+1 2
+2 2
+4 3
+3 3
fe=(122)
-13 1

fl=(96) ./string/../sysdeps/x86_64/multiarch/strchr.c
fn=(322) index
61 1
-20 2
+1 1
-1 2
-1 2
+2 2
+2 2
+4 3
+3 3
+10 1

fl=(116) ./string/../sysdeps/x86_64/multiarch/strcpy.c
fn=(374) strcpy
29 1
fi=(101)
+7 2
+1 1
-1 2
+1 2
+2 2
+4 3
+3 3
fe=(116)
-17 1

fl=(203) ./string/../sysdeps/x86_64/multiarch/memmove-vec-unaligned-erms.S
fn=(1376) __memcpy_avx_unaligned_erms
307 486317
+1 486317
+6 486317
+1 486317
+2 67
+1 67
+1 67
+3 47
+1 47
+1 47
+3 94
+30 486250
+1 486250
+2 486203
+1 486203
+2 486053
+4 486053
+1 485894
+1 485894
+1 485894
+1 485894
+1 485767
+1 485767
+2 485767
+2 485767
-2 127
+2 127
+6 159
+1 159
+1 159
+1 159
+1 159
+7 47
+1 47
+1 47
+1 47
+2 47
+17 150
+1 150
+1 150
+1 150
+1 150
+7 18
+1 18
+1 18
+1 18
+1 18
+1 18
+1 36
+5 20
+1 20
+5 20
+1 20
+2 20
+1 20
+1 20
+2 2
+1 2
+1 2
+1 2
+1 2
+1 2
+1 2
+1 2
+1 2
+1 2
+1 2
+1 2
+1 2
+1 2
+1 4

fl=(123) ./string/../sysdeps/x86_64/multiarch/memchr.c
fn=(396) memchr
29 2
fi=(124)
+6 10
-1 4
+2 6
+5 4
-3 4
+9 6
+3 8
fe=(123)
-21 2

fl=(192) ./wctype/./wctype/wctype_l.c
fn=(1002) wctype_l
26 70
+7 10
-7 30
+3 10
cob=(2)
cfi=(51)
cfn=(1004)
calls=10 -29 
* 160
+3 10
-3 10
+3 10
+1 10
+7 48
+1 96
-8 48
+2 96
cob=(2)
cfi=(51)
cfn=(1004)
calls=48 -35 
* 768
* 20
cob=(2)
cfi=(51)
cfn=(1004)
calls=10 -35 
* 160
* 58
+2 312
cob=(2)
cfi=(51)
cfn=(1008) 0x0000000004ad0520
calls=49 -37 
* 1146
* 98
+8 10
+1 10
+1 80

fl=(241) ./string/../sysdeps/x86_64/multiarch/memset-vec-unaligned-erms.S
fn=(1708) __memset_avx2_unaligned_erms
181 63
+1 189
+5 63
+1 63
+1 15
+1 15
+14 8
+1 8
+2 16
+52 15
+1 15
+23 15
+1 15
+5 15
+3 15
+1 15
+3 7
+1 7
+13 7
+1 7
+2 7
+3 4
+3 4
+3 4
+1 4
+1 4
+1 4
+1 4
+1 4
+1 4
-6 17
+1 17
+1 17
+1 17
+1 17
+1 17
+1 21
+3 4
+1 4
+1 4
+1 4
+3 8
-6 3
+1 3
+1 3
+1 3
+3 6
+28 48
+1 48
+2 48
+1 48
+1 48
+1 48
+1 48
+1 48
+1 48
+42 48
+1 48
+1 96

fl=(161)
fn=(532)
96 2
+5 1
-5 1
+5 1
-5 3
+5 3
cob=(2)
cfi=(51)
cfn=(520)
calls=1 0 
* 22
+2 4
cob=(2)
cfi=(51)
cfn=(520)
calls=1 0 
* 22
+2 4
cob=(2)
cfi=(51)
cfn=(520)
calls=1 0 
* 22
+2 4
cob=(2)
cfi=(51)
cfn=(520)
calls=1 0 
* 22
+2 4
cob=(2)
cfi=(51)
cfn=(520)
calls=1 0 
* 22
+4 3
+1 1
+1 6

fl=(285) ./io/../sysdeps/unix/sysv/linux/stat64.c
fn=(3446) stat
28 2
+1 4
cfi=(286)
cfn=(3448)
calls=1 153 
* 8

fl=(158)
fn=(518)
50 2
+1 2
-1 4
+1 3
cob=(2)
cfi=(51)
cfn=(520)
calls=1 -51 
* 972
+2 4
cob=(2)
cfi=(51)
cfn=(520)
calls=1 -53 
* 23
+2 6

fl=(176)
fn=(670)
37 6
+6 3
-6 3
+3 3
-3 6
+3 3
+3 3
+20 1
+15 15
-20 6
+1 2
cfi=(177)
cfn=(672)
calls=1 -24 
* 9
* 2
+4 1
-1 6
+4 8
+8 2
cfi=(177)
cfn=(672)
calls=2 -39 
* 18
* 4

fl=(98) ./string/../sysdeps/x86_64/multiarch/memmove.c
fn=(328) memmove
29 3
fi=(93) ./string/../sysdeps/x86_64/multiarch/ifunc-memmove.h
+24 9
-1 6
+4 9
+14 6
+2 6
+8 6
+8 6
+2 15
fe=(98)

fl=(215)
fn=(1432)
25 2
+1 8
+1 2

fl=(253)
fn=(2094)
29 4
+15 1
-15 5
+15 1
cfi=(254)
cfn=(2096)
calls=1 -16 
* 34
* 1
+2 2
+5 2
+1 2
+3 2
+3 6
cob=(8)
cfi=(180)
cfn=(2102) main
calls=1 -27 
* 1399023827
* 1
+16 1
cfi=(313)
cfn=(5454)
calls=1 +68 
* 55588

fl=(83) ./string/../sysdeps/x86_64/multiarch/strnlen.c
fn=(294) strnlen
31 2
fi=(84)
+2 10
-1 4
+2 6
+2 4
+4 6
+3 8
fe=(83)
-12 2

fl=(112) ./wcsmbs/../sysdeps/x86_64/multiarch/wmemset.c
fn=(362) wmemset
31 2
fi=(113) ./wcsmbs/../sysdeps/x86_64/multiarch/ifunc-wmemset.h
+2 10
+1 6
+2 4
+8 6
+3 8
fe=(112)
-16 2

fl=(117) ./string/../sysdeps/x86_64/multiarch/strcasecmp_l.c
fn=(378) strcasecmp_l
31 1
fi=(321)
+1 5
fe=(117)
-1 1

fl=(291)
fn=(3512)
30 2
+3 1
-3 8
+3 6
+8 10
+2 7

fl=(194) ./string/../sysdeps/x86_64/multiarch/memcmp-avx2-movbe.S
fn=(1010) __memcmp_avx2_movbe
71 242849
+7 242849
+1 242849
+3 1
+1 1
+1 1
+4 1
+1 1
+2 1
+1 1
+3 1
+1 1
+1 1
+3 1
+1 1
+3 1
+1 1
+3 1
+1 1
+1 1
+1 1
+1 1
+1 1
+1 1
+1 1
+1 1
+1 1
+3 1
+1 1
+6 1
+1 1
+1 1
+1 1
+4 1
+1 1
+2 1
+1 1
+1 1
+1 1
+3 1
+1 1
+1 1
+1 1
+1 1
+1 1
+2 2
+4 39
+10 39
+1 39
+1 39
+3 78
399 242848
+1 242848
+5 242844
+1 242844
+1 242844
+1 242844
+1 242844
+3 242844
+1 242844
+1 242844
+1 242844
+3 242844
+1 242844
+1 242805
+1 485610
+32 4
+1 4
+1 4
+1 4
+2 4

fl=(320)
fn=(5846)
27 2
+3 1
+1 2

fl=(92) ./string/../sysdeps/x86_64/multiarch/memcpy.c
fn=(314) memcpy@@GLIBC_2.14
29 2
fi=(93)
+24 6
-1 4
+4 6
+14 4
+2 4
+8 4
+8 4
+2 10
fe=(92)

fl=(104) ./string/../sysdeps/x86_64/multiarch/strncmp.c
fn=(344) strncmp
66 1
-25 4
+1 3
+2 2
+5 3
+3 3
+14 1

fl=(114) ./string/../sysdeps/x86_64/multiarch/memrchr.c
fn=(366) memrchr
29 1
fi=(84)
+4 5
-1 2
+2 3
+2 2
+4 3
+3 4
fe=(114)
-14 1

fl=(126) ./string/../sysdeps/x86_64/multiarch/mempcpy.c
fn=(402) mempcpy
33 1
fi=(93)
+20 3
-1 2
+4 3
+14 2
+2 2
+8 2
+8 2
+2 5
fe=(126)

fl=(208) ./misc/../sysdeps/unix/sysv/linux/getsysstats.c
fn=(1414) get_nprocs
241 2
+2 1
cfn=(1416) get_nprocs_cpu_online
calls=1 140 
* 374
+1 2
+5 2

fn=(1416)
140 1
+9 2
-9 10
+9 1
cfi=(209)
cfn=(1418)
calls=1 28 
* 27
+3 2
+39 12
73 6
cfi=(210)
cfn=(1420)
calls=1 -48 
* 6
* 1
+1 2
+5 2
-2 1
+2 1
cob=(2)
cfi=(51)
cfn=(1422) 0x0000000004ad0420
calls=1 -79 
* 22
+1 2
fi=(214) ./misc/../sysdeps/unix/sysv/linux/not-cancel.h
-21 2
cfi=(215)
cfn=(1432)
calls=1 -34 
* 6
+1 1
fe=(208)
+46 2
+45 3
+28 3
+3 5
+3 2
-26 4
cfi=(212)
cfn=(1426)
calls=1 -54 
* 110
+1 1
-1 1
+1 2
+7 2
+2 1
+1 4
cfi=(212)
cfn=(1426)
calls=1 -65 
* 118
+1 3
+7 3
-75 1
+1 2

fl=(115) ./string/../sysdeps/x86_64/multiarch/strchrnul.c
fn=(370) strchrnul
31 1
fi=(84)
+2 5
-1 2
+2 3
+2 2
+4 3
+3 4
fe=(115)
-12 1

fl=(156)
fn=(514)
38 2
+1 7
+1 1

fl=(174)
fn=(656)
28 1
+1 7
+1 1

ob=(4) /usr/lib/x86_64-linux-gnu/libm.so.6
fl=(144) ./math/../sysdeps/x86_64/fpu/multiarch/s_fma.c
fn=(462) fma
49 6

fl=(131) ./math/../sysdeps/x86_64/fpu/multiarch/e_exp.c
fn=(418) __exp_finite@GLIBC_2.15
27 1
fi=(132) ./math/../sysdeps/x86_64/fpu/multiarch/ifunc-avx-fma4.h
+5 5
+1 2
fe=(131)
-6 1

fl=(146) ./math/../sysdeps/x86_64/fpu/multiarch/e_atan2.c
fn=(472) __atan2_finite@GLIBC_2.15
26 1
fi=(132)
+6 5
+1 2
fe=(146)
-7 1

fl=(140) ./math/../sysdeps/x86_64/fpu/multiarch/e_log2f.c
fn=(446) log2f@@GLIBC_2.27
27 1
fi=(130) ./math/../sysdeps/x86_64/fpu/multiarch/ifunc-fma.h
+2 4
+1 3
fe=(140)
-3 1

fl=(143) ./math/../sysdeps/x86_64/fpu/multiarch/s_sinf.c
fn=(458) sinf
26 1
fi=(130)
+3 4
+1 3
fe=(143)
-4 1

fl=(129) ./math/../sysdeps/x86_64/fpu/multiarch/s_cosf.c
fn=(414) cosf
26 1
fi=(130)
+3 4
+1 3
fe=(129)
-4 1

fl=(138) ./math/../sysdeps/x86_64/fpu/multiarch/e_pow.c
fn=(442) __pow_finite@GLIBC_2.15
27 1
fi=(139) ./math/../sysdeps/x86_64/fpu/multiarch/ifunc-fma4.h
+4 4
+1 2
fe=(138)
-5 1

fl=(136) ./math/../sysdeps/x86_64/fpu/multiarch/s_sincosf.c
fn=(434) sincosf
26 1
fi=(130)
+3 4
+1 3
fe=(136)
-4 1

fl=(142) ./math/../sysdeps/x86_64/fpu/multiarch/e_asin.c
fn=(464) __asin_finite@GLIBC_2.15
27 1
fi=(139)
+4 4
+1 2
fe=(142)
-5 1

fn=(454) __acos_finite@GLIBC_2.15
35 1
fi=(139)
-4 4
+1 2
+3 1
fe=(142)

fl=(168) ???
fn=(5830) 0x000000000000e3b0
0 5

fn=(580) 0x000000000000e460
0 12

fn=(5820) 0x000000000000e420
0 9
cob=(2)
cfi=(51)
cfn=(5826) 0x0000000004cdf1e0
calls=1 0 
0 121
0 1
cfn=(5830)
calls=1 0 
0 5
0 3

fl=(135) ./math/../sysdeps/x86_64/fpu/multiarch/e_logf.c
fn=(430) logf@@GLIBC_2.27
27 1
fi=(130)
+2 4
+1 3
fe=(135)
-3 1

fl=(145) ./math/../sysdeps/x86_64/fpu/multiarch/e_exp2f.c
fn=(468) exp2f@@GLIBC_2.27
27 1
fi=(130)
+2 4
+1 3
fe=(145)
-3 1

fl=(137) ./math/../sysdeps/x86_64/fpu/multiarch/e_powf.c
fn=(438) powf@@GLIBC_2.27
30 1
fi=(130)
-1 4
+1 4
fe=(137)

fl=(141) ./math/../sysdeps/x86_64/fpu/multiarch/e_log.c
fn=(450) __log_finite@GLIBC_2.15
27 1
fi=(132)
+5 5
+1 2
fe=(141)
-6 1

fl=(134) ./math/../sysdeps/x86_64/fpu/multiarch/s_sin.c
fn=(426) cos
34 1
fi=(132)
-2 5
+1 2
fe=(134)
+1 1

fn=(476) sin
27 1
fi=(132)
+5 5
+1 2
fe=(134)
-6 1

fl=(133) ./math/../sysdeps/x86_64/fpu/multiarch/e_expf.c
fn=(422) expf@@GLIBC_2.27
27 1
fi=(130)
+2 4
+1 3
fe=(133)
-3 1

ob=(6) /usr/lib/x86_64-linux-gnu/libgcc_s.so.1
fl=(169) ???
fn=(5812) 0x0000000000004550
0 5

fn=(590) __cpu_indicator_init
0 364

fn=(5802) 0x00000000000045c0
0 9
cob=(2)
cfi=(51)
cfn=(5808) 0x0000000004a8b340
calls=1 0 
0 121
0 1
cfn=(5812)
calls=1 0 
0 5
0 3

fn=(592) 0x0000000000004600
0 12

ob=(5) /usr/libexec/valgrind/vgpreload_core-amd64-linux.so
fl=(163) ???
fn=(560) 0x00000000000012f0
0 5

fn=(552) 0x0000000000001170
0 12

fn=(5740) 0x00000000000010e0
0 11
cob=(2)
cfi=(51)
cfn=(5746) 0x000000000483f040
calls=1 0 
0 121
0 10
cfn=(5752) 0x0000000000001070
calls=1 0 
0 5
0 5

fn=(5752)
0 5

ob=(8)
fl=(300)
fn=(4788) std::ios_base::setf(std::_Ios_Fmtflags, std::_Ios_Fmtflags)
693 147
+2 63
+1 63
cfn=(3822) std::operator~(std::_Ios_Fmtflags)
calls=21 96 
* 168
* 126
cfn=(3824) std::operator&=(std::_Ios_Fmtflags&, std::_Ios_Fmtflags)
calls=21 104 
* 546
+1 105
cfn=(3826) std::operator&(std::_Ios_Fmtflags, std::_Ios_Fmtflags)
calls=21 84 
* 189
* 126
cfn=(4790) std::operator|=(std::_Ios_Fmtflags&, std::_Ios_Fmtflags)
calls=21 100 
* 546
+1 21
+1 42

fn=(3822)
96 248

fn=(3820) std::ios_base::unsetf(std::_Ios_Fmtflags)
708 60
+1 30
cfn=(3822)
calls=10 96 
* 80
* 60
cfn=(3824)
calls=10 104 
* 260
* 30

fn=(3826)
84 468

fn=(4792) std::operator|(std::_Ios_Fmtflags, std::_Ios_Fmtflags)
88 189

fn=(3818)
981 50
+1 40
cfn=(3820)
calls=10 708 
* 520
+1 10
+1 20

fn=(3824)
104 372
cfn=(3826)
calls=31 -20 
* 279
* 155

fn=(4786)
1030 105
+1 105
cfn=(4788)
calls=21 693 
* 2142
+1 21
+1 42

fn=(4790)
100 252
cfn=(4792)
calls=21 -12 
* 189
* 105

fl=(219) /usr/include/c++/11/bits/alloc_traits.h
fn=(2410) void std::allocator_traits<std::allocator<pg::TerminalSink> >::construct<pg::TerminalSink>(std::allocator<pg::TerminalSink>&, pg::TerminalSink*)
511 6
+5 5
cfi=(206) /usr/include/c++/11/ext/new_allocator.h
cfn=(2412) void __gnu_cxx::new_allocator<pg::TerminalSink>::construct<pg::TerminalSink>(pg::TerminalSink*)
calls=1 160 
* 198
+4 3

fn=(2480) std::allocator_traits<std::allocator<std::shared_ptr<pg::Logger::LogSink> > >::max_size(std::allocator<std::shared_ptr<pg::Logger::LogSink> > const&)
547 10
+3 6
cfi=(206)
cfn=(2482) __gnu_cxx::new_allocator<std::shared_ptr<pg::Logger::LogSink> >::max_size() const
calls=2 154 
* 34
+4 4

fn=(3120) void std::allocator_traits<std::allocator<std::__detail::_Hash_node<std::pair<void* const, int>, false> > >::construct<std::pair<void* const, int>, std::piecewise_construct_t const&, std::tuple<void* const&>, std::tuple<> >(std::allocator<std::__detail::_Hash_node<std::pair<void* const, int>, false> >&, std::pair<void* const, int>*, std::piecewise_construct_t const&, std::tuple<void* const&>&&, std::tuple<>&&)
511 44
+5 12
cfi=(222) /usr/include/c++/11/bits/move.h
cfn=(2580) std::tuple<>&& std::forward<std::tuple<> >(std::remove_reference<std::tuple<> >::type&)
calls=4 77 
* 28
* 16
cfi=(222)
cfn=(3096) std::tuple<void* const&>&& std::forward<std::tuple<void* const&> >(std::remove_reference<std::tuple<void* const&> >::type&)
calls=4 77 
* 28
* 16
cfi=(222)
cfn=(2584) std::piecewise_construct_t const& std::forward<std::piecewise_construct_t const&>(std::remove_reference<std::piecewise_construct_t const&>::type&)
calls=4 77 
* 28
* 28
cfi=(206)
cfn=(3122) void __gnu_cxx::new_allocator<std::__detail::_Hash_node<std::pair<void* const, int>, false> >::construct<std::pair<void* const, int>, std::piecewise_construct_t const&, std::tuple<void* const&>, std::tuple<> >(std::pair<void* const, int>*, std::piecewise_construct_t const&, std::tuple<void* const&>&&, std::tuple<>&&)
calls=4 160 
* 732
+4 24

fn=(3948) std::allocator_traits<std::allocator<pg::Token> >::max_size(std::allocator<pg::Token> const&)
547 35
+3 21
cfi=(206)
cfn=(3950) __gnu_cxx::new_allocator<pg::Token>::max_size() const
calls=7 154 
* 119
+4 14

fn=(4298) void std::allocator_traits<std::allocator<pg::Token> >::destroy<pg::Token>(std::allocator<pg::Token>&, pg::Token*)
531 318
+4 265
cfi=(206)
cfn=(4300) void __gnu_cxx::new_allocator<pg::Token>::destroy<pg::Token>(pg::Token*)
calls=53 166 
* 1696
+4 159

fn=(4530) void std::allocator_traits<std::allocator<int> >::construct<int, int const&>(std::allocator<int>&, int*, int const&)
511 441
+5 189
cfi=(222)
cfn=(4528) int const& std::forward<int const&>(std::remove_reference<int const&>::type&)
calls=63 77 
* 441
* 378
cfi=(206)
cfn=(4532) void __gnu_cxx::new_allocator<int>::construct<int, int const&>(int*, int const&)
calls=63 160 
* 2268
+4 189

fn=(5214) std::allocator_traits<std::allocator<std::__detail::_Hash_node<std::pair<void* const, int>, false> > >::deallocate(std::allocator<std::__detail::_Hash_node<std::pair<void* const, int>, false> >&, std::__detail::_Hash_node<std::pair<void* const, int>, false>*, unsigned long)
495 28
+1 24
cfi=(206)
cfn=(5216) __gnu_cxx::new_allocator<std::__detail::_Hash_node<std::pair<void* const, int>, false> >::deallocate(std::__detail::_Hash_node<std::pair<void* const, int>, false>*, unsigned long)
calls=4 132 
* 472
* 12

fn=(5510) void std::allocator_traits<std::allocator<std::__detail::_Hash_node<std::pair<std::__cxx11::basic_string<char, std::char_traits<char>, std::allocator<char> > const, pg::TokenType>, true> > >::destroy<std::pair<std::__cxx11::basic_string<char, std::char_traits<char>, std::allocator<char> > const, pg::TokenType> >(std::allocator<std::__detail::_Hash_node<std::pair<std::__cxx11::basic_string<char, std::char_traits<char>, std::allocator<char> > const, pg::TokenType>, true> >&, std::pair<std::__cxx11::basic_string<char, std::char_traits<char>, std::allocator<char> > const, pg::TokenType>*)
531 108
+4 90
cfi=(206)
cfn=(5512) void __gnu_cxx::new_allocator<std::__detail::_Hash_node<std::pair<std::__cxx11::basic_string<char, std::char_traits<char>, std::allocator<char> > const, pg::TokenType>, true> >::destroy<std::pair<std::__cxx11::basic_string<char, std::char_traits<char>, std::allocator<char> > const, pg::TokenType> >(std::pair<std::__cxx11::basic_string<char, std::char_traits<char>, std::allocator<char> > const, pg::TokenType>*)
calls=18 166 
* 558
+4 54

fn=(5642) std::allocator_traits<std::allocator<std::__detail::_Hash_node<std::pair<pg::TokenType const, pg::ParseRule>, false> > >::deallocate(std::allocator<std::__detail::_Hash_node<std::pair<pg::TokenType const, pg::ParseRule>, false> >&, std::__detail::_Hash_node<std::pair<pg::TokenType const, pg::ParseRule>, false>*, unsigned long)
495 490
+1 420
cfi=(206)
cfn=(5644) __gnu_cxx::new_allocator<std::__detail::_Hash_node<std::pair<pg::TokenType const, pg::ParseRule>, false> >::deallocate(std::__detail::_Hash_node<std::pair<pg::TokenType const, pg::ParseRule>, false>*, unsigned long)
calls=70 132 
* 9707
* 210

fn=(2504) void std::allocator_traits<std::allocator<std::shared_ptr<pg::Logger::LogSink> > >::construct<std::shared_ptr<pg::Logger::LogSink>, std::shared_ptr<pg::Logger::LogSink> const&>(std::allocator<std::shared_ptr<pg::Logger::LogSink> >&, std::shared_ptr<pg::Logger::LogSink>*, std::shared_ptr<pg::Logger::LogSink> const&)
511 7
+5 3
cfi=(222)
cfn=(2502) std::shared_ptr<pg::Logger::LogSink> const& std::forward<std::shared_ptr<pg::Logger::LogSink> const&>(std::remove_reference<std::shared_ptr<pg::Logger::LogSink> const&>::type&)
calls=1 77 
* 7
* 6
cfi=(206)
cfn=(2506) void __gnu_cxx::new_allocator<std::shared_ptr<pg::Logger::LogSink> >::construct<std::shared_ptr<pg::Logger::LogSink>, std::shared_ptr<pg::Logger::LogSink> const&>(std::shared_ptr<pg::Logger::LogSink>*, std::shared_ptr<pg::Logger::LogSink> const&)
calls=1 160 
* 121
+4 3

fn=(4468) void std::allocator_traits<std::allocator<unsigned char> >::construct<unsigned char, unsigned char>(std::allocator<unsigned char>&, unsigned char*, unsigned char&&)
511 252
+5 108
cfi=(222)
cfn=(4432) unsigned char&& std::forward<unsigned char>(std::remove_reference<unsigned char>::type&)
calls=36 77 
* 252
* 216
cfi=(206)
cfn=(4470) void __gnu_cxx::new_allocator<unsigned char>::construct<unsigned char, unsigned char>(unsigned char*, unsigned char&&)
calls=36 160 
* 1296
+4 108

fn=(4558) void std::allocator_traits<std::allocator<unsigned char> >::construct<unsigned char, unsigned char const&>(std::allocator<unsigned char>&, unsigned char*, unsigned char const&)
511 189
+5 81
cfi=(222)
cfn=(4556) unsigned char const& std::forward<unsigned char const&>(std::remove_reference<unsigned char const&>::type&)
calls=27 77 
* 189
* 162
cfi=(206)
cfn=(4560) void __gnu_cxx::new_allocator<unsigned char>::construct<unsigned char, unsigned char const&>(unsigned char*, unsigned char const&)
calls=27 160 
* 972
+4 81

fn=(5226) void std::_Destroy<pg::ObjUpvalue**, pg::ObjUpvalue*>(pg::ObjUpvalue**, pg::ObjUpvalue**, std::allocator<pg::ObjUpvalue*>&)
845 14
+3 10
cfi=(223) /usr/include/c++/11/bits/stl_construct.h
cfn=(5228) void std::_Destroy<pg::ObjUpvalue**>(pg::ObjUpvalue**, pg::ObjUpvalue**)
calls=2 182 
* 44
+1 6

fn=(5360) void std::_Destroy<pg::RewriteRule*, pg::RewriteRule>(pg::RewriteRule*, pg::RewriteRule*, std::allocator<pg::RewriteRule>&)
845 7
+3 5
cfi=(223)
cfn=(5362) void std::_Destroy<pg::RewriteRule*>(pg::RewriteRule*, pg::RewriteRule*)
calls=1 182 
* 28
+1 3

fn=(4704) std::allocator_traits<std::allocator<pg::Value> >::deallocate(std::allocator<pg::Value>&, pg::Value*, unsigned long)
495 56
+1 48
cfi=(206)
cfn=(4706) __gnu_cxx::new_allocator<pg::Value>::deallocate(pg::Value*, unsigned long)
calls=8 132 
* 920
* 24

fn=(1482) std::allocator_traits<std::allocator<tf::ObjectPool<tf::Node, 65536ul>::LocalHeap> >::allocate(std::allocator<tf::ObjectPool<tf::Node, 65536ul>::LocalHeap>&, unsigned long)
463 6
+1 6
cfi=(206)
cfn=(1484) __gnu_cxx::new_allocator<tf::ObjectPool<tf::Node, 65536ul>::LocalHeap>::allocate(unsigned long, void const*)
calls=1 103 
* 235
* 2

fn=(1974) std::allocator_traits<std::allocator<std::__detail::_Hash_node<std::pair<std::__cxx11::basic_string<char, std::char_traits<char>, std::allocator<char> > const, pg::TokenType>, true> > >::allocate(std::allocator<std::__detail::_Hash_node<std::pair<std::__cxx11::basic_string<char, std::char_traits<char>, std::allocator<char> > const, pg::TokenType>, true> >&, unsigned long)
463 108
+1 108
cfi=(206)
cfn=(1976) __gnu_cxx::new_allocator<std::__detail::_Hash_node<std::pair<std::__cxx11::basic_string<char, std::char_traits<char>, std::allocator<char> > const, pg::TokenType>, true> >::allocate(unsigned long, void const*)
calls=18 103 
* 4266
* 36

fn=(4524) std::allocator_traits<std::allocator<int> >::allocate(std::allocator<int>&, unsigned long)
463 78
+1 78
cfi=(206)
cfn=(4526) __gnu_cxx::new_allocator<int>::allocate(unsigned long, void const*)
calls=13 103 
* 1736
* 26

fn=(4880) void std::allocator_traits<std::allocator<pg::ObjFunction*> >::construct<pg::ObjFunction*, pg::ObjFunction* const&>(std::allocator<pg::ObjFunction*>&, pg::ObjFunction**, pg::ObjFunction* const&)
511 14
+5 6
cfi=(222)
cfn=(4878) pg::ObjFunction* const& std::forward<pg::ObjFunction* const&>(std::remove_reference<pg::ObjFunction* const&>::type&)
calls=2 77 
* 14
* 12
cfi=(206)
cfn=(4882) void __gnu_cxx::new_allocator<pg::ObjFunction*>::construct<pg::ObjFunction*, pg::ObjFunction* const&>(pg::ObjFunction**, pg::ObjFunction* const&)
calls=2 160 
* 72
+4 6

fn=(4912) std::allocator_traits<std::allocator<pg::Local> >::deallocate(std::allocator<pg::Local>&, pg::Local*, unsigned long)
495 7
+1 6
cfi=(206)
cfn=(4914) __gnu_cxx::new_allocator<pg::Local>::deallocate(pg::Local*, unsigned long)
calls=1 132 
* 115
* 3

fn=(5202) void std::allocator_traits<std::allocator<std::__detail::_Hash_node<std::pair<void* const, int>, false> > >::destroy<std::pair<void* const, int> >(std::allocator<std::__detail::_Hash_node<std::pair<void* const, int>, false> >&, std::pair<void* const, int>*)
531 24
+4 20
cfi=(206)
cfn=(5204) void __gnu_cxx::new_allocator<std::__detail::_Hash_node<std::pair<void* const, int>, false> >::destroy<std::pair<void* const, int> >(std::pair<void* const, int>*)
calls=4 166 
* 32
+4 12

fn=(5548) void std::allocator_traits<std::allocator<pg::TerminalSink> >::destroy<pg::TerminalSink>(std::allocator<pg::TerminalSink>&, pg::TerminalSink*)
531 6
+4 5
cfi=(206)
cfn=(5550) void __gnu_cxx::new_allocator<pg::TerminalSink>::destroy<pg::TerminalSink>(pg::TerminalSink*)
calls=1 166 
* 1918
+4 3

fn=(1990) void std::allocator_traits<std::allocator<std::__detail::_Hash_node<std::pair<std::__cxx11::basic_string<char, std::char_traits<char>, std::allocator<char> > const, pg::TokenType>, true> > >::construct<std::pair<std::__cxx11::basic_string<char, std::char_traits<char>, std::allocator<char> > const, pg::TokenType>, std::pair<std::__cxx11::basic_string<char, std::char_traits<char>, std::allocator<char> > const, pg::TokenType> const&>(std::allocator<std::__detail::_Hash_node<std::pair<std::__cxx11::basic_string<char, std::char_traits<char>, std::allocator<char> > const, pg::TokenType>, true> >&, std::pair<std::__cxx11::basic_string<char, std::char_traits<char>, std::allocator<char> > const, pg::TokenType>*, std::pair<std::__cxx11::basic_string<char, std::char_traits<char>, std::allocator<char> > const, pg::TokenType> const&)
511 126
+5 54
cfi=(222)
cfn=(1930) std::pair<std::__cxx11::basic_string<char, std::char_traits<char>, std::allocator<char> > const, pg::TokenType> const& std::forward<std::pair<std::__cxx11::basic_string<char, std::char_traits<char>, std::allocator<char> > const, pg::TokenType> const&>(std::remove_reference<std::pair<std::__cxx11::basic_string<char, std::char_traits<char>, std::allocator<char> > const, pg::TokenType> const&>::type&)
calls=18 77 
* 126
* 108
cfi=(206)
cfn=(1992) void __gnu_cxx::new_allocator<std::__detail::_Hash_node<std::pair<std::__cxx11::basic_string<char, std::char_traits<char>, std::allocator<char> > const, pg::TokenType>, true> >::construct<std::pair<std::__cxx11::basic_string<char, std::char_traits<char>, std::allocator<char> > const, pg::TokenType>, std::pair<std::__cxx11::basic_string<char, std::char_traits<char>, std::allocator<char> > const, pg::TokenType> const&>(std::pair<std::__cxx11::basic_string<char, std::char_traits<char>, std::allocator<char> > const, pg::TokenType>*, std::pair<std::__cxx11::basic_string<char, std::char_traits<char>, std::allocator<char> > const, pg::TokenType> const&)
calls=18 160 
* 5079
+4 54

fn=(3326) std::allocator_traits<std::allocator<char> >::select_on_container_copy_construction(std::allocator<char> const&)
562 36
+1 30
cob=(2)
cfi=(51)
cfn=(3328) 0x000000000010ecc0
calls=6 0 
* 24
* 18

fn=(3760) void std::allocator_traits<std::allocator<pg::Token> >::construct<pg::Token, pg::TokenType, std::__cxx11::basic_string<char, std::char_traits<char>, std::allocator<char> >&, int&, int&>(std::allocator<pg::Token>&, pg::Token*, pg::TokenType&&, std::__cxx11::basic_string<char, std::char_traits<char>, std::allocator<char> >&, int&, int&)
511 247
+5 57
cfi=(222)
cfn=(3754) int& std::forward<int&>(std::remove_reference<int&>::type&)
calls=19 77 
* 133
* 76
cfi=(222)
cfn=(3754)
calls=19 77 
* 133
* 76
cfi=(222)
cfn=(3756) std::__cxx11::basic_string<char, std::char_traits<char>, std::allocator<char> >& std::forward<std::__cxx11::basic_string<char, std::char_traits<char>, std::allocator<char> >&>(std::remove_reference<std::__cxx11::basic_string<char, std::char_traits<char>, std::allocator<char> >&>::type&)
calls=19 77 
* 133
* 76
cfi=(222)
cfn=(1848) pg::TokenType&& std::forward<pg::TokenType>(std::remove_reference<pg::TokenType>::type&)
calls=19 77 
* 133
* 152
cfi=(206)
cfn=(3762) void __gnu_cxx::new_allocator<pg::Token>::construct<pg::Token, pg::TokenType, std::__cxx11::basic_string<char, std::char_traits<char>, std::allocator<char> >&, int&, int&>(pg::Token*, pg::TokenType&&, std::__cxx11::basic_string<char, std::char_traits<char>, std::allocator<char> >&, int&, int&)
calls=19 160 
* 4831
+4 133

fn=(4378) void std::_Destroy<pg::Local*, pg::Local>(pg::Local*, pg::Local*, std::allocator<pg::Local>&)
845 21
+3 15
cfi=(223)
cfn=(4380) void std::_Destroy<pg::Local*>(pg::Local*, pg::Local*)
calls=3 182 
* 142
+1 9

fn=(4566) std::allocator_traits<std::allocator<int> >::deallocate(std::allocator<int>&, int*, unsigned long)
495 91
+1 78
cfi=(206)
cfn=(4568) __gnu_cxx::new_allocator<int>::deallocate(int*, unsigned long)
calls=13 132 
* 1482
* 39

fn=(5088) void std::allocator_traits<std::allocator<std::__detail::_Hash_node<std::pair<std::__cxx11::basic_string<char, std::char_traits<char>, std::allocator<char> > const, pg::Value>, true> > >::construct<std::pair<std::__cxx11::basic_string<char, std::char_traits<char>, std::allocator<char> > const, pg::Value>, std::piecewise_construct_t const&, std::tuple<std::__cxx11::basic_string<char, std::char_traits<char>, std::allocator<char> >&&>, std::tuple<> >(std::allocator<std::__detail::_Hash_node<std::pair<std::__cxx11::basic_string<char, std::char_traits<char>, std::allocator<char> > const, pg::Value>, true> >&, std::pair<std::__cxx11::basic_string<char, std::char_traits<char>, std::allocator<char> > const, pg::Value>*, std::piecewise_construct_t const&, std::tuple<std::__cxx11::basic_string<char, std::char_traits<char>, std::allocator<char> >&&>&&, std::tuple<>&&)
511 22
+5 6
cfi=(222)
cfn=(2580)
calls=2 77 
* 14
* 8
cfi=(222)
cfn=(5084) std::tuple<std::__cxx11::basic_string<char, std::char_traits<char>, std::allocator<char> >&&>&& std::forward<std::tuple<std::__cxx11::basic_string<char, std::char_traits<char>, std::allocator<char> >&&> >(std::remove_reference<std::tuple<std::__cxx11::basic_string<char, std::char_traits<char>, std::allocator<char> >&&> >::type&)
calls=2 77 
* 14
* 8
cfi=(222)
cfn=(2584)
calls=2 77 
* 14
* 14
cfi=(206)
cfn=(5090) void __gnu_cxx::new_allocator<std::__detail::_Hash_node<std::pair<std::__cxx11::basic_string<char, std::char_traits<char>, std::allocator<char> > const, pg::Value>, true> >::construct<std::pair<std::__cxx11::basic_string<char, std::char_traits<char>, std::allocator<char> > const, pg::Value>, std::piecewise_construct_t const&, std::tuple<std::__cxx11::basic_string<char, std::char_traits<char>, std::allocator<char> >&&>, std::tuple<> >(std::pair<std::__cxx11::basic_string<char, std::char_traits<char>, std::allocator<char> > const, pg::Value>*, std::piecewise_construct_t const&, std::tuple<std::__cxx11::basic_string<char, std::char_traits<char>, std::allocator<char> >&&>&&, std::tuple<>&&)
calls=2 160 
* 430
+4 12

fn=(5272) void std::_Destroy<pg::Value*, pg::Value>(pg::Value*, pg::Value*, std::allocator<pg::Value>&)
845 14
+3 10
cfi=(223)
cfn=(5274) void std::_Destroy<pg::Value*>(pg::Value*, pg::Value*)
calls=2 182 
* 44
+1 6

fn=(5380) void std::_Destroy<std::unique_ptr<pg::BytecodePass, std::default_delete<pg::BytecodePass> >*, std::unique_ptr<pg::BytecodePass, std::default_delete<pg::BytecodePass> > >(std::unique_ptr<pg::BytecodePass, std::default_delete<pg::BytecodePass> >*, std::unique_ptr<pg::BytecodePass, std::default_delete<pg::BytecodePass> >*, std::allocator<std::unique_ptr<pg::BytecodePass, std::default_delete<pg::BytecodePass> > >&)
845 7
+3 5
cfi=(223)
cfn=(5382) void std::_Destroy<std::unique_ptr<pg::BytecodePass, std::default_delete<pg::BytecodePass> >*>(std::unique_ptr<pg::BytecodePass, std::default_delete<pg::BytecodePass> >*, std::unique_ptr<pg::BytecodePass, std::default_delete<pg::BytecodePass> >*)
calls=1 182 
* 28
+1 3

fn=(5424) void std::allocator_traits<std::allocator<std::__detail::_Hash_node<std::pair<std::__cxx11::basic_string<char, std::char_traits<char>, std::allocator<char> > const, pg::Value>, true> > >::destroy<std::pair<std::__cxx11::basic_string<char, std::char_traits<char>, std::allocator<char> > const, pg::Value> >(std::allocator<std::__detail::_Hash_node<std::pair<std::__cxx11::basic_string<char, std::char_traits<char>, std::allocator<char> > const, pg::Value>, true> >&, std::pair<std::__cxx11::basic_string<char, std::char_traits<char>, std::allocator<char> > const, pg::Value>*)
531 18
+4 15
cfi=(206)
cfn=(5426) void __gnu_cxx::new_allocator<std::__detail::_Hash_node<std::pair<std::__cxx11::basic_string<char, std::char_traits<char>, std::allocator<char> > const, pg::Value>, true> >::destroy<std::pair<std::__cxx11::basic_string<char, std::char_traits<char>, std::allocator<char> > const, pg::Value> >(std::pair<std::__cxx11::basic_string<char, std::char_traits<char>, std::allocator<char> > const, pg::Value>*)
calls=3 166 
* 93
+4 9

fn=(5630) void std::allocator_traits<std::allocator<std::__detail::_Hash_node<std::pair<pg::TokenType const, pg::ParseRule>, false> > >::destroy<std::pair<pg::TokenType const, pg::ParseRule> >(std::allocator<std::__detail::_Hash_node<std::pair<pg::TokenType const, pg::ParseRule>, false> >&, std::pair<pg::TokenType const, pg::ParseRule>*)
531 420
+4 350
cfi=(206)
cfn=(5632) void __gnu_cxx::new_allocator<std::__detail::_Hash_node<std::pair<pg::TokenType const, pg::ParseRule>, false> >::destroy<std::pair<pg::TokenType const, pg::ParseRule> >(std::pair<pg::TokenType const, pg::ParseRule>*)
calls=70 166 
* 560
+4 210

fn=(4858) std::allocator_traits<std::allocator<pg::ObjFunction*> >::max_size(std::allocator<pg::ObjFunction*> const&)
547 20
+3 12
cfi=(206)
cfn=(4860) __gnu_cxx::new_allocator<pg::ObjFunction*>::max_size() const
calls=4 154 
* 68
+4 8

fn=(1770) std::allocator_traits<std::allocator<std::__detail::_Hash_node_base*> >::deallocate(std::allocator<std::__detail::_Hash_node_base*>&, std::__detail::_Hash_node_base**, unsigned long)
495 63
+1 54
cfi=(206)
cfn=(1772) __gnu_cxx::new_allocator<std::__detail::_Hash_node_base*>::deallocate(std::__detail::_Hash_node_base**, unsigned long)
calls=9 132 
* 2454
* 27

fn=(2608) void std::allocator_traits<std::allocator<std::__detail::_Hash_node<std::pair<std::__cxx11::basic_string<char, std::char_traits<char>, std::allocator<char> > const, pg::Logger::LogSink::Filter*>, true> > >::construct<std::pair<std::__cxx11::basic_string<char, std::char_traits<char>, std::allocator<char> > const, pg::Logger::LogSink::Filter*>, std::piecewise_construct_t const&, std::tuple<std::__cxx11::basic_string<char, std::char_traits<char>, std::allocator<char> > const&>, std::tuple<> >(std::allocator<std::__detail::_Hash_node<std::pair<std::__cxx11::basic_string<char, std::char_traits<char>, std::allocator<char> > const, pg::Logger::LogSink::Filter*>, true> >&, std::pair<std::__cxx11::basic_string<char, std::char_traits<char>, std::allocator<char> > const, pg::Logger::LogSink::Filter*>*, std::piecewise_construct_t const&, std::tuple<std::__cxx11::basic_string<char, std::char_traits<char>, std::allocator<char> > const&>&&, std::tuple<>&&)
511 44
+5 12
cfi=(222)
cfn=(2580)
calls=4 77 
* 28
* 16
cfi=(222)
cfn=(2582) std::tuple<std::__cxx11::basic_string<char, std::char_traits<char>, std::allocator<char> > const&>&& std::forward<std::tuple<std::__cxx11::basic_string<char, std::char_traits<char>, std::allocator<char> > const&> >(std::remove_reference<std::tuple<std::__cxx11::basic_string<char, std::char_traits<char>, std::allocator<char> > const&> >::type&)
calls=4 77 
* 28
* 16
cfi=(222)
cfn=(2584)
calls=4 77 
* 28
* 28
cfi=(206)
cfn=(2610) void __gnu_cxx::new_allocator<std::__detail::_Hash_node<std::pair<std::__cxx11::basic_string<char, std::char_traits<char>, std::allocator<char> > const, pg::Logger::LogSink::Filter*>, true> >::construct<std::pair<std::__cxx11::basic_string<char, std::char_traits<char>, std::allocator<char> > const, pg::Logger::LogSink::Filter*>, std::piecewise_construct_t const&, std::tuple<std::__cxx11::basic_string<char, std::char_traits<char>, std::allocator<char> > const&>, std::tuple<> >(std::pair<std::__cxx11::basic_string<char, std::char_traits<char>, std::allocator<char> > const, pg::Logger::LogSink::Filter*>*, std::piecewise_construct_t const&, std::tuple<std::__cxx11::basic_string<char, std::char_traits<char>, std::allocator<char> > const&>&&, std::tuple<>&&)
calls=4 160 
* 1299
+4 24

fn=(3104) std::allocator_traits<std::allocator<std::__detail::_Hash_node<std::pair<void* const, int>, false> > >::allocate(std::allocator<std::__detail::_Hash_node<std::pair<void* const, int>, false> >&, unsigned long)
463 24
+1 24
cfi=(206)
cfn=(3106) __gnu_cxx::new_allocator<std::__detail::_Hash_node<std::pair<void* const, int>, false> >::allocate(unsigned long, void const*)
calls=4 103 
* 516
* 8

fn=(3924) void std::allocator_traits<std::allocator<pg::Token> >::construct<pg::Token, pg::TokenType&, std::__cxx11::basic_string<char, std::char_traits<char>, std::allocator<char> >, int&, int&>(std::allocator<pg::Token>&, pg::Token*, pg::TokenType&, std::__cxx11::basic_string<char, std::char_traits<char>, std::allocator<char> >&&, int&, int&)
511 260
+5 60
cfi=(222)
cfn=(3754)
calls=20 77 
* 140
* 80
cfi=(222)
cfn=(3754)
calls=20 77 
* 140
* 80
cfi=(222)
cfn=(3918) std::__cxx11::basic_string<char, std::char_traits<char>, std::allocator<char> >&& std::forward<std::__cxx11::basic_string<char, std::char_traits<char>, std::allocator<char> > >(std::remove_reference<std::__cxx11::basic_string<char, std::char_traits<char>, std::allocator<char> > >::type&)
calls=20 77 
* 140
* 80
cfi=(222)
cfn=(3920) pg::TokenType& std::forward<pg::TokenType&>(std::remove_reference<pg::TokenType&>::type&)
calls=20 77 
* 140
* 160
cfi=(206)
cfn=(3926) void __gnu_cxx::new_allocator<pg::Token>::construct<pg::Token, pg::TokenType&, std::__cxx11::basic_string<char, std::char_traits<char>, std::allocator<char> >, int&, int&>(pg::Token*, pg::TokenType&, std::__cxx11::basic_string<char, std::char_traits<char>, std::allocator<char> >&&, int&, int&)
calls=20 160 
* 4860
+4 140

fn=(4464) std::allocator_traits<std::allocator<unsigned char> >::allocate(std::allocator<unsigned char>&, unsigned long)
463 78
+1 78
cfi=(206)
cfn=(4466) __gnu_cxx::new_allocator<unsigned char>::allocate(unsigned long, void const*)
calls=13 103 
* 1770
* 26

fn=(4656) void std::allocator_traits<std::allocator<pg::Value> >::construct<pg::Value, pg::Value const&>(std::allocator<pg::Value>&, pg::Value*, pg::Value const&)
511 84
+5 36
cfi=(222)
cfn=(4654) pg::Value const& std::forward<pg::Value const&>(std::remove_reference<pg::Value const&>::type&)
calls=12 77 
* 84
* 72
cfi=(206)
cfn=(4658) void __gnu_cxx::new_allocator<pg::Value>::construct<pg::Value, pg::Value const&>(pg::Value*, pg::Value const&)
calls=12 160 
* 480
+4 36

fn=(5340) void std::_Destroy<pg::AdvancedRewriteRule*, pg::AdvancedRewriteRule>(pg::AdvancedRewriteRule*, pg::AdvancedRewriteRule*, std::allocator<pg::AdvancedRewriteRule>&)
845 7
+3 5
cfi=(223)
cfn=(5342) void std::_Destroy<pg::AdvancedRewriteRule*>(pg::AdvancedRewriteRule*, pg::AdvancedRewriteRule*)
calls=1 182 
* 28
+1 3

fn=(5604) std::allocator_traits<std::allocator<std::_Sp_counted_ptr_inplace<pg::TerminalSink, std::allocator<pg::TerminalSink>, (__gnu_cxx::_Lock_policy)2> > >::deallocate(std::allocator<std::_Sp_counted_ptr_inplace<pg::TerminalSink, std::allocator<pg::TerminalSink>, (__gnu_cxx::_Lock_policy)2> >&, std::_Sp_counted_ptr_inplace<pg::TerminalSink, std::allocator<pg::TerminalSink>, (__gnu_cxx::_Lock_policy)2>*, unsigned long)
495 7
+1 6
cfi=(206)
cfn=(5606) __gnu_cxx::new_allocator<std::_Sp_counted_ptr_inplace<pg::TerminalSink, std::allocator<pg::TerminalSink>, (__gnu_cxx::_Lock_policy)2> >::deallocate(std::_Sp_counted_ptr_inplace<pg::TerminalSink, std::allocator<pg::TerminalSink>, (__gnu_cxx::_Lock_policy)2>*, unsigned long)
calls=1 132 
* 118
* 3

fn=(1460) std::allocator_traits<std::allocator<tf::ObjectPool<tf::Node, 65536ul>::LocalHeap> >::max_size(std::allocator<tf::ObjectPool<tf::Node, 65536ul>::LocalHeap> const&)
547 5
+3 3
cfi=(206)
cfn=(1462) __gnu_cxx::new_allocator<tf::ObjectPool<tf::Node, 65536ul>::LocalHeap>::max_size() const
calls=1 154 
* 17
+4 2

fn=(1698) std::allocator_traits<std::allocator<std::__detail::_Hash_node_base*> >::allocate(std::allocator<std::__detail::_Hash_node_base*>&, unsigned long)
463 54
+1 54
cfi=(206)
cfn=(1700) __gnu_cxx::new_allocator<std::__detail::_Hash_node_base*>::allocate(unsigned long, void const*)
calls=9 103 
* 1671
* 18

fn=(3198) std::allocator_traits<std::allocator<std::__detail::_Hash_node<std::pair<std::__cxx11::basic_string<char, std::char_traits<char>, std::allocator<char> > const, pg::Value>, true> > >::allocate(std::allocator<std::__detail::_Hash_node<std::pair<std::__cxx11::basic_string<char, std::char_traits<char>, std::allocator<char> > const, pg::Value>, true> >&, unsigned long)
463 18
+1 18
cfi=(206)
cfn=(3200) __gnu_cxx::new_allocator<std::__detail::_Hash_node<std::pair<std::__cxx11::basic_string<char, std::char_traits<char>, std::allocator<char> > const, pg::Value>, true> >::allocate(unsigned long, void const*)
calls=3 103 
* 270
* 6

fn=(3286) std::allocator_traits<std::allocator<pg::Token*> >::allocate(std::allocator<pg::Token*>&, unsigned long)
463 48
+1 48
cfi=(206)
cfn=(3288) __gnu_cxx::new_allocator<pg::Token*>::allocate(unsigned long, void const*)
calls=8 103 
* 720
* 16

fn=(4008) std::allocator_traits<std::allocator<pg::Token> >::select_on_container_copy_construction(std::allocator<pg::Token> const&)
562 18
+1 15
cfi=(205) /usr/include/c++/11/bits/allocator.h
cfn=(4010) std::allocator<pg::Token>::allocator(std::allocator<pg::Token> const&)
calls=3 159 
* 66
* 9

fn=(4340) std::allocator_traits<std::allocator<pg::Local> >::max_size(std::allocator<pg::Local> const&)
547 10
+3 6
cfi=(206)
cfn=(4342) __gnu_cxx::new_allocator<pg::Local>::max_size() const
calls=2 154 
* 34
+4 4

fn=(4360) void std::allocator_traits<std::allocator<pg::Local> >::construct<pg::Local, pg::Local>(std::allocator<pg::Local>&, pg::Local*, pg::Local&&)
511 7
+5 3
cfi=(222)
cfn=(4324) pg::Local&& std::forward<pg::Local>(std::remove_reference<pg::Local>::type&)
calls=1 77 
* 7
* 6
cfi=(206)
cfn=(4362) void __gnu_cxx::new_allocator<pg::Local>::construct<pg::Local, pg::Local>(pg::Local*, pg::Local&&)
calls=1 160 
* 219
+4 3

fn=(4448) std::allocator_traits<std::allocator<unsigned char> >::max_size(std::allocator<unsigned char> const&)
547 130
+3 78
cfi=(206)
cfn=(4450) __gnu_cxx::new_allocator<unsigned char>::max_size() const
calls=26 154 
* 442
+4 52

fn=(4508) std::allocator_traits<std::allocator<int> >::max_size(std::allocator<int> const&)
547 130
+3 78
cfi=(206)
cfn=(4510) __gnu_cxx::new_allocator<int>::max_size() const
calls=26 154 
* 442
+4 52

fn=(5256) void std::_Destroy<int*, int>(int*, int*, std::allocator<int>&)
845 14
+3 10
cfi=(223)
cfn=(5258) void std::_Destroy<int*>(int*, int*)
calls=2 182 
* 44
+1 6

fn=(5484) void std::_Destroy<pg::UnserializedObject*, pg::UnserializedObject>(pg::UnserializedObject*, pg::UnserializedObject*, std::allocator<pg::UnserializedObject>&)
845 112
+3 80
cfi=(223)
cfn=(5486) void std::_Destroy<pg::UnserializedObject*>(pg::UnserializedObject*, pg::UnserializedObject*)
calls=16 182 
* 448
+1 48

fn=(5522) std::allocator_traits<std::allocator<std::__detail::_Hash_node<std::pair<std::__cxx11::basic_string<char, std::char_traits<char>, std::allocator<char> > const, pg::TokenType>, true> > >::deallocate(std::allocator<std::__detail::_Hash_node<std::pair<std::__cxx11::basic_string<char, std::char_traits<char>, std::allocator<char> > const, pg::TokenType>, true> >&, std::__detail::_Hash_node<std::pair<std::__cxx11::basic_string<char, std::char_traits<char>, std::allocator<char> > const, pg::TokenType>, true>*, unsigned long)
495 126
+1 108
cfi=(206)
cfn=(5524) __gnu_cxx::new_allocator<std::__detail::_Hash_node<std::pair<std::__cxx11::basic_string<char, std::char_traits<char>, std::allocator<char> > const, pg::TokenType>, true> >::deallocate(std::__detail::_Hash_node<std::pair<std::__cxx11::basic_string<char, std::char_traits<char>, std::allocator<char> > const, pg::TokenType>, true>*, unsigned long)
calls=18 132 
* 2502
* 54

fn=(5672) std::allocator_traits<std::allocator<tf::ObjectPool<tf::Node, 65536ul>::LocalHeap> >::deallocate(std::allocator<tf::ObjectPool<tf::Node, 65536ul>::LocalHeap>&, tf::ObjectPool<tf::Node, 65536ul>::LocalHeap*, unsigned long)
495 7
+1 6
cfi=(206)
cfn=(5674) __gnu_cxx::new_allocator<tf::ObjectPool<tf::Node, 65536ul>::LocalHeap>::deallocate(tf::ObjectPool<tf::Node, 65536ul>::LocalHeap*, unsigned long)
calls=1 132 
* 161
* 3

fn=(2374) std::allocator_traits<std::allocator<std::_Sp_counted_ptr_inplace<pg::TerminalSink, std::allocator<pg::TerminalSink>, (__gnu_cxx::_Lock_policy)2> > >::allocate(std::allocator<std::_Sp_counted_ptr_inplace<pg::TerminalSink, std::allocator<pg::TerminalSink>, (__gnu_cxx::_Lock_policy)2> >&, unsigned long)
463 6
+1 6
cfi=(206)
cfn=(2376) __gnu_cxx::new_allocator<std::_Sp_counted_ptr_inplace<pg::TerminalSink, std::allocator<pg::TerminalSink>, (__gnu_cxx::_Lock_policy)2> >::allocate(unsigned long, void const*)
calls=1 103 
* 237
* 2

fn=(2498) std::allocator_traits<std::allocator<std::shared_ptr<pg::Logger::LogSink> > >::allocate(std::allocator<std::shared_ptr<pg::Logger::LogSink> >&, unsigned long)
463 6
+1 6
cfi=(206)
cfn=(2500) __gnu_cxx::new_allocator<std::shared_ptr<pg::Logger::LogSink> >::allocate(unsigned long, void const*)
calls=1 103 
* 234
* 2

fn=(2592) std::allocator_traits<std::allocator<std::__detail::_Hash_node<std::pair<std::__cxx11::basic_string<char, std::char_traits<char>, std::allocator<char> > const, pg::Logger::LogSink::Filter*>, true> > >::allocate(std::allocator<std::__detail::_Hash_node<std::pair<std::__cxx11::basic_string<char, std::char_traits<char>, std::allocator<char> > const, pg::Logger::LogSink::Filter*>, true> >&, unsigned long)
463 24
+1 24
cfi=(206)
cfn=(2594) __gnu_cxx::new_allocator<std::__detail::_Hash_node<std::pair<std::__cxx11::basic_string<char, std::char_traits<char>, std::allocator<char> > const, pg::Logger::LogSink::Filter*>, true> >::allocate(unsigned long, void const*)
calls=4 103 
* 948
* 8

fn=(3934) void std::allocator_traits<std::allocator<pg::Token> >::construct<pg::Token, pg::TokenType, char const (&) [2], int&, int&>(std::allocator<pg::Token>&, pg::Token*, pg::TokenType&&, char const (&) [2], int&, int&)
511 182
+5 42
cfi=(222)
cfn=(3754)
calls=14 77 
* 98
* 56
cfi=(222)
cfn=(3754)
calls=14 77 
* 98
* 56
cfi=(222)
cfn=(3930) char const (&std::forward<char const (&) [2]>(std::remove_reference<char const (&) [2]>::type&)) [2]
calls=14 77 
* 98
* 56
cfi=(222)
cfn=(1848)
calls=14 77 
* 98
* 112
cfi=(206)
cfn=(3936) void __gnu_cxx::new_allocator<pg::Token>::construct<pg::Token, pg::TokenType, char const (&) [2], int&, int&>(pg::Token*, pg::TokenType&&, char const (&) [2], int&, int&)
calls=14 160 
* 6636
+4 98

fn=(3996) void std::allocator_traits<std::allocator<pg::Token> >::construct<pg::Token, pg::TokenType, char const (&) [12], int&, int&>(std::allocator<pg::Token>&, pg::Token*, pg::TokenType&&, char const (&) [12], int&, int&)
511 13
+5 3
cfi=(222)
cfn=(3754)
calls=1 77 
* 7
* 4
cfi=(222)
cfn=(3754)
calls=1 77 
* 7
* 4
cfi=(222)
cfn=(3990) char const (&std::forward<char const (&) [12]>(std::remove_reference<char const (&) [12]>::type&)) [12]
calls=1 77 
* 7
* 4
cfi=(222)
cfn=(1848)
calls=1 77 
* 7
* 8
cfi=(206)
cfn=(3998) void __gnu_cxx::new_allocator<pg::Token>::construct<pg::Token, pg::TokenType, char const (&) [12], int&, int&>(pg::Token*, pg::TokenType&&, char const (&) [12], int&, int&)
calls=1 160 
* 504
+4 7

fn=(4238) void std::_Destroy<pg::Token*, pg::Token>(pg::Token*, pg::Token*, std::allocator<pg::Token>&)
845 217
+3 155
cfi=(223)
cfn=(4240) void std::_Destroy<pg::Token*>(pg::Token*, pg::Token*)
calls=31 182 
* 11067
+1 93

fn=(4356) std::allocator_traits<std::allocator<pg::Local> >::allocate(std::allocator<pg::Local>&, unsigned long)
463 6
+1 6
cfi=(206)
cfn=(4358) __gnu_cxx::new_allocator<pg::Local>::allocate(unsigned long, void const*)
calls=1 103 
* 90
* 2

fn=(4946) std::allocator_traits<std::allocator<pg::ObjFunction*> >::deallocate(std::allocator<pg::ObjFunction*>&, pg::ObjFunction**, unsigned long)
495 14
+1 12
cfi=(206)
cfn=(4948) __gnu_cxx::new_allocator<pg::ObjFunction*>::deallocate(pg::ObjFunction**, unsigned long)
calls=2 132 
* 228
* 6

fn=(5566) void std::allocator_traits<std::allocator<std::__detail::_Hash_node<std::pair<std::__cxx11::basic_string<char, std::char_traits<char>, std::allocator<char> > const, pg::Logger::LogSink::Filter*>, true> > >::destroy<std::pair<std::__cxx11::basic_string<char, std::char_traits<char>, std::allocator<char> > const, pg::Logger::LogSink::Filter*> >(std::allocator<std::__detail::_Hash_node<std::pair<std::__cxx11::basic_string<char, std::char_traits<char>, std::allocator<char> > const, pg::Logger::LogSink::Filter*>, true> >&, std::pair<std::__cxx11::basic_string<char, std::char_traits<char>, std::allocator<char> > const, pg::Logger::LogSink::Filter*>*)
531 24
+4 20
cfi=(206)
cfn=(5568) void __gnu_cxx::new_allocator<std::__detail::_Hash_node<std::pair<std::__cxx11::basic_string<char, std::char_traits<char>, std::allocator<char> > const, pg::Logger::LogSink::Filter*>, true> >::destroy<std::pair<std::__cxx11::basic_string<char, std::char_traits<char>, std::allocator<char> > const, pg::Logger::LogSink::Filter*> >(std::pair<std::__cxx11::basic_string<char, std::char_traits<char>, std::allocator<char> > const, pg::Logger::LogSink::Filter*>*)
calls=4 166 
* 124
+4 12

fn=(5662) void std::_Destroy<tf::ObjectPool<tf::Node, 65536ul>::LocalHeap*, tf::ObjectPool<tf::Node, 65536ul>::LocalHeap>(tf::ObjectPool<tf::Node, 65536ul>::LocalHeap*, tf::ObjectPool<tf::Node, 65536ul>::LocalHeap*, std::allocator<tf::ObjectPool<tf::Node, 65536ul>::LocalHeap>&)
845 7
+3 5
cfi=(223)
cfn=(5664) void std::_Destroy<tf::ObjectPool<tf::Node, 65536ul>::LocalHeap*>(tf::ObjectPool<tf::Node, 65536ul>::LocalHeap*, tf::ObjectPool<tf::Node, 65536ul>::LocalHeap*)
calls=1 182 
* 22
+1 3

fn=(1668) void std::allocator_traits<std::allocator<std::__detail::_Hash_node<std::pair<pg::TokenType const, pg::ParseRule>, false> > >::construct<std::pair<pg::TokenType const, pg::ParseRule>, std::pair<pg::TokenType const, pg::ParseRule> const&>(std::allocator<std::__detail::_Hash_node<std::pair<pg::TokenType const, pg::ParseRule>, false> >&, std::pair<pg::TokenType const, pg::ParseRule>*, std::pair<pg::TokenType const, pg::ParseRule> const&)
511 490
+5 210
cfi=(222)
cfn=(1618) std::pair<pg::TokenType const, pg::ParseRule> const& std::forward<std::pair<pg::TokenType const, pg::ParseRule> const&>(std::remove_reference<std::pair<pg::TokenType const, pg::ParseRule> const&>::type&)
calls=70 77 
* 490
* 420
cfi=(206)
cfn=(1670) void __gnu_cxx::new_allocator<std::__detail::_Hash_node<std::pair<pg::TokenType const, pg::ParseRule>, false> >::construct<std::pair<pg::TokenType const, pg::ParseRule>, std::pair<pg::TokenType const, pg::ParseRule> const&>(std::pair<pg::TokenType const, pg::ParseRule>*, std::pair<pg::TokenType const, pg::ParseRule> const&)
calls=70 160 
* 3080
+4 210

fn=(3982) std::allocator_traits<std::allocator<pg::Token*> >::deallocate(std::allocator<pg::Token*>&, pg::Token**, unsigned long)
495 56
+1 48
cfi=(206)
cfn=(3984) __gnu_cxx::new_allocator<pg::Token*>::deallocate(pg::Token**, unsigned long)
calls=8 132 
* 933
* 24

fn=(4562) std::allocator_traits<std::allocator<unsigned char> >::deallocate(std::allocator<unsigned char>&, unsigned char*, unsigned long)
495 91
+1 78
cfi=(206)
cfn=(4564) __gnu_cxx::new_allocator<unsigned char>::deallocate(unsigned char*, unsigned long)
calls=13 132 
* 1469
* 39

fn=(4634) std::allocator_traits<std::allocator<pg::Value> >::max_size(std::allocator<pg::Value> const&)
547 80
+3 48
cfi=(206)
cfn=(4636) __gnu_cxx::new_allocator<pg::Value>::max_size() const
calls=16 154 
* 272
+4 32

fn=(4874) std::allocator_traits<std::allocator<pg::ObjFunction*> >::allocate(std::allocator<pg::ObjFunction*>&, unsigned long)
463 12
+1 12
cfi=(206)
cfn=(4876) __gnu_cxx::new_allocator<pg::ObjFunction*>::allocate(unsigned long, void const*)
calls=2 103 
* 176
* 4

fn=(4928) void std::_Destroy<pg::ObjFunction**, pg::ObjFunction*>(pg::ObjFunction**, pg::ObjFunction**, std::allocator<pg::ObjFunction*>&)
845 14
+3 10
cfi=(223)
cfn=(4930) void std::_Destroy<pg::ObjFunction**>(pg::ObjFunction**, pg::ObjFunction**)
calls=2 182 
* 44
+1 6

fn=(5288) void std::_Destroy<unsigned char*, unsigned char>(unsigned char*, unsigned char*, std::allocator<unsigned char>&)
845 14
+3 10
cfi=(223)
cfn=(5290) void std::_Destroy<unsigned char*>(unsigned char*, unsigned char*)
calls=2 182 
* 44
+1 6

fn=(5438) std::allocator_traits<std::allocator<std::__detail::_Hash_node<std::pair<std::__cxx11::basic_string<char, std::char_traits<char>, std::allocator<char> > const, pg::Value>, true> > >::deallocate(std::allocator<std::__detail::_Hash_node<std::pair<std::__cxx11::basic_string<char, std::char_traits<char>, std::allocator<char> > const, pg::Value>, true> >&, std::__detail::_Hash_node<std::pair<std::__cxx11::basic_string<char, std::char_traits<char>, std::allocator<char> > const, pg::Value>, true>*, unsigned long)
495 21
+1 18
cfi=(206)
cfn=(5440) __gnu_cxx::new_allocator<std::__detail::_Hash_node<std::pair<std::__cxx11::basic_string<char, std::char_traits<char>, std::allocator<char> > const, pg::Value>, true> >::deallocate(std::__detail::_Hash_node<std::pair<std::__cxx11::basic_string<char, std::char_traits<char>, std::allocator<char> > const, pg::Value>, true>*, unsigned long)
calls=3 132 
* 366
* 9

fn=(5610) std::allocator_traits<std::allocator<std::shared_ptr<pg::Logger::LogSink> > >::deallocate(std::allocator<std::shared_ptr<pg::Logger::LogSink> >&, std::shared_ptr<pg::Logger::LogSink>*, unsigned long)
495 7
+1 6
cfi=(206)
cfn=(5612) __gnu_cxx::new_allocator<std::shared_ptr<pg::Logger::LogSink> >::deallocate(std::shared_ptr<pg::Logger::LogSink>*, unsigned long)
calls=1 132 
* 134
* 3

fn=(1652) std::allocator_traits<std::allocator<std::__detail::_Hash_node<std::pair<pg::TokenType const, pg::ParseRule>, false> > >::allocate(std::allocator<std::__detail::_Hash_node<std::pair<pg::TokenType const, pg::ParseRule>, false> >&, unsigned long)
463 420
+1 420
cfi=(206)
cfn=(1654) __gnu_cxx::new_allocator<std::__detail::_Hash_node<std::pair<pg::TokenType const, pg::ParseRule>, false> >::allocate(unsigned long, void const*)
calls=70 103 
* 16590
* 140

fn=(3214) void std::allocator_traits<std::allocator<std::__detail::_Hash_node<std::pair<std::__cxx11::basic_string<char, std::char_traits<char>, std::allocator<char> > const, pg::Value>, true> > >::construct<std::pair<std::__cxx11::basic_string<char, std::char_traits<char>, std::allocator<char> > const, pg::Value>, std::piecewise_construct_t const&, std::tuple<std::__cxx11::basic_string<char, std::char_traits<char>, std::allocator<char> > const&>, std::tuple<> >(std::allocator<std::__detail::_Hash_node<std::pair<std::__cxx11::basic_string<char, std::char_traits<char>, std::allocator<char> > const, pg::Value>, true> >&, std::pair<std::__cxx11::basic_string<char, std::char_traits<char>, std::allocator<char> > const, pg::Value>*, std::piecewise_construct_t const&, std::tuple<std::__cxx11::basic_string<char, std::char_traits<char>, std::allocator<char> > const&>&&, std::tuple<>&&)
511 11
+5 3
cfi=(222)
cfn=(2580)
calls=1 77 
* 7
* 4
cfi=(222)
cfn=(2582)
calls=1 77 
* 7
* 4
cfi=(222)
cfn=(2584)
calls=1 77 
* 7
* 7
cfi=(206)
cfn=(3216) void __gnu_cxx::new_allocator<std::__detail::_Hash_node<std::pair<std::__cxx11::basic_string<char, std::char_traits<char>, std::allocator<char> > const, pg::Value>, true> >::construct<std::pair<std::__cxx11::basic_string<char, std::char_traits<char>, std::allocator<char> > const, pg::Value>, std::piecewise_construct_t const&, std::tuple<std::__cxx11::basic_string<char, std::char_traits<char>, std::allocator<char> > const&>, std::tuple<> >(std::pair<std::__cxx11::basic_string<char, std::char_traits<char>, std::allocator<char> > const, pg::Value>*, std::piecewise_construct_t const&, std::tuple<std::__cxx11::basic_string<char, std::char_traits<char>, std::allocator<char> > const&>&&, std::tuple<>&&)
calls=1 160 
* 325
+4 6

fn=(3300) std::allocator_traits<std::allocator<pg::Token> >::allocate(std::allocator<pg::Token>&, unsigned long)
463 216
+1 216
cfi=(206)
cfn=(3302) __gnu_cxx::new_allocator<pg::Token>::allocate(unsigned long, void const*)
calls=36 103 
* 8651
* 72

fn=(4254) std::allocator_traits<std::allocator<pg::Token> >::deallocate(std::allocator<pg::Token>&, pg::Token*, unsigned long)
495 252
+1 216
cfi=(206)
cfn=(4256) __gnu_cxx::new_allocator<pg::Token>::deallocate(pg::Token*, unsigned long)
calls=36 132 
* 6399
* 108

fn=(4650) std::allocator_traits<std::allocator<pg::Value> >::allocate(std::allocator<pg::Value>&, unsigned long)
463 48
+1 48
cfi=(206)
cfn=(4652) __gnu_cxx::new_allocator<pg::Value>::allocate(unsigned long, void const*)
calls=8 103 
* 720
* 16

fn=(5532) void std::_Destroy<std::shared_ptr<pg::Logger::LogSink>*, std::shared_ptr<pg::Logger::LogSink> >(std::shared_ptr<pg::Logger::LogSink>*, std::shared_ptr<pg::Logger::LogSink>*, std::allocator<std::shared_ptr<pg::Logger::LogSink> >&)
845 7
+3 5
cfi=(223)
cfn=(5534) void std::_Destroy<std::shared_ptr<pg::Logger::LogSink>*>(std::shared_ptr<pg::Logger::LogSink>*, std::shared_ptr<pg::Logger::LogSink>*)
calls=1 182 
* 2508
+1 3

fn=(5580) std::allocator_traits<std::allocator<std::__detail::_Hash_node<std::pair<std::__cxx11::basic_string<char, std::char_traits<char>, std::allocator<char> > const, pg::Logger::LogSink::Filter*>, true> > >::deallocate(std::allocator<std::__detail::_Hash_node<std::pair<std::__cxx11::basic_string<char, std::char_traits<char>, std::allocator<char> > const, pg::Logger::LogSink::Filter*>, true> >&, std::__detail::_Hash_node<std::pair<std::__cxx11::basic_string<char, std::char_traits<char>, std::allocator<char> > const, pg::Logger::LogSink::Filter*>, true>*, unsigned long)
495 28
+1 24
cfi=(206)
cfn=(5582) __gnu_cxx::new_allocator<std::__detail::_Hash_node<std::pair<std::__cxx11::basic_string<char, std::char_traits<char>, std::allocator<char> > const, pg::Logger::LogSink::Filter*>, true> >::deallocate(std::__detail::_Hash_node<std::pair<std::__cxx11::basic_string<char, std::char_traits<char>, std::allocator<char> > const, pg::Logger::LogSink::Filter*>, true>*, unsigned long)
calls=4 132 
* 556
* 12

fl=(249)
fn=(3812) pg::(anonymous namespace)::isFloat(std::__cxx11::basic_string<char, std::char_traits<char>, std::allocator<char> > const&)
211 90
+1 60
cob=(2)
cfi=(51)
cfn=(3696) 0x000000000010f210
calls=10 0 
* 7065
+2 50
cob=(2)
cfi=(51)
cfn=(3814) 0x000000000010f200
calls=10 0 
* 760
* 50
cob=(2)
cfi=(51)
cfn=(3828) 0x000000000010eac0
calls=10 0 
* 15302
+2 40
cob=(2)
cfi=(51)
cfn=(3908) 0x000000000010f300
calls=10 0 
* 70
* 30
+1 30
cob=(2)
cfi=(51)
cfn=(3912) 0x000000000010ec60
calls=10 0 
* 980
-1 10
+1 60

fn=(1840)
447 6
cfn=(1842) __static_initialization_and_destruction_0(int, int)
calls=1 * 
* 35969
* 2

fn=(3808) pg::(anonymous namespace)::isNumber(std::__cxx11::basic_string<char, std::char_traits<char>, std::allocator<char> > const&)::{lambda(unsigned char)#1}::operator()(unsigned char) const
200 165

fn=(3310) pg::Lexer::readFromFile(std::__cxx11::basic_string<char, std::char_traits<char>, std::allocator<char> > const&)
438 10
+1 5
cfi=(252)
cfn=(3312) pg::UniversalFileAccessor::openTextFile(std::__cxx11::basic_string<char, std::char_traits<char>, std::allocator<char> > const&)
calls=1 193 
* 67657
+2 6
cfi=(196) /usr/include/c++/11/bits/basic_string.h
cfn=(2992) bool std::operator==<char, std::char_traits<char>, std::allocator<char> >(std::__cxx11::basic_string<char, std::char_traits<char>, std::allocator<char> > const&, char const*)
calls=1 6248 
* 63
* 2
+3 6
cfn=(3694) pg::(anonymous namespace)::parseToken(std::__cxx11::basic_string<char, std::char_traits<char>, std::allocator<char> > const&, std::queue<pg::Token, std::deque<pg::Token, std::allocator<pg::Token> > >&)
calls=1 245 
* 112584
+1 4
cfi=(282) /home/corse/Documents/PgEngine/src/Engine/Files/filemanager.h
cfn=(3692) pg::TextFile::~TextFile()
calls=1 15 
* 223
* 7

fn=(3706) pg::(anonymous namespace)::charaToToken(char, char)
60 497
+2 142
+2 142
+3 852
+19 30
+5 2
+3 2
+11 2
+2 2
+3 2
+4 4
+2 4
+2 4
+3 4
+11 12
+3 12
+34 2
+2 2
+3 2
+12 45
+2 142

fn=(1842)
447 16
fi=(181) /usr/include/c++/11/iostream
74 3
cob=(2)
cfi=(51)
cfn=(830) 0x000000000010f190
calls=1 -74 
* 27
* 7
cob=(2)
cfi=(51)
cfn=(1330) 0x000000000010ee40
calls=1 -74 
* 77
fi=(195)
-33 3
cob=(2)
cfi=(51)
cfn=(1334) 0x000000000010f2a0
calls=1 -41 
* 4
* 7
cfi=(196)
cfn=(1338) std::__cxx11::basic_string<char, std::char_traits<char>, std::allocator<char> >::basic_string<std::allocator<char> >(char const*, std::allocator<char> const&)
calls=1 533 
* 211
* 3
cob=(2)
cfi=(51)
cfn=(1382) 0x000000000010ef10
calls=1 -41 
* 4
* 7
cob=(2)
cfi=(51)
cfn=(1330)
calls=1 -41 
* 77
365 3
cfn=(1386) pg::UnserializedObject::UnserializedObject()
calls=1 -47 
* 118
* 7
cob=(2)
cfi=(51)
cfn=(1330)
calls=1 0 
* 77
fi=(207) /home/corse/Documents/PgEngine/import/taskflow-3.6.0/taskflow/core/graph.hpp
670 4
fe=(249)
30 1
-1 6
cfi=(242) /usr/include/c++/11/bits/stl_pair.h
cfn=(1844) std::pair<std::__cxx11::basic_string<char, std::char_traits<char>, std::allocator<char> > const, pg::TokenType>::pair<char const (&) [5], pg::TokenType, true>(char const (&) [5], pg::TokenType&&)
calls=1 352 
* 273
+2 1
-2 8
cfi=(242)
cfn=(1850) std::pair<std::__cxx11::basic_string<char, std::char_traits<char>, std::allocator<char> > const, pg::TokenType>::pair<char const (&) [6], pg::TokenType, true>(char const (&) [6], pg::TokenType&&)
calls=1 352 
* 273
+3 1
-3 8
cfi=(242)
cfn=(1854) std::pair<std::__cxx11::basic_string<char, std::char_traits<char>, std::allocator<char> > const, pg::TokenType>::pair<char const (&) [3], pg::TokenType, true>(char const (&) [3], pg::TokenType&&)
calls=1 352 
* 276
+4 1
-4 8
cfi=(242)
cfn=(1844)
calls=1 352 
* 273
+5 1
-5 8
cfi=(242)
cfn=(1858) std::pair<std::__cxx11::basic_string<char, std::char_traits<char>, std::allocator<char> > const, pg::TokenType>::pair<char const (&) [4], pg::TokenType, true>(char const (&) [4], pg::TokenType&&)
calls=1 352 
* 276
+6 1
-6 8
cfi=(242)
cfn=(1850)
calls=1 352 
* 273
+7 1
-7 8
cfi=(242)
cfn=(1858)
calls=1 352 
* 276
+8 1
-8 8
cfi=(242)
cfn=(1862) std::pair<std::__cxx11::basic_string<char, std::char_traits<char>, std::allocator<char> > const, pg::TokenType>::pair<char const (&) [9], pg::TokenType, true>(char const (&) [9], pg::TokenType&&)
calls=1 352 
* 271
+9 1
-9 8
cfi=(242)
cfn=(1858)
calls=1 352 
* 276
+10 1
-10 8
cfi=(242)
cfn=(1854)
calls=1 352 
* 276
+11 1
-11 8
cfi=(242)
cfn=(1858)
calls=1 352 
* 276
+12 1
-12 8
cfi=(242)
cfn=(1858)
calls=1 352 
* 276
+13 1
-13 8
cfi=(242)
cfn=(1866) std::pair<std::__cxx11::basic_string<char, std::char_traits<char>, std::allocator<char> > const, pg::TokenType>::pair<char const (&) [7], pg::TokenType, true>(char const (&) [7], pg::TokenType&&)
calls=1 352 
* 273
+14 1
-14 8
cfi=(242)
cfn=(1850)
calls=1 352 
* 273
+15 1
-15 8
cfi=(242)
cfn=(1844)
calls=1 352 
* 273
+16 1
-16 8
cfi=(242)
cfn=(1866)
calls=1 352 
* 273
+17 1
-17 8
cfi=(242)
cfn=(1844)
calls=1 352 
* 273
+18 1
-18 8
cfi=(242)
cfn=(1854)
calls=1 352 
* 276
* 6
cfi=(205)
cfn=(1870) std::allocator<std::pair<std::__cxx11::basic_string<char, std::char_traits<char>, std::allocator<char> > const, pg::TokenType> >::allocator()
calls=1 156 
* 18
* 17
cfi=(232)
cfn=(1874) std::unordered_map<std::__cxx11::basic_string<char, std::char_traits<char>, std::allocator<char> >, pg::TokenType, std::hash<std::__cxx11::basic_string<char, std::char_traits<char>, std::allocator<char> > >, std::equal_to<std::__cxx11::basic_string<char, std::char_traits<char>, std::allocator<char> > >, std::allocator<std::pair<std::__cxx11::basic_string<char, std::char_traits<char>, std::allocator<char> > const, pg::TokenType> > >::unordered_map(std::initializer_list<std::pair<std::__cxx11::basic_string<char, std::char_traits<char>, std::allocator<char> > const, pg::TokenType> >, unsigned long, std::hash<std::__cxx11::basic_string<char, std::char_traits<char>, std::allocator<char> > > const&, std::equal_to<std::__cxx11::basic_string<char, std::char_traits<char>, std::allocator<char> > > const&, std::allocator<std::pair<std::__cxx11::basic_string<char, std::char_traits<char>, std::allocator<char> > const, pg::TokenType> > const&)
calls=1 227 
* 29588
* 4
cfi=(205)
cfn=(2066) std::allocator<std::pair<std::__cxx11::basic_string<char, std::char_traits<char>, std::allocator<char> > const, pg::TokenType> >::~allocator()
calls=1 174 
* 18
+20 2
-20 57
+20 54
cfi=(242)
cfn=(2070) std::pair<std::__cxx11::basic_string<char, std::char_traits<char>, std::allocator<char> > const, pg::TokenType>::~pair()
calls=18 211 
* 342
-20 25
cob=(2)
cfi=(51)
cfn=(1330)
calls=1 -29 
* 77
447 10

fn=(3694)
245 12
+1 6
cob=(2)
cfi=(51)
cfn=(3696)
calls=1 0 
* 2102
+3 1
+1 1
+2 3
cob=(2)
cfi=(51)
cfn=(1334)
calls=1 0 
* 4
* 6
cfi=(196)
cfn=(1338)
calls=1 533 
* 194
* 3
cob=(2)
cfi=(51)
cfn=(1382)
calls=1 0 
* 4
+2 1
+1 1
+1 1
+1 1
+1 1
+4 3
cob=(2)
cfi=(51)
cfn=(1400) 0x000000000010f0d0
calls=1 0 
* 8
* 1
+2 42
cob=(2)
cfi=(51)
cfn=(1334)
calls=14 0 
* 56
* 84
cfi=(196)
cfn=(1338)
calls=14 533 
* 2716
* 42
cob=(2)
cfi=(51)
cfn=(1382)
calls=14 0 
* 56
+2 28
+2 819
cob=(2)
cfi=(51)
cfn=(2964) 0x000000000010f3c0
calls=91 0 
* 546
* 613
cob=(2)
cfi=(51)
cfn=(2964)
calls=68 0 
* 408
* 544
cob=(2)
cfi=(51)
cfn=(2964)
calls=68 0 
* 408
* 500
+2 69
cob=(2)
cfi=(51)
cfn=(1944) 0x000000000010f150
calls=23 0 
* 115
* 92
+2 27
cfn=(3712) pg::(anonymous namespace)::strToKeyword(std::__cxx11::basic_string<char, std::char_traits<char>, std::allocator<char> > const&)
calls=9 -41 
* 17011
* 81
cfi=(279) /usr/include/c++/11/bits/stl_queue.h
cfn=(3752) decltype(auto) std::queue<pg::Token, std::deque<pg::Token, std::allocator<pg::Token> > >::emplace<pg::TokenType, std::__cxx11::basic_string<char, std::char_traits<char>, std::allocator<char> >&, int&, int&>(pg::TokenType&&, std::__cxx11::basic_string<char, std::char_traits<char>, std::allocator<char> >&, int&, int&)
calls=9 +4 
* 5840
+2 69
cob=(2)
cfi=(51)
cfn=(1944)
calls=23 0 
* 115
* 92
+2 115
cob=(2)
cfi=(51)
cfn=(2912) 0x000000000010f0a0
calls=23 0 
* 2042
+1 23
+2 69
+1 23
+3 340
cob=(2)
cfi=(51)
cfn=(2964)
calls=68 0 
* 408
* 136
+2 340
cob=(2)
cfi=(51)
cfn=(1944)
calls=68 0 
* 340
* 272
+1 366
cob=(2)
cfi=(51)
cfn=(2964)
calls=61 0 
* 366
* 366
cfn=(3706)
calls=61 60 
* 1630
* 122
+2 28
cfn=(3706)
calls=7 60 
* 189
* 7
+2 204
+2 90
+6 225
cob=(2)
cfi=(51)
cfn=(3708) 0x000000000010ed10
calls=45 0 
* 1395
+2 90
+3 69
+30 69
+10 69
+14 46
+8 69
+2 15
cob=(2)
cfi=(51)
cfn=(1944)
calls=3 0 
* 15
* 12
+2 18
cob=(2)
cfi=(51)
cfn=(2964)
calls=3 0 
* 18
* 15
cfn=(3706)
calls=3 60 
* 87
* 12
+5 60
cob=(2)
cfi=(51)
cfn=(1944)
calls=20 0 
* 100
* 80
+2 30
cfn=(3712)
calls=10 231 
* 26882
* 90
cfi=(279)
cfn=(3752)
calls=10 276 
* 7211
+3 60
cob=(2)
cfi=(51)
cfn=(1944)
calls=20 0 
* 100
* 80
+3 60
+2 60
cob=(2)
cfi=(51)
cfn=(1334)
calls=20 0 
* 80
* 120
cfi=(196)
cfn=(2954) std::__cxx11::basic_string<char, std::char_traits<char>, std::allocator<char> >::basic_string<std::allocator<char> >(unsigned long, char, std::allocator<char> const&)
calls=20 553 
* 1320
* 160
cfi=(279)
cfn=(3916) decltype(auto) std::queue<pg::Token, std::deque<pg::Token, std::allocator<pg::Token> > >::emplace<pg::TokenType&, std::__cxx11::basic_string<char, std::char_traits<char>, std::allocator<char> >, int&, int&>(pg::TokenType&, std::__cxx11::basic_string<char, std::char_traits<char>, std::allocator<char> >&&, int&, int&)
calls=20 276 
* 12572
* 60
cob=(2)
cfi=(51)
cfn=(2072) 0x000000000010ea10
calls=20 0 
* 160
* 60
cob=(2)
cfi=(51)
cfn=(1382)
calls=20 0 
* 80
+1 80
+9 100
cob=(2)
cfi=(51)
cfn=(2912)
calls=20 0 
* 1780
+1 20
266 80
cob=(2)
cfi=(51)
cfn=(1944)
calls=20 0 
* 100
* 272
cob=(2)
cfi=(51)
cfn=(1944)
calls=68 0 
* 340
* 42
cob=(2)
cfi=(51)
cfn=(1944)
calls=14 0 
* 70
* 408
402 11
-32 3
+34 56
+2 42
cob=(2)
cfi=(51)
cfn=(1944)
calls=14 0 
* 70
* 56
+6 140
cfi=(279)
cfn=(3928) decltype(auto) std::queue<pg::Token, std::deque<pg::Token, std::allocator<pg::Token> > >::emplace<pg::TokenType, char const (&) [2], int&, int&>(pg::TokenType&&, char const (&) [2], int&, int&)
calls=14 276 
* 11760
+3 42
+1 14
+1 14
+1 42
cob=(2)
cfi=(51)
cfn=(2072)
calls=14 0 
* 112
262 75
cob=(2)
cfi=(51)
cfn=(3524) 0x000000000010eaa0
calls=15 0 
* 2951
* 90
cob=(2)
cfi=(51)
cfn=(3554) 0x000000000010f000
calls=15 0 
* 90
* 30
418 3
cob=(2)
cfi=(51)
cfn=(2072)
calls=1 0 
* 104
+2 2
+3 10
cfi=(279)
cfn=(3988) decltype(auto) std::queue<pg::Token, std::deque<pg::Token, std::allocator<pg::Token> > >::emplace<pg::TokenType, char const (&) [12], int&, int&>(pg::TokenType&&, char const (&) [12], int&, int&)
calls=1 276 
* 1507
+1 3
cob=(2)
cfi=(51)
cfn=(2072)
calls=1 0 
* 8
* 3
cob=(2)
cfi=(51)
cfn=(3912)
calls=1 0 
* 194
* 9

fn=(3712)
231 152
+1 57
cfi=(232)
cfn=(3714) std::unordered_map<std::__cxx11::basic_string<char, std::char_traits<char>, std::allocator<char> >, pg::TokenType, std::hash<std::__cxx11::basic_string<char, std::char_traits<char>, std::allocator<char> > >, std::equal_to<std::__cxx11::basic_string<char, std::char_traits<char>, std::allocator<char> > >, std::allocator<std::pair<std::__cxx11::basic_string<char, std::char_traits<char>, std::allocator<char> > const, pg::TokenType> > >::end() const
calls=19 356 
* 1007
* 114
cfi=(232)
cfn=(3720) std::unordered_map<std::__cxx11::basic_string<char, std::char_traits<char>, std::allocator<char> >, pg::TokenType, std::hash<std::__cxx11::basic_string<char, std::char_traits<char>, std::allocator<char> > >, std::equal_to<std::__cxx11::basic_string<char, std::char_traits<char>, std::allocator<char> > >, std::allocator<std::pair<std::__cxx11::basic_string<char, std::char_traits<char>, std::allocator<char> > const, pg::TokenType> > >::find(std::__cxx11::basic_string<char, std::char_traits<char>, std::allocator<char> > const&) const
calls=19 879 
* 9293
* 114
cfi=(235) /usr/include/c++/11/bits/hashtable_policy.h
cfn=(3744) std::__detail::operator!=(std::__detail::_Node_iterator_base<std::pair<std::__cxx11::basic_string<char, std::char_traits<char>, std::allocator<char> > const, pg::TokenType>, true> const&, std::__detail::_Node_iterator_base<std::pair<std::__cxx11::basic_string<char, std::char_traits<char>, std::allocator<char> > const, pg::TokenType>, true> const&)
calls=19 +77 
* 247
* 38
+1 25
cfi=(232)
cfn=(3746) std::unordered_map<std::__cxx11::basic_string<char, std::char_traits<char>, std::allocator<char> >, pg::TokenType, std::hash<std::__cxx11::basic_string<char, std::char_traits<char>, std::allocator<char> > >, std::equal_to<std::__cxx11::basic_string<char, std::char_traits<char>, std::allocator<char> > >, std::allocator<std::pair<std::__cxx11::basic_string<char, std::char_traits<char>, std::allocator<char> > const, pg::TokenType> > >::at(std::__cxx11::basic_string<char, std::char_traits<char>, std::allocator<char> > const&) const
calls=5 1000 
* 3411
* 10
+2 42
cfn=(3776) pg::(anonymous namespace)::isNumber(std::__cxx11::basic_string<char, std::char_traits<char>, std::allocator<char> > const&)
calls=14 -37 
* 4595
* 28
+1 8
+2 30
cfn=(3812)
calls=10 -27 
* 24597
* 20
+3 10
+1 95

fn=(3776)
198 126
+1 42
cob=(2)
cfi=(51)
cfn=(2678) 0x000000000010f1f0
calls=14 0 
* 84
* 42
+1 42
cob=(2)
cfi=(51)
cfn=(3778) 0x000000000010f330
calls=14 0 
* 84
* 14
-1 42
cob=(2)
cfi=(51)
cfn=(3778)
calls=14 0 
* 84
* 56
cob=(2)
cfi=(51)
cfn=(3782) 0x000000000010ee60
calls=14 0 
* 70
* 42
cfi=(298) /usr/include/c++/11/bits/stl_algo.h
cfn=(3786) __gnu_cxx::__normal_iterator<char const*, std::__cxx11::basic_string<char, std::char_traits<char>, std::allocator<char> > > std::find_if<__gnu_cxx::__normal_iterator<char const*, std::__cxx11::basic_string<char, std::char_traits<char>, std::allocator<char> > >, pg::(anonymous namespace)::isNumber(std::__cxx11::basic_string<char, std::char_traits<char>, std::allocator<char> > const&)::{lambda(unsigned char)#1}>(__gnu_cxx::__normal_iterator<char const*, std::__cxx11::basic_string<char, std::char_traits<char>, std::allocator<char> > >, __gnu_cxx::__normal_iterator<char const*, std::__cxx11::basic_string<char, std::char_traits<char>, std::allocator<char> > >, pg::(anonymous namespace)::isNumber(std::__cxx11::basic_string<char, std::char_traits<char>, std::allocator<char> > const&)::{lambda(unsigned char)#1})
calls=14 3901 
* 3177
* 14
+1 70
cfi=(225) /usr/include/c++/11/bits/stl_iterator.h
cfn=(3810) bool __gnu_cxx::operator==<char const*, std::__cxx11::basic_string<char, std::char_traits<char>, std::allocator<char> > >(__gnu_cxx::__normal_iterator<char const*, std::__cxx11::basic_string<char, std::char_traits<char>, std::allocator<char> > > const&, __gnu_cxx::__normal_iterator<char const*, std::__cxx11::basic_string<char, std::char_traits<char>, std::allocator<char> > > const&)
calls=14 1163 
* 476
-1 46
+2 84

fl=(308) /home/corse/Documents/PgEngine/src/Engine/Memory/elementtype.h
fn=(4594) pg::ElementType::ElementType<int>(int const&)
88 96
cfn=(4596) pg::ElementType::U::U()
calls=8 -51 
* 72
* 64
cfn=(4598) pg::ElementType::setValue(int)
calls=8 210 
* 264
* 24

fn=(4838) std::__cxx11::basic_string<char, std::char_traits<char>, std::allocator<char> > pg::ElementType::get<std::__cxx11::basic_string<char, std::char_traits<char>, std::allocator<char> > >() const
268 2185128
+2 1213960
cfi=(250)
cfn=(4840) pg::ElementType::operator std::__cxx11::basic_string<char, std::char_traits<char>, std::allocator<char> >() const
calls=242792 665 
* 41031848
+1 1456752

fn=(4598)
210 48
+2 32
cfn=(4600) pg::ElementType::clearPreviousTypeIfNeeded(pg::ElementType::UnionType)
calls=8 331 
* 120
+2 24
+1 16
+1 24

fn=(4608) pg::ElementType::isBool() const
273 36
+2 36
+1 18

fn=(4676) pg::ElementType::clearPreviousType()
321 2428060
+2 971224
+2 1942448
+1 971208
cob=(2)
cfi=(51)
cfn=(2072)
calls=242802 0 
* 1942416
+3 1456836

fn=(4698) pg::ElementType::setValue(std::__cxx11::basic_string<char, std::char_traits<char>, std::allocator<char> > const&)
251 2185218
+2 728406
cfn=(4676)
calls=242802 +68 
* 3399228
+2 1214010
cfi=(224) /usr/include/c++/11/new
cfn=(1504) operator new(unsigned long, void*)
calls=242802 -80 
* 1942416
* 1214010
cob=(2)
cfi=(51)
cfn=(1996) 0x000000000010ec10
calls=242802 0 
* 34235082
+1 485604
+1 1699614

fn=(4596)
37 2185290

fn=(4600)
331 48
+2 16
+3 32
+2 24

fn=(4696) pg::ElementType::ElementType<std::__cxx11::basic_string<char, std::char_traits<char>, std::allocator<char> > >(std::__cxx11::basic_string<char, std::char_traits<char>, std::allocator<char> > const&)
88 65
cfn=(4596)
calls=5 -51 
* 45
* 35
cfn=(4698)
calls=5 251 
* 970
* 20

fn=(5064) pg::ElementType::isLitteral() const
283 971148
+2 971148
+1 485574

fn=(4674) pg::ElementType::~ElementType()
122 1942480
cfn=(4676)
calls=242810 321 
* 6312964
* 971240
cfn=(4678) pg::ElementType::U::~U()
calls=242810 -80 
* 1699670
* 728430

fn=(4700) pg::ElementType::ElementType(pg::ElementType const&)
92 1699579
+1 1456782
cfn=(4596)
calls=242797 -56 
* 2185173
* 485594
+1 2913564
+5 1456782
cfn=(4698)
calls=242797 251 
* 47102618
* 242797
+3 1213985

fn=(4610) int pg::ElementType::get<int>() const
268 40
+2 24
cfi=(250)
cfn=(4612) pg::ElementType::operator int() const
calls=8 635 
* 176
+1 16

fn=(4678)
42 1699670

fl=(232)
fn=(2688) std::unordered_map<std::__cxx11::basic_string<char, std::char_traits<char>, std::allocator<char> >, pg::Value, std::hash<std::__cxx11::basic_string<char, std::char_traits<char>, std::allocator<char> > >, std::equal_to<std::__cxx11::basic_string<char, std::char_traits<char>, std::allocator<char> > >, std::allocator<std::pair<std::__cxx11::basic_string<char, std::char_traits<char>, std::allocator<char> > const, pg::Value> > >::unordered_map()
141 8
cfi=(233) /usr/include/c++/11/bits/hashtable.h
cfn=(2690) std::_Hashtable<std::__cxx11::basic_string<char, std::char_traits<char>, std::allocator<char> >, std::pair<std::__cxx11::basic_string<char, std::char_traits<char>, std::allocator<char> > const, pg::Value>, std::allocator<std::pair<std::__cxx11::basic_string<char, std::char_traits<char>, std::allocator<char> > const, pg::Value> >, std::__detail::_Select1st, std::equal_to<std::__cxx11::basic_string<char, std::char_traits<char>, std::allocator<char> > >, std::hash<std::__cxx11::basic_string<char, std::char_traits<char>, std::allocator<char> > >, std::__detail::_Mod_range_hashing, std::__detail::_Default_ranged_hash, std::__detail::_Prime_rehash_policy, std::__detail::_Hashtable_traits<true, false, true> >::_Hashtable()
calls=1 528 
* 135
* 3

fn=(3068) std::unordered_map<void*, int, std::hash<void*>, std::equal_to<void*>, std::allocator<std::pair<void* const, int> > >::operator[](void* const&)
979 30
+1 25
cfi=(235)
cfn=(3070) std::__detail::_Map_base<void*, std::pair<void* const, int>, std::allocator<std::pair<void* const, int> >, std::__detail::_Select1st, std::equal_to<void*>, std::hash<void*>, std::__detail::_Mod_range_hashing, std::__detail::_Default_ranged_hash, std::__detail::_Prime_rehash_policy, std::__detail::_Hashtable_traits<false, false, true>, true>::operator[](void* const&)
calls=5 696 
* 6105
* 10

fn=(3746)
1000 30
+1 25
cfi=(235)
cfn=(3748) std::__detail::_Map_base<std::__cxx11::basic_string<char, std::char_traits<char>, std::allocator<char> >, std::pair<std::__cxx11::basic_string<char, std::char_traits<char>, std::allocator<char> > const, pg::TokenType>, std::allocator<std::pair<std::__cxx11::basic_string<char, std::char_traits<char>, std::allocator<char> > const, pg::TokenType> >, std::__detail::_Select1st, std::equal_to<std::__cxx11::basic_string<char, std::char_traits<char>, std::allocator<char> > >, std::hash<std::__cxx11::basic_string<char, std::char_traits<char>, std::allocator<char> > >, std::__detail::_Mod_range_hashing, std::__detail::_Default_ranged_hash, std::__detail::_Prime_rehash_policy, std::__detail::_Hashtable_traits<true, false, true>, true>::at(std::__cxx11::basic_string<char, std::char_traits<char>, std::allocator<char> > const&) const
calls=5 767 
* 3346
* 10

fn=(2888) std::unordered_map<std::__cxx11::basic_string<char, std::char_traits<char>, std::allocator<char> >, pg::Logger::LogSink::Filter*, std::hash<std::__cxx11::basic_string<char, std::char_traits<char>, std::allocator<char> > >, std::equal_to<std::__cxx11::basic_string<char, std::char_traits<char>, std::allocator<char> > >, std::allocator<std::pair<std::__cxx11::basic_string<char, std::char_traits<char>, std::allocator<char> > const, pg::Logger::LogSink::Filter*> > >::begin()
325 50
+1 30
cfi=(233)
cfn=(2890) std::_Hashtable<std::__cxx11::basic_string<char, std::char_traits<char>, std::allocator<char> >, std::pair<std::__cxx11::basic_string<char, std::char_traits<char>, std::allocator<char> > const, pg::Logger::LogSink::Filter*>, std::allocator<std::pair<std::__cxx11::basic_string<char, std::char_traits<char>, std::allocator<char> > const, pg::Logger::LogSink::Filter*> >, std::__detail::_Select1st, std::equal_to<std::__cxx11::basic_string<char, std::char_traits<char>, std::allocator<char> > >, std::hash<std::__cxx11::basic_string<char, std::char_traits<char>, std::allocator<char> > >, std::__detail::_Mod_range_hashing, std::__detail::_Default_ranged_hash, std::__detail::_Prime_rehash_policy, std::__detail::_Hashtable_traits<true, false, true> >::begin()
calls=10 621 
* 550
* 20

fn=(5308) std::unordered_map<std::__cxx11::basic_string<char, std::char_traits<char>, std::allocator<char> >, pg::Value, std::hash<std::__cxx11::basic_string<char, std::char_traits<char>, std::allocator<char> > >, std::equal_to<std::__cxx11::basic_string<char, std::char_traits<char>, std::allocator<char> > >, std::allocator<std::pair<std::__cxx11::basic_string<char, std::char_traits<char>, std::allocator<char> > const, pg::Value> > >::begin()
325 5
+1 3
cfi=(233)
cfn=(5310) std::_Hashtable<std::__cxx11::basic_string<char, std::char_traits<char>, std::allocator<char> >, std::pair<std::__cxx11::basic_string<char, std::char_traits<char>, std::allocator<char> > const, pg::Value>, std::allocator<std::pair<std::__cxx11::basic_string<char, std::char_traits<char>, std::allocator<char> > const, pg::Value> >, std::__detail::_Select1st, std::equal_to<std::__cxx11::basic_string<char, std::char_traits<char>, std::allocator<char> > >, std::hash<std::__cxx11::basic_string<char, std::char_traits<char>, std::allocator<char> > >, std::__detail::_Mod_range_hashing, std::__detail::_Default_ranged_hash, std::__detail::_Prime_rehash_policy, std::__detail::_Hashtable_traits<true, false, true> >::begin()
calls=1 621 
* 55
* 2

fn=(5396) std::unordered_map<void*, int, std::hash<void*>, std::equal_to<void*>, std::allocator<std::pair<void* const, int> > >::~unordered_map()
102 8
cfi=(233)
cfn=(5398) std::_Hashtable<void*, std::pair<void* const, int>, std::allocator<std::pair<void* const, int> >, std::__detail::_Select1st, std::equal_to<void*>, std::hash<void*>, std::__detail::_Mod_range_hashing, std::__detail::_Default_ranged_hash, std::__detail::_Prime_rehash_policy, std::__detail::_Hashtable_traits<false, false, true> >::~_Hashtable()
calls=1 1528 
* 743
* 3

fn=(5500)
102 8
cfi=(233)
cfn=(5502) std::_Hashtable<std::__cxx11::basic_string<char, std::char_traits<char>, std::allocator<char> >, std::pair<std::__cxx11::basic_string<char, std::char_traits<char>, std::allocator<char> > const, pg::TokenType>, std::allocator<std::pair<std::__cxx11::basic_string<char, std::char_traits<char>, std::allocator<char> > const, pg::TokenType> >, std::__detail::_Select1st, std::equal_to<std::__cxx11::basic_string<char, std::char_traits<char>, std::allocator<char> > >, std::hash<std::__cxx11::basic_string<char, std::char_traits<char>, std::allocator<char> > >, std::__detail::_Mod_range_hashing, std::__detail::_Default_ranged_hash, std::__detail::_Prime_rehash_policy, std::__detail::_Hashtable_traits<true, false, true> >::~_Hashtable()
calls=1 1528 
* 6878
* 3

fn=(3720)
879 114
+1 95
cfi=(233)
cfn=(3722) std::_Hashtable<std::__cxx11::basic_string<char, std::char_traits<char>, std::allocator<char> >, std::pair<std::__cxx11::basic_string<char, std::char_traits<char>, std::allocator<char> > const, pg::TokenType>, std::allocator<std::pair<std::__cxx11::basic_string<char, std::char_traits<char>, std::allocator<char> > const, pg::TokenType> >, std::__detail::_Select1st, std::equal_to<std::__cxx11::basic_string<char, std::char_traits<char>, std::allocator<char> > >, std::hash<std::__cxx11::basic_string<char, std::char_traits<char>, std::allocator<char> > >, std::__detail::_Mod_range_hashing, std::__detail::_Default_ranged_hash, std::__detail::_Prime_rehash_policy, std::__detail::_Hashtable_traits<true, false, true> >::find(std::__cxx11::basic_string<char, std::char_traits<char>, std::allocator<char> > const&) const
calls=19 1603 
* 9046
* 38

fn=(5124) std::unordered_map<void*, int, std::hash<void*>, std::equal_to<void*>, std::allocator<std::pair<void* const, int> > >::end()
347 1213955
+1 728373
cfi=(233)
cfn=(5126) std::_Hashtable<void*, std::pair<void* const, int>, std::allocator<std::pair<void* const, int> >, std::__detail::_Select1st, std::equal_to<void*>, std::hash<void*>, std::__detail::_Mod_range_hashing, std::__detail::_Default_ranged_hash, std::__detail::_Prime_rehash_policy, std::__detail::_Hashtable_traits<false, false, true> >::end()
calls=242791 629 
* 10440013
* 485582

fn=(2556) std::unordered_map<std::__cxx11::basic_string<char, std::char_traits<char>, std::allocator<char> >, pg::Logger::LogSink::Filter*, std::hash<std::__cxx11::basic_string<char, std::char_traits<char>, std::allocator<char> > >, std::equal_to<std::__cxx11::basic_string<char, std::char_traits<char>, std::allocator<char> > >, std::allocator<std::pair<std::__cxx11::basic_string<char, std::char_traits<char>, std::allocator<char> > const, pg::Logger::LogSink::Filter*> > >::operator[](std::__cxx11::basic_string<char, std::char_traits<char>, std::allocator<char> > const&)
979 24
+1 20
cfi=(235)
cfn=(2558) std::__detail::_Map_base<std::__cxx11::basic_string<char, std::char_traits<char>, std::allocator<char> >, std::pair<std::__cxx11::basic_string<char, std::char_traits<char>, std::allocator<char> > const, pg::Logger::LogSink::Filter*>, std::allocator<std::pair<std::__cxx11::basic_string<char, std::char_traits<char>, std::allocator<char> > const, pg::Logger::LogSink::Filter*> >, std::__detail::_Select1st, std::equal_to<std::__cxx11::basic_string<char, std::char_traits<char>, std::allocator<char> > >, std::hash<std::__cxx11::basic_string<char, std::char_traits<char>, std::allocator<char> > >, std::__detail::_Mod_range_hashing, std::__detail::_Default_ranged_hash, std::__detail::_Prime_rehash_policy, std::__detail::_Hashtable_traits<true, false, true>, true>::operator[](std::__cxx11::basic_string<char, std::char_traits<char>, std::allocator<char> > const&)
calls=4 696 
* 6402
* 8

fn=(5556) std::unordered_map<std::__cxx11::basic_string<char, std::char_traits<char>, std::allocator<char> >, pg::Logger::LogSink::Filter*, std::hash<std::__cxx11::basic_string<char, std::char_traits<char>, std::allocator<char> > >, std::equal_to<std::__cxx11::basic_string<char, std::char_traits<char>, std::allocator<char> > >, std::allocator<std::pair<std::__cxx11::basic_string<char, std::char_traits<char>, std::allocator<char> > const, pg::Logger::LogSink::Filter*> > >::~unordered_map()
102 8
cfi=(233)
cfn=(5558) std::_Hashtable<std::__cxx11::basic_string<char, std::char_traits<char>, std::allocator<char> >, std::pair<std::__cxx11::basic_string<char, std::char_traits<char>, std::allocator<char> > const, pg::Logger::LogSink::Filter*>, std::allocator<std::pair<std::__cxx11::basic_string<char, std::char_traits<char>, std::allocator<char> > const, pg::Logger::LogSink::Filter*> >, std::__detail::_Select1st, std::equal_to<std::__cxx11::basic_string<char, std::char_traits<char>, std::allocator<char> > >, std::hash<std::__cxx11::basic_string<char, std::char_traits<char>, std::allocator<char> > >, std::__detail::_Mod_range_hashing, std::__detail::_Default_ranged_hash, std::__detail::_Prime_rehash_policy, std::__detail::_Hashtable_traits<true, false, true> >::~_Hashtable()
calls=1 1528 
* 1861
* 3

fn=(5620)
102 8
cfi=(233)
cfn=(5622) std::_Hashtable<pg::TokenType, std::pair<pg::TokenType const, pg::ParseRule>, std::allocator<std::pair<pg::TokenType const, pg::ParseRule> >, std::__detail::_Select1st, std::equal_to<pg::TokenType>, std::hash<pg::TokenType>, std::__detail::_Mod_range_hashing, std::__detail::_Default_ranged_hash, std::__detail::_Prime_rehash_policy, std::__detail::_Hashtable_traits<false, false, true> >::~_Hashtable()
calls=1 1528 
* 23906
* 3

fn=(2704) std::unordered_map<void*, int, std::hash<void*>, std::equal_to<void*>, std::allocator<std::pair<void* const, int> > >::unordered_map()
141 8
cfi=(233)
cfn=(2706) std::_Hashtable<void*, std::pair<void* const, int>, std::allocator<std::pair<void* const, int> >, std::__detail::_Select1st, std::equal_to<void*>, std::hash<void*>, std::__detail::_Mod_range_hashing, std::__detail::_Default_ranged_hash, std::__detail::_Prime_rehash_policy, std::__detail::_Hashtable_traits<false, false, true> >::_Hashtable()
calls=1 528 
* 135
* 3

fn=(2892) std::unordered_map<std::__cxx11::basic_string<char, std::char_traits<char>, std::allocator<char> >, pg::Logger::LogSink::Filter*, std::hash<std::__cxx11::basic_string<char, std::char_traits<char>, std::allocator<char> > >, std::equal_to<std::__cxx11::basic_string<char, std::char_traits<char>, std::allocator<char> > >, std::allocator<std::pair<std::__cxx11::basic_string<char, std::char_traits<char>, std::allocator<char> > const, pg::Logger::LogSink::Filter*> > >::end()
347 50
+1 30
cfi=(233)
cfn=(2894) std::_Hashtable<std::__cxx11::basic_string<char, std::char_traits<char>, std::allocator<char> >, std::pair<std::__cxx11::basic_string<char, std::char_traits<char>, std::allocator<char> > const, pg::Logger::LogSink::Filter*>, std::allocator<std::pair<std::__cxx11::basic_string<char, std::char_traits<char>, std::allocator<char> > const, pg::Logger::LogSink::Filter*> >, std::__detail::_Select1st, std::equal_to<std::__cxx11::basic_string<char, std::char_traits<char>, std::allocator<char> > >, std::hash<std::__cxx11::basic_string<char, std::char_traits<char>, std::allocator<char> > >, std::__detail::_Mod_range_hashing, std::__detail::_Default_ranged_hash, std::__detail::_Prime_rehash_policy, std::__detail::_Hashtable_traits<true, false, true> >::end()
calls=10 629 
* 430
* 20

fn=(3174) std::unordered_map<std::__cxx11::basic_string<char, std::char_traits<char>, std::allocator<char> >, pg::Value, std::hash<std::__cxx11::basic_string<char, std::char_traits<char>, std::allocator<char> > >, std::equal_to<std::__cxx11::basic_string<char, std::char_traits<char>, std::allocator<char> > >, std::allocator<std::pair<std::__cxx11::basic_string<char, std::char_traits<char>, std::allocator<char> > const, pg::Value> > >::operator[](std::__cxx11::basic_string<char, std::char_traits<char>, std::allocator<char> > const&)
979 6
+1 5
cfi=(235)
cfn=(3176) std::__detail::_Map_base<std::__cxx11::basic_string<char, std::char_traits<char>, std::allocator<char> >, std::pair<std::__cxx11::basic_string<char, std::char_traits<char>, std::allocator<char> > const, pg::Value>, std::allocator<std::pair<std::__cxx11::basic_string<char, std::char_traits<char>, std::allocator<char> > const, pg::Value> >, std::__detail::_Select1st, std::equal_to<std::__cxx11::basic_string<char, std::char_traits<char>, std::allocator<char> > >, std::hash<std::__cxx11::basic_string<char, std::char_traits<char>, std::allocator<char> > >, std::__detail::_Mod_range_hashing, std::__detail::_Default_ranged_hash, std::__detail::_Prime_rehash_policy, std::__detail::_Hashtable_traits<true, false, true>, true>::operator[](std::__cxx11::basic_string<char, std::char_traits<char>, std::allocator<char> > const&)
calls=1 696 
* 1939
* 2

fn=(5130) std::unordered_map<std::__cxx11::basic_string<char, std::char_traits<char>, std::allocator<char> >, pg::Value, std::hash<std::__cxx11::basic_string<char, std::char_traits<char>, std::allocator<char> > >, std::equal_to<std::__cxx11::basic_string<char, std::char_traits<char>, std::allocator<char> > >, std::allocator<std::pair<std::__cxx11::basic_string<char, std::char_traits<char>, std::allocator<char> > const, pg::Value> > >::find(std::__cxx11::basic_string<char, std::char_traits<char>, std::allocator<char> > const&)
868 1456710
+1 1213925
cfi=(233)
cfn=(5132) std::_Hashtable<std::__cxx11::basic_string<char, std::char_traits<char>, std::allocator<char> >, std::pair<std::__cxx11::basic_string<char, std::char_traits<char>, std::allocator<char> > const, pg::Value>, std::allocator<std::pair<std::__cxx11::basic_string<char, std::char_traits<char>, std::allocator<char> > const, pg::Value> >, std::__detail::_Select1st, std::equal_to<std::__cxx11::basic_string<char, std::char_traits<char>, std::allocator<char> > >, std::hash<std::__cxx11::basic_string<char, std::char_traits<char>, std::allocator<char> > >, std::__detail::_Mod_range_hashing, std::__detail::_Default_ranged_hash, std::__detail::_Prime_rehash_policy, std::__detail::_Hashtable_traits<true, false, true> >::find(std::__cxx11::basic_string<char, std::char_traits<char>, std::allocator<char> > const&)
calls=242785 1588 
* 137901880
* 485570

fn=(5188) std::unordered_map<void*, int, std::hash<void*>, std::equal_to<void*>, std::allocator<std::pair<void* const, int> > >::erase(std::__detail::_Node_iterator<std::pair<void* const, int>, false, false>)
745 18
+1 15
cfi=(233)
cfn=(5190) std::_Hashtable<void*, std::pair<void* const, int>, std::allocator<std::pair<void* const, int> >, std::__detail::_Select1st, std::equal_to<void*>, std::hash<void*>, std::__detail::_Mod_range_hashing, std::__detail::_Default_ranged_hash, std::__detail::_Prime_rehash_policy, std::__detail::_Hashtable_traits<false, false, true> >::erase(std::__detail::_Node_iterator<std::pair<void* const, int>, false, false>)
calls=3 933 
* 2492
* 6

fn=(1552) std::unordered_map<pg::TokenType, pg::ParseRule, std::hash<pg::TokenType>, std::equal_to<pg::TokenType>, std::allocator<std::pair<pg::TokenType const, pg::ParseRule> > >::unordered_map(std::initializer_list<std::pair<pg::TokenType const, pg::ParseRule> >, unsigned long, std::hash<pg::TokenType> const&, std::equal_to<pg::TokenType> const&, std::allocator<std::pair<pg::TokenType const, pg::ParseRule> > const&)
227 13
+5 12
cfi=(233)
cfn=(1554) std::_Hashtable<pg::TokenType, std::pair<pg::TokenType const, pg::ParseRule>, std::allocator<std::pair<pg::TokenType const, pg::ParseRule> >, std::__detail::_Select1st, std::equal_to<pg::TokenType>, std::hash<pg::TokenType>, std::__detail::_Mod_range_hashing, std::__detail::_Default_ranged_hash, std::__detail::_Prime_rehash_policy, std::__detail::_Hashtable_traits<false, false, true> >::_Hashtable(std::initializer_list<std::pair<pg::TokenType const, pg::ParseRule> >, unsigned long, std::hash<pg::TokenType> const&, std::equal_to<pg::TokenType> const&, std::allocator<std::pair<pg::TokenType const, pg::ParseRule> > const&)
calls=1 569 
* 127141
* 1
+1 3

fn=(3714)
356 95
+1 57
cfi=(233)
cfn=(3716) std::_Hashtable<std::__cxx11::basic_string<char, std::char_traits<char>, std::allocator<char> >, std::pair<std::__cxx11::basic_string<char, std::char_traits<char>, std::allocator<char> > const, pg::TokenType>, std::allocator<std::pair<std::__cxx11::basic_string<char, std::char_traits<char>, std::allocator<char> > const, pg::TokenType> >, std::__detail::_Select1st, std::equal_to<std::__cxx11::basic_string<char, std::char_traits<char>, std::allocator<char> > >, std::hash<std::__cxx11::basic_string<char, std::char_traits<char>, std::allocator<char> > >, std::__detail::_Mod_range_hashing, std::__detail::_Default_ranged_hash, std::__detail::_Prime_rehash_policy, std::__detail::_Hashtable_traits<true, false, true> >::end() const
calls=19 633 
* 817
* 38

fn=(1874)
227 13
+5 12
cfi=(233)
cfn=(1876) std::_Hashtable<std::__cxx11::basic_string<char, std::char_traits<char>, std::allocator<char> >, std::pair<std::__cxx11::basic_string<char, std::char_traits<char>, std::allocator<char> > const, pg::TokenType>, std::allocator<std::pair<std::__cxx11::basic_string<char, std::char_traits<char>, std::allocator<char> > const, pg::TokenType> >, std::__detail::_Select1st, std::equal_to<std::__cxx11::basic_string<char, std::char_traits<char>, std::allocator<char> > >, std::hash<std::__cxx11::basic_string<char, std::char_traits<char>, std::allocator<char> > >, std::__detail::_Mod_range_hashing, std::__detail::_Default_ranged_hash, std::__detail::_Prime_rehash_policy, std::__detail::_Hashtable_traits<true, false, true> >::_Hashtable(std::initializer_list<std::pair<std::__cxx11::basic_string<char, std::char_traits<char>, std::allocator<char> > const, pg::TokenType> >, unsigned long, std::hash<std::__cxx11::basic_string<char, std::char_traits<char>, std::allocator<char> > > const&, std::equal_to<std::__cxx11::basic_string<char, std::char_traits<char>, std::allocator<char> > > const&, std::allocator<std::pair<std::__cxx11::basic_string<char, std::char_traits<char>, std::allocator<char> > const, pg::TokenType> > const&)
calls=1 569 
* 29559
* 1
+1 3

fn=(4410) std::unordered_map<pg::TokenType, pg::ParseRule, std::hash<pg::TokenType>, std::equal_to<pg::TokenType>, std::allocator<std::pair<pg::TokenType const, pg::ParseRule> > >::operator[](pg::TokenType const&)
979 240
+1 200
cfi=(235)
cfn=(4412) std::__detail::_Map_base<pg::TokenType, std::pair<pg::TokenType const, pg::ParseRule>, std::allocator<std::pair<pg::TokenType const, pg::ParseRule> >, std::__detail::_Select1st, std::equal_to<pg::TokenType>, std::hash<pg::TokenType>, std::__detail::_Mod_range_hashing, std::__detail::_Default_ranged_hash, std::__detail::_Prime_rehash_policy, std::__detail::_Hashtable_traits<false, false, true>, true>::operator[](pg::TokenType const&)
calls=40 696 
* 21936
* 80

fn=(5120) std::unordered_map<void*, int, std::hash<void*>, std::equal_to<void*>, std::allocator<std::pair<void* const, int> > >::find(void* const&)
868 1456746
+1 1213955
cfi=(233)
cfn=(5122) std::_Hashtable<void*, std::pair<void* const, int>, std::allocator<std::pair<void* const, int> >, std::__detail::_Select1st, std::equal_to<void*>, std::hash<void*>, std::__detail::_Mod_range_hashing, std::__detail::_Default_ranged_hash, std::__detail::_Prime_rehash_policy, std::__detail::_Hashtable_traits<false, false, true> >::find(void* const&)
calls=242791 1588 
* 47103287
* 485582

fn=(5156) std::unordered_map<std::__cxx11::basic_string<char, std::char_traits<char>, std::allocator<char> >, pg::Value, std::hash<std::__cxx11::basic_string<char, std::char_traits<char>, std::allocator<char> > >, std::equal_to<std::__cxx11::basic_string<char, std::char_traits<char>, std::allocator<char> > >, std::allocator<std::pair<std::__cxx11::basic_string<char, std::char_traits<char>, std::allocator<char> > const, pg::Value> > >::end()
347 1213930
+1 728358
cfi=(233)
cfn=(5158) std::_Hashtable<std::__cxx11::basic_string<char, std::char_traits<char>, std::allocator<char> >, std::pair<std::__cxx11::basic_string<char, std::char_traits<char>, std::allocator<char> > const, pg::Value>, std::allocator<std::pair<std::__cxx11::basic_string<char, std::char_traits<char>, std::allocator<char> > const, pg::Value> >, std::__detail::_Select1st, std::equal_to<std::__cxx11::basic_string<char, std::char_traits<char>, std::allocator<char> > >, std::hash<std::__cxx11::basic_string<char, std::char_traits<char>, std::allocator<char> > >, std::__detail::_Mod_range_hashing, std::__detail::_Default_ranged_hash, std::__detail::_Prime_rehash_policy, std::__detail::_Hashtable_traits<true, false, true> >::end()
calls=242786 629 
* 10439798
* 485572

fn=(2418) std::unordered_map<std::__cxx11::basic_string<char, std::char_traits<char>, std::allocator<char> >, pg::Logger::LogSink::Filter*, std::hash<std::__cxx11::basic_string<char, std::char_traits<char>, std::allocator<char> > >, std::equal_to<std::__cxx11::basic_string<char, std::char_traits<char>, std::allocator<char> > >, std::allocator<std::pair<std::__cxx11::basic_string<char, std::char_traits<char>, std::allocator<char> > const, pg::Logger::LogSink::Filter*> > >::unordered_map()
141 8
cfi=(233)
cfn=(2420) std::_Hashtable<std::__cxx11::basic_string<char, std::char_traits<char>, std::allocator<char> >, std::pair<std::__cxx11::basic_string<char, std::char_traits<char>, std::allocator<char> > const, pg::Logger::LogSink::Filter*>, std::allocator<std::pair<std::__cxx11::basic_string<char, std::char_traits<char>, std::allocator<char> > const, pg::Logger::LogSink::Filter*> >, std::__detail::_Select1st, std::equal_to<std::__cxx11::basic_string<char, std::char_traits<char>, std::allocator<char> > >, std::hash<std::__cxx11::basic_string<char, std::char_traits<char>, std::allocator<char> > >, std::__detail::_Mod_range_hashing, std::__detail::_Default_ranged_hash, std::__detail::_Prime_rehash_policy, std::__detail::_Hashtable_traits<true, false, true> >::_Hashtable()
calls=1 528 
* 135
* 3

fn=(5070) std::unordered_map<std::__cxx11::basic_string<char, std::char_traits<char>, std::allocator<char> >, pg::Value, std::hash<std::__cxx11::basic_string<char, std::char_traits<char>, std::allocator<char> > >, std::equal_to<std::__cxx11::basic_string<char, std::char_traits<char>, std::allocator<char> > >, std::allocator<std::pair<std::__cxx11::basic_string<char, std::char_traits<char>, std::allocator<char> > const, pg::Value> > >::operator[](std::__cxx11::basic_string<char, std::char_traits<char>, std::allocator<char> >&&)
983 14
+1 8
cfi=(222)
cfn=(2868) std::remove_reference<std::__cxx11::basic_string<char, std::char_traits<char>, std::allocator<char> >&>::type&& std::move<std::__cxx11::basic_string<char, std::char_traits<char>, std::allocator<char> >&>(std::__cxx11::basic_string<char, std::char_traits<char>, std::allocator<char> >&)
calls=2 104 
* 14
* 6
cfi=(235)
cfn=(5072) std::__detail::_Map_base<std::__cxx11::basic_string<char, std::char_traits<char>, std::allocator<char> >, std::pair<std::__cxx11::basic_string<char, std::char_traits<char>, std::allocator<char> > const, pg::Value>, std::allocator<std::pair<std::__cxx11::basic_string<char, std::char_traits<char>, std::allocator<char> > const, pg::Value> >, std::__detail::_Select1st, std::equal_to<std::__cxx11::basic_string<char, std::char_traits<char>, std::allocator<char> > >, std::hash<std::__cxx11::basic_string<char, std::char_traits<char>, std::allocator<char> > >, std::__detail::_Mod_range_hashing, std::__detail::_Default_ranged_hash, std::__detail::_Prime_rehash_policy, std::__detail::_Hashtable_traits<true, false, true>, true>::operator[](std::__cxx11::basic_string<char, std::char_traits<char>, std::allocator<char> >&&)
calls=2 723 
* 2596
* 6

fn=(5414) std::unordered_map<std::__cxx11::basic_string<char, std::char_traits<char>, std::allocator<char> >, pg::Value, std::hash<std::__cxx11::basic_string<char, std::char_traits<char>, std::allocator<char> > >, std::equal_to<std::__cxx11::basic_string<char, std::char_traits<char>, std::allocator<char> > >, std::allocator<std::pair<std::__cxx11::basic_string<char, std::char_traits<char>, std::allocator<char> > const, pg::Value> > >::~unordered_map()
102 8
cfi=(233)
cfn=(5416) std::_Hashtable<std::__cxx11::basic_string<char, std::char_traits<char>, std::allocator<char> >, std::pair<std::__cxx11::basic_string<char, std::char_traits<char>, std::allocator<char> > const, pg::Value>, std::allocator<std::pair<std::__cxx11::basic_string<char, std::char_traits<char>, std::allocator<char> > const, pg::Value> >, std::__detail::_Select1st, std::equal_to<std::__cxx11::basic_string<char, std::char_traits<char>, std::allocator<char> > >, std::hash<std::__cxx11::basic_string<char, std::char_traits<char>, std::allocator<char> > >, std::__detail::_Mod_range_hashing, std::__detail::_Default_ranged_hash, std::__detail::_Prime_rehash_policy, std::__detail::_Hashtable_traits<true, false, true> >::~_Hashtable()
calls=1 1528 
* 1452
* 3

fl=(238) /usr/include/c++/11/bits/functional_hash.h
fn=(1630) std::__hash_enum<pg::TokenType, true>::operator()(pg::TokenType) const
92 2682
+3 1490
cfn=(1632) std::hash<int>::operator()(int) const
calls=298 +59 
* 2682
+1 1490

fn=(1632)
154 2682

fn=(1952) std::_Hash_impl::hash(void const*, unsigned long, unsigned long)
196 1699838
+2 1457004
cob=(2)
cfi=(51)
cfn=(1954) 0x000000000010eab0
calls=242834 0 
* 12141766
* 485668

fn=(3078) std::hash<void*>::operator()(void*) const
110 1214035
+1 728421

fl=(233)
fn=(1884) std::_Hashtable<std::__cxx11::basic_string<char, std::char_traits<char>, std::allocator<char> >, std::pair<std::__cxx11::basic_string<char, std::char_traits<char>, std::allocator<char> > const, pg::TokenType>, std::allocator<std::pair<std::__cxx11::basic_string<char, std::char_traits<char>, std::allocator<char> > const, pg::TokenType> >, std::__detail::_Select1st, std::equal_to<std::__cxx11::basic_string<char, std::char_traits<char>, std::allocator<char> > >, std::hash<std::__cxx11::basic_string<char, std::char_traits<char>, std::allocator<char> > >, std::__detail::_Mod_range_hashing, std::__detail::_Default_ranged_hash, std::__detail::_Prime_rehash_policy, std::__detail::_Hashtable_traits<true, false, true> >::_Hashtable<std::pair<std::__cxx11::basic_string<char, std::char_traits<char>, std::allocator<char> > const, pg::TokenType> const*>(std::pair<std::__cxx11::basic_string<char, std::char_traits<char>, std::allocator<char> > const, pg::TokenType> const*, std::pair<std::__cxx11::basic_string<char, std::char_traits<char>, std::allocator<char> > const, pg::TokenType> const*, unsigned long, std::hash<std::__cxx11::basic_string<char, std::char_traits<char>, std::allocator<char> > > const&, std::equal_to<std::__cxx11::basic_string<char, std::char_traits<char>, std::allocator<char> > > const&, std::allocator<std::pair<std::__cxx11::basic_string<char, std::char_traits<char>, std::allocator<char> > const, pg::TokenType> > const&, std::integral_constant<bool, true>)
1139 11
+6 7
cfn=(1886) std::_Hashtable<std::__cxx11::basic_string<char, std::char_traits<char>, std::allocator<char> >, std::pair<std::__cxx11::basic_string<char, std::char_traits<char>, std::allocator<char> > const, pg::TokenType>, std::allocator<std::pair<std::__cxx11::basic_string<char, std::char_traits<char>, std::allocator<char> > const, pg::TokenType> >, std::__detail::_Select1st, std::equal_to<std::__cxx11::basic_string<char, std::char_traits<char>, std::allocator<char> > >, std::hash<std::__cxx11::basic_string<char, std::char_traits<char>, std::allocator<char> > >, std::__detail::_Mod_range_hashing, std::__detail::_Default_ranged_hash, std::__detail::_Prime_rehash_policy, std::__detail::_Hashtable_traits<true, false, true> >::_Hashtable(unsigned long, std::hash<std::__cxx11::basic_string<char, std::char_traits<char>, std::allocator<char> > > const&, std::equal_to<std::__cxx11::basic_string<char, std::char_traits<char>, std::allocator<char> > > const&, std::allocator<std::pair<std::__cxx11::basic_string<char, std::char_traits<char>, std::allocator<char> > const, pg::TokenType> > const&)
calls=1 -25 
* 310
+2 1
+1 90
cfi=(235)
cfn=(1920) std::__detail::_Insert_base<std::__cxx11::basic_string<char, std::char_traits<char>, std::allocator<char> >, std::pair<std::__cxx11::basic_string<char, std::char_traits<char>, std::allocator<char> > const, pg::TokenType>, std::allocator<std::pair<std::__cxx11::basic_string<char, std::char_traits<char>, std::allocator<char> > const, pg::TokenType> >, std::__detail::_Select1st, std::equal_to<std::__cxx11::basic_string<char, std::char_traits<char>, std::allocator<char> > >, std::hash<std::__cxx11::basic_string<char, std::char_traits<char>, std::allocator<char> > >, std::__detail::_Mod_range_hashing, std::__detail::_Default_ranged_hash, std::__detail::_Prime_rehash_policy, std::__detail::_Hashtable_traits<true, false, true> >::insert(std::pair<std::__cxx11::basic_string<char, std::char_traits<char>, std::allocator<char> > const, pg::TokenType> const&)
calls=18 840 
* 28976
-1 75
+2 4

fn=(2020) std::_Hashtable<std::__cxx11::basic_string<char, std::char_traits<char>, std::allocator<char> >, std::pair<std::__cxx11::basic_string<char, std::char_traits<char>, std::allocator<char> > const, pg::TokenType>, std::allocator<std::pair<std::__cxx11::basic_string<char, std::char_traits<char>, std::allocator<char> > const, pg::TokenType> >, std::__detail::_Select1st, std::equal_to<std::__cxx11::basic_string<char, std::char_traits<char>, std::allocator<char> > >, std::hash<std::__cxx11::basic_string<char, std::char_traits<char>, std::allocator<char> > >, std::__detail::_Mod_range_hashing, std::__detail::_Default_ranged_hash, std::__detail::_Prime_rehash_policy, std::__detail::_Hashtable_traits<true, false, true> >::_M_insert_unique_node(unsigned long, unsigned long, std::__detail::_Hash_node<std::pair<std::__cxx11::basic_string<char, std::char_traits<char>, std::allocator<char> > const, pg::TokenType>, true>*, unsigned long)
2008 216
+6 72
cfi=(235)
cfn=(1676) std::__detail::_Prime_rehash_policy::_M_state() const
calls=18 473 
* 144
* 54
+2 162
cob=(2)
cfi=(51)
cfn=(1678) 0x000000000010f060
calls=18 0 
* 449
* 72
+3 54
+2 12
cfn=(2022) std::_Hashtable<std::__cxx11::basic_string<char, std::char_traits<char>, std::allocator<char> >, std::pair<std::__cxx11::basic_string<char, std::char_traits<char>, std::allocator<char> > const, pg::TokenType>, std::allocator<std::pair<std::__cxx11::basic_string<char, std::char_traits<char>, std::allocator<char> > const, pg::TokenType> >, std::__detail::_Select1st, std::equal_to<std::__cxx11::basic_string<char, std::char_traits<char>, std::allocator<char> > >, std::hash<std::__cxx11::basic_string<char, std::char_traits<char>, std::allocator<char> > >, std::__detail::_Mod_range_hashing, std::__detail::_Default_ranged_hash, std::__detail::_Prime_rehash_policy, std::__detail::_Hashtable_traits<true, false, true> >::_M_rehash(unsigned long, unsigned long const&)
calls=2 2355 
* 2138
+1 10
cfn=(1958) std::_Hashtable<std::__cxx11::basic_string<char, std::char_traits<char>, std::allocator<char> >, std::pair<std::__cxx11::basic_string<char, std::char_traits<char>, std::allocator<char> > const, pg::TokenType>, std::allocator<std::pair<std::__cxx11::basic_string<char, std::char_traits<char>, std::allocator<char> > const, pg::TokenType> >, std::__detail::_Select1st, std::equal_to<std::__cxx11::basic_string<char, std::char_traits<char>, std::allocator<char> > >, std::hash<std::__cxx11::basic_string<char, std::char_traits<char>, std::allocator<char> > >, std::__detail::_Mod_range_hashing, std::__detail::_Default_ranged_hash, std::__detail::_Prime_rehash_policy, std::__detail::_Hashtable_traits<true, false, true> >::_M_bucket_index(unsigned long) const
calls=2 794 
* 96
* 2
+3 14
cfi=(235)
cfn=(2040) std::__detail::_Hash_code_base<std::__cxx11::basic_string<char, std::char_traits<char>, std::allocator<char> >, std::pair<std::__cxx11::basic_string<char, std::char_traits<char>, std::allocator<char> > const, pg::TokenType>, std::__detail::_Select1st, std::hash<std::__cxx11::basic_string<char, std::char_traits<char>, std::allocator<char> > >, std::__detail::_Mod_range_hashing, std::__detail::_Default_ranged_hash, true>::_M_store_code(std::__detail::_Hash_node_code_cache<true>&, unsigned long) const
calls=2 1263 
* 24
* 112
cfi=(235)
cfn=(2040)
calls=16 1263 
* 192
+3 108
cfn=(2042) std::_Hashtable<std::__cxx11::basic_string<char, std::char_traits<char>, std::allocator<char> >, std::pair<std::__cxx11::basic_string<char, std::char_traits<char>, std::allocator<char> > const, pg::TokenType>, std::allocator<std::pair<std::__cxx11::basic_string<char, std::char_traits<char>, std::allocator<char> > const, pg::TokenType> >, std::__detail::_Select1st, std::equal_to<std::__cxx11::basic_string<char, std::char_traits<char>, std::allocator<char> > >, std::hash<std::__cxx11::basic_string<char, std::char_traits<char>, std::allocator<char> > >, std::__detail::_Mod_range_hashing, std::__detail::_Default_ranged_hash, std::__detail::_Prime_rehash_policy, std::__detail::_Hashtable_traits<true, false, true> >::_M_insert_bucket_begin(unsigned long, std::__detail::_Hash_node<std::pair<std::__cxx11::basic_string<char, std::char_traits<char>, std::allocator<char> > const, pg::TokenType>, true>*)
calls=18 1886 
* 1387
+1 90
+1 90
cfi=(235)
cfn=(2044) std::__detail::_Node_iterator<std::pair<std::__cxx11::basic_string<char, std::char_traits<char>, std::allocator<char> > const, pg::TokenType>, false, true>::_Node_iterator(std::__detail::_Hash_node<std::pair<std::__cxx11::basic_string<char, std::char_traits<char>, std::allocator<char> > const, pg::TokenType>, true>*)
calls=18 338 
* 450
* 18
+1 90

fn=(2036) std::_Hashtable<std::__cxx11::basic_string<char, std::char_traits<char>, std::allocator<char> >, std::pair<std::__cxx11::basic_string<char, std::char_traits<char>, std::allocator<char> > const, pg::TokenType>, std::allocator<std::pair<std::__cxx11::basic_string<char, std::char_traits<char>, std::allocator<char> > const, pg::TokenType> >, std::__detail::_Select1st, std::equal_to<std::__cxx11::basic_string<char, std::char_traits<char>, std::allocator<char> > >, std::hash<std::__cxx11::basic_string<char, std::char_traits<char>, std::allocator<char> > >, std::__detail::_Mod_range_hashing, std::__detail::_Default_ranged_hash, std::__detail::_Prime_rehash_policy, std::__detail::_Hashtable_traits<true, false, true> >::_M_deallocate_buckets(std::__detail::_Hash_node_base**, unsigned long)
444 21
+2 15
cfn=(2038) std::_Hashtable<std::__cxx11::basic_string<char, std::char_traits<char>, std::allocator<char> >, std::pair<std::__cxx11::basic_string<char, std::char_traits<char>, std::allocator<char> > const, pg::TokenType>, std::allocator<std::pair<std::__cxx11::basic_string<char, std::char_traits<char>, std::allocator<char> > const, pg::TokenType> >, std::__detail::_Select1st, std::equal_to<std::__cxx11::basic_string<char, std::char_traits<char>, std::allocator<char> > >, std::hash<std::__cxx11::basic_string<char, std::char_traits<char>, std::allocator<char> > >, std::__detail::_Mod_range_hashing, std::__detail::_Default_ranged_hash, std::__detail::_Prime_rehash_policy, std::__detail::_Hashtable_traits<true, false, true> >::_M_uses_single_bucket(std::__detail::_Hash_node_base**) const
calls=3 -25 
* 42
* 6
+3 12
cfi=(235)
cfn=(2064) std::__detail::_Hashtable_alloc<std::allocator<std::__detail::_Hash_node<std::pair<std::__cxx11::basic_string<char, std::char_traits<char>, std::allocator<char> > const, pg::TokenType>, true> > >::_M_deallocate_buckets(std::__detail::_Hash_node_base**, unsigned long)
calls=2 1935 
* 494
* 2
-2 1
+3 6

fn=(2664) std::_Hashtable<std::__cxx11::basic_string<char, std::char_traits<char>, std::allocator<char> >, std::pair<std::__cxx11::basic_string<char, std::char_traits<char>, std::allocator<char> > const, pg::Logger::LogSink::Filter*>, std::allocator<std::pair<std::__cxx11::basic_string<char, std::char_traits<char>, std::allocator<char> > const, pg::Logger::LogSink::Filter*> >, std::__detail::_Select1st, std::equal_to<std::__cxx11::basic_string<char, std::char_traits<char>, std::allocator<char> > >, std::hash<std::__cxx11::basic_string<char, std::char_traits<char>, std::allocator<char> > >, std::__detail::_Mod_range_hashing, std::__detail::_Default_ranged_hash, std::__detail::_Prime_rehash_policy, std::__detail::_Hashtable_traits<true, false, true> >::_M_bucket_index(std::__detail::_Hash_node_value<std::pair<std::__cxx11::basic_string<char, std::char_traits<char>, std::allocator<char> > const, pg::Logger::LogSink::Filter*>, true> const&) const
790 18
+1 21
cfi=(235)
cfn=(2666) std::__detail::_Hash_code_base<std::__cxx11::basic_string<char, std::char_traits<char>, std::allocator<char> >, std::pair<std::__cxx11::basic_string<char, std::char_traits<char>, std::allocator<char> > const, pg::Logger::LogSink::Filter*>, std::__detail::_Select1st, std::hash<std::__cxx11::basic_string<char, std::char_traits<char>, std::allocator<char> > >, std::__detail::_Mod_range_hashing, std::__detail::_Default_ranged_hash, true>::_M_bucket_index(std::__detail::_Hash_node_value<std::pair<std::__cxx11::basic_string<char, std::char_traits<char>, std::allocator<char> > const, pg::Logger::LogSink::Filter*>, true> const&, unsigned long) const
calls=3 1247 
* 102
* 6

fn=(3142) std::_Hashtable<void*, std::pair<void* const, int>, std::allocator<std::pair<void* const, int> >, std::__detail::_Select1st, std::equal_to<void*>, std::hash<void*>, std::__detail::_Mod_range_hashing, std::__detail::_Default_ranged_hash, std::__detail::_Prime_rehash_policy, std::__detail::_Hashtable_traits<false, false, true> >::_M_insert_unique_node(unsigned long, unsigned long, std::__detail::_Hash_node<std::pair<void* const, int>, false>*, unsigned long)
2008 48
+6 16
cfi=(235)
cfn=(1676)
calls=4 473 
* 32
* 12
+2 36
cob=(2)
cfi=(51)
cfn=(1678)
calls=4 0 
* 128
* 16
+3 12
+2 6
cfn=(3144) std::_Hashtable<void*, std::pair<void* const, int>, std::allocator<std::pair<void* const, int> >, std::__detail::_Select1st, std::equal_to<void*>, std::hash<void*>, std::__detail::_Mod_range_hashing, std::__detail::_Default_ranged_hash, std::__detail::_Prime_rehash_policy, std::__detail::_Hashtable_traits<false, false, true> >::_M_rehash(unsigned long, unsigned long const&)
calls=1 2355 
* 500
+1 5
cfn=(3080) std::_Hashtable<void*, std::pair<void* const, int>, std::allocator<std::pair<void* const, int> >, std::__detail::_Select1st, std::equal_to<void*>, std::hash<void*>, std::__detail::_Mod_range_hashing, std::__detail::_Default_ranged_hash, std::__detail::_Prime_rehash_policy, std::__detail::_Hashtable_traits<false, false, true> >::_M_bucket_index(unsigned long) const
calls=1 794 
* 48
* 1
+3 7
cfi=(235)
cfn=(3162) std::__detail::_Hash_code_base<void*, std::pair<void* const, int>, std::__detail::_Select1st, std::hash<void*>, std::__detail::_Mod_range_hashing, std::__detail::_Default_ranged_hash, false>::_M_store_code(std::__detail::_Hash_node_code_cache<false>&, unsigned long) const
calls=1 1254 
* 9
* 21
cfi=(235)
cfn=(3162)
calls=3 1254 
* 27
+3 24
cfn=(3164) std::_Hashtable<void*, std::pair<void* const, int>, std::allocator<std::pair<void* const, int> >, std::__detail::_Select1st, std::equal_to<void*>, std::hash<void*>, std::__detail::_Mod_range_hashing, std::__detail::_Default_ranged_hash, std::__detail::_Prime_rehash_policy, std::__detail::_Hashtable_traits<false, false, true> >::_M_insert_bucket_begin(unsigned long, std::__detail::_Hash_node<std::pair<void* const, int>, false>*)
calls=4 1886 
* 565
+1 20
+1 20
cfi=(235)
cfn=(3166) std::__detail::_Node_iterator<std::pair<void* const, int>, false, false>::_Node_iterator(std::__detail::_Hash_node<std::pair<void* const, int>, false>*)
calls=4 338 
* 100
* 4
+1 20

fn=(3222) std::_Hashtable<std::__cxx11::basic_string<char, std::char_traits<char>, std::allocator<char> >, std::pair<std::__cxx11::basic_string<char, std::char_traits<char>, std::allocator<char> > const, pg::Value>, std::allocator<std::pair<std::__cxx11::basic_string<char, std::char_traits<char>, std::allocator<char> > const, pg::Value> >, std::__detail::_Select1st, std::equal_to<std::__cxx11::basic_string<char, std::char_traits<char>, std::allocator<char> > >, std::hash<std::__cxx11::basic_string<char, std::char_traits<char>, std::allocator<char> > >, std::__detail::_Mod_range_hashing, std::__detail::_Default_ranged_hash, std::__detail::_Prime_rehash_policy, std::__detail::_Hashtable_traits<true, false, true> >::_M_insert_unique_node(unsigned long, unsigned long, std::__detail::_Hash_node<std::pair<std::__cxx11::basic_string<char, std::char_traits<char>, std::allocator<char> > const, pg::Value>, true>*, unsigned long)
2008 36
+6 12
cfi=(235)
cfn=(1676)
calls=3 473 
* 24
* 9
+2 27
cob=(2)
cfi=(51)
cfn=(1678)
calls=3 0 
* 117
* 12
+3 9
+2 6
cfn=(3224) std::_Hashtable<std::__cxx11::basic_string<char, std::char_traits<char>, std::allocator<char> >, std::pair<std::__cxx11::basic_string<char, std::char_traits<char>, std::allocator<char> > const, pg::Value>, std::allocator<std::pair<std::__cxx11::basic_string<char, std::char_traits<char>, std::allocator<char> > const, pg::Value> >, std::__detail::_Select1st, std::equal_to<std::__cxx11::basic_string<char, std::char_traits<char>, std::allocator<char> > >, std::hash<std::__cxx11::basic_string<char, std::char_traits<char>, std::allocator<char> > >, std::__detail::_Mod_range_hashing, std::__detail::_Default_ranged_hash, std::__detail::_Prime_rehash_policy, std::__detail::_Hashtable_traits<true, false, true> >::_M_rehash(unsigned long, unsigned long const&)
calls=1 2355 
* 500
+1 5
cfn=(3182) std::_Hashtable<std::__cxx11::basic_string<char, std::char_traits<char>, std::allocator<char> >, std::pair<std::__cxx11::basic_string<char, std::char_traits<char>, std::allocator<char> > const, pg::Value>, std::allocator<std::pair<std::__cxx11::basic_string<char, std::char_traits<char>, std::allocator<char> > const, pg::Value> >, std::__detail::_Select1st, std::equal_to<std::__cxx11::basic_string<char, std::char_traits<char>, std::allocator<char> > >, std::hash<std::__cxx11::basic_string<char, std::char_traits<char>, std::allocator<char> > >, std::__detail::_Mod_range_hashing, std::__detail::_Default_ranged_hash, std::__detail::_Prime_rehash_policy, std::__detail::_Hashtable_traits<true, false, true> >::_M_bucket_index(unsigned long) const
calls=1 794 
* 48
* 1
+3 7
cfi=(235)
cfn=(3242) std::__detail::_Hash_code_base<std::__cxx11::basic_string<char, std::char_traits<char>, std::allocator<char> >, std::pair<std::__cxx11::basic_string<char, std::char_traits<char>, std::allocator<char> > const, pg::Value>, std::__detail::_Select1st, std::hash<std::__cxx11::basic_string<char, std::char_traits<char>, std::allocator<char> > >, std::__detail::_Mod_range_hashing, std::__detail::_Default_ranged_hash, true>::_M_store_code(std::__detail::_Hash_node_code_cache<true>&, unsigned long) const
calls=1 1263 
* 12
* 14
cfi=(235)
cfn=(3242)
calls=2 1263 
* 24
+3 18
cfn=(3244) std::_Hashtable<std::__cxx11::basic_string<char, std::char_traits<char>, std::allocator<char> >, std::pair<std::__cxx11::basic_string<char, std::char_traits<char>, std::allocator<char> > const, pg::Value>, std::allocator<std::pair<std::__cxx11::basic_string<char, std::char_traits<char>, std::allocator<char> > const, pg::Value> >, std::__detail::_Select1st, std::equal_to<std::__cxx11::basic_string<char, std::char_traits<char>, std::allocator<char> > >, std::hash<std::__cxx11::basic_string<char, std::char_traits<char>, std::allocator<char> > >, std::__detail::_Mod_range_hashing, std::__detail::_Default_ranged_hash, std::__detail::_Prime_rehash_policy, std::__detail::_Hashtable_traits<true, false, true> >::_M_insert_bucket_begin(unsigned long, std::__detail::_Hash_node<std::pair<std::__cxx11::basic_string<char, std::char_traits<char>, std::allocator<char> > const, pg::Value>, true>*)
calls=3 1886 
* 268
+1 15
+1 15
cfi=(235)
cfn=(3246) std::__detail::_Node_iterator<std::pair<std::__cxx11::basic_string<char, std::char_traits<char>, std::allocator<char> > const, pg::Value>, false, true>::_Node_iterator(std::__detail::_Hash_node<std::pair<std::__cxx11::basic_string<char, std::char_traits<char>, std::allocator<char> > const, pg::Value>, true>*)
calls=3 338 
* 75
* 3
+1 15

fn=(3236) std::_Hashtable<std::__cxx11::basic_string<char, std::char_traits<char>, std::allocator<char> >, std::pair<std::__cxx11::basic_string<char, std::char_traits<char>, std::allocator<char> > const, pg::Value>, std::allocator<std::pair<std::__cxx11::basic_string<char, std::char_traits<char>, std::allocator<char> > const, pg::Value> >, std::__detail::_Select1st, std::equal_to<std::__cxx11::basic_string<char, std::char_traits<char>, std::allocator<char> > >, std::hash<std::__cxx11::basic_string<char, std::char_traits<char>, std::allocator<char> > >, std::__detail::_Mod_range_hashing, std::__detail::_Default_ranged_hash, std::__detail::_Prime_rehash_policy, std::__detail::_Hashtable_traits<true, false, true> >::_M_deallocate_buckets()
453 10
+1 16
cfn=(3238) std::_Hashtable<std::__cxx11::basic_string<char, std::char_traits<char>, std::allocator<char> >, std::pair<std::__cxx11::basic_string<char, std::char_traits<char>, std::allocator<char> > const, pg::Value>, std::allocator<std::pair<std::__cxx11::basic_string<char, std::char_traits<char>, std::allocator<char> > const, pg::Value> >, std::__detail::_Select1st, std::equal_to<std::__cxx11::basic_string<char, std::char_traits<char>, std::allocator<char> > >, std::hash<std::__cxx11::basic_string<char, std::char_traits<char>, std::allocator<char> > >, std::__detail::_Mod_range_hashing, std::__detail::_Default_ranged_hash, std::__detail::_Prime_rehash_policy, std::__detail::_Hashtable_traits<true, false, true> >::_M_deallocate_buckets(std::__detail::_Hash_node_base**, unsigned long)
calls=2 -10 
* 317
* 6

fn=(5158)
629 1942288
+1 971144
cfi=(235)
cfn=(3246)
calls=242786 338 
* 6069650
* 1456716

fn=(1564) std::_Hashtable<pg::TokenType, std::pair<pg::TokenType const, pg::ParseRule>, std::allocator<std::pair<pg::TokenType const, pg::ParseRule> >, std::__detail::_Select1st, std::equal_to<pg::TokenType>, std::hash<pg::TokenType>, std::__detail::_Mod_range_hashing, std::__detail::_Default_ranged_hash, std::__detail::_Prime_rehash_policy, std::__detail::_Hashtable_traits<false, false, true> >::_Hashtable(unsigned long, std::hash<pg::TokenType> const&, std::equal_to<pg::TokenType> const&, std::allocator<std::pair<pg::TokenType const, pg::ParseRule> > const&)
1120 10
+4 6
cfn=(1566) std::_Hashtable<pg::TokenType, std::pair<pg::TokenType const, pg::ParseRule>, std::allocator<std::pair<pg::TokenType const, pg::ParseRule> >, std::__detail::_Select1st, std::equal_to<pg::TokenType>, std::hash<pg::TokenType>, std::__detail::_Mod_range_hashing, std::__detail::_Default_ranged_hash, std::__detail::_Prime_rehash_policy, std::__detail::_Hashtable_traits<false, false, true> >::_Hashtable(std::hash<pg::TokenType> const&, std::equal_to<pg::TokenType> const&, std::allocator<std::pair<pg::TokenType const, pg::ParseRule> > const&)
calls=1 484 
* 269
+2 6
cob=(2)
cfi=(51)
cfn=(1604) 0x000000000010ed80
calls=1 0 
* 10
* 1
+1 4
+5 4

fn=(1686) std::_Hashtable<pg::TokenType, std::pair<pg::TokenType const, pg::ParseRule>, std::allocator<std::pair<pg::TokenType const, pg::ParseRule> >, std::__detail::_Select1st, std::equal_to<pg::TokenType>, std::hash<pg::TokenType>, std::__detail::_Mod_range_hashing, std::__detail::_Default_ranged_hash, std::__detail::_Prime_rehash_policy, std::__detail::_Hashtable_traits<false, false, true> >::_M_rehash(unsigned long, unsigned long const&)
2355 32
+6 20
cfn=(1688) std::_Hashtable<pg::TokenType, std::pair<pg::TokenType const, pg::ParseRule>, std::allocator<std::pair<pg::TokenType const, pg::ParseRule> >, std::__detail::_Select1st, std::equal_to<pg::TokenType>, std::hash<pg::TokenType>, std::__detail::_Mod_range_hashing, std::__detail::_Default_ranged_hash, std::__detail::_Prime_rehash_policy, std::__detail::_Hashtable_traits<false, false, true> >::_M_rehash_aux(unsigned long, std::integral_constant<bool, true>)
calls=4 +17 
* 28313
+9 16

fn=(1958)
794 264
+1 308
cfi=(235)
cfn=(1960) std::__detail::_Hash_code_base<std::__cxx11::basic_string<char, std::char_traits<char>, std::allocator<char> >, std::pair<std::__cxx11::basic_string<char, std::char_traits<char>, std::allocator<char> > const, pg::TokenType>, std::__detail::_Select1st, std::hash<std::__cxx11::basic_string<char, std::char_traits<char>, std::allocator<char> > >, std::__detail::_Mod_range_hashing, std::__detail::_Default_ranged_hash, true>::_M_bucket_index(unsigned long, unsigned long) const
calls=44 1232 
* 1452
* 88

fn=(2564) std::_Hashtable<std::__cxx11::basic_string<char, std::char_traits<char>, std::allocator<char> >, std::pair<std::__cxx11::basic_string<char, std::char_traits<char>, std::allocator<char> > const, pg::Logger::LogSink::Filter*>, std::allocator<std::pair<std::__cxx11::basic_string<char, std::char_traits<char>, std::allocator<char> > const, pg::Logger::LogSink::Filter*> >, std::__detail::_Select1st, std::equal_to<std::__cxx11::basic_string<char, std::char_traits<char>, std::allocator<char> > >, std::hash<std::__cxx11::basic_string<char, std::char_traits<char>, std::allocator<char> > >, std::__detail::_Mod_range_hashing, std::__detail::_Default_ranged_hash, std::__detail::_Prime_rehash_policy, std::__detail::_Hashtable_traits<true, false, true> >::_M_bucket_index(unsigned long) const
794 30
+1 35
cfi=(235)
cfn=(2566) std::__detail::_Hash_code_base<std::__cxx11::basic_string<char, std::char_traits<char>, std::allocator<char> >, std::pair<std::__cxx11::basic_string<char, std::char_traits<char>, std::allocator<char> > const, pg::Logger::LogSink::Filter*>, std::__detail::_Select1st, std::hash<std::__cxx11::basic_string<char, std::char_traits<char>, std::allocator<char> > >, std::__detail::_Mod_range_hashing, std::__detail::_Default_ranged_hash, true>::_M_bucket_index(unsigned long, unsigned long) const
calls=5 1232 
* 165
* 10

fn=(2568) std::_Hashtable<std::__cxx11::basic_string<char, std::char_traits<char>, std::allocator<char> >, std::pair<std::__cxx11::basic_string<char, std::char_traits<char>, std::allocator<char> > const, pg::Logger::LogSink::Filter*>, std::allocator<std::pair<std::__cxx11::basic_string<char, std::char_traits<char>, std::allocator<char> > const, pg::Logger::LogSink::Filter*> >, std::__detail::_Select1st, std::equal_to<std::__cxx11::basic_string<char, std::char_traits<char>, std::allocator<char> > >, std::hash<std::__cxx11::basic_string<char, std::char_traits<char>, std::allocator<char> > >, std::__detail::_Mod_range_hashing, std::__detail::_Default_ranged_hash, std::__detail::_Prime_rehash_policy, std::__detail::_Hashtable_traits<true, false, true> >::_M_find_node(unsigned long, std::__cxx11::basic_string<char, std::char_traits<char>, std::allocator<char> > const&, unsigned long) const
807 32
+3 24
cfn=(2570) std::_Hashtable<std::__cxx11::basic_string<char, std::char_traits<char>, std::allocator<char> >, std::pair<std::__cxx11::basic_string<char, std::char_traits<char>, std::allocator<char> > const, pg::Logger::LogSink::Filter*>, std::allocator<std::pair<std::__cxx11::basic_string<char, std::char_traits<char>, std::allocator<char> > const, pg::Logger::LogSink::Filter*> >, std::__detail::_Select1st, std::equal_to<std::__cxx11::basic_string<char, std::char_traits<char>, std::allocator<char> > >, std::hash<std::__cxx11::basic_string<char, std::char_traits<char>, std::allocator<char> > >, std::__detail::_Mod_range_hashing, std::__detail::_Default_ranged_hash, std::__detail::_Prime_rehash_policy, std::__detail::_Hashtable_traits<true, false, true> >::_M_find_before_node(unsigned long, std::__cxx11::basic_string<char, std::char_traits<char>, std::allocator<char> > const&, unsigned long) const
calls=4 1827 
* 84
* 4
+1 8
+2 4
+1 8

fn=(2578) std::_Hashtable<std::__cxx11::basic_string<char, std::char_traits<char>, std::allocator<char> >, std::pair<std::__cxx11::basic_string<char, std::char_traits<char>, std::allocator<char> > const, pg::Logger::LogSink::Filter*>, std::allocator<std::pair<std::__cxx11::basic_string<char, std::char_traits<char>, std::allocator<char> > const, pg::Logger::LogSink::Filter*> >, std::__detail::_Select1st, std::equal_to<std::__cxx11::basic_string<char, std::char_traits<char>, std::allocator<char> > >, std::hash<std::__cxx11::basic_string<char, std::char_traits<char>, std::allocator<char> > >, std::__detail::_Mod_range_hashing, std::__detail::_Default_ranged_hash, std::__detail::_Prime_rehash_policy, std::__detail::_Hashtable_traits<true, false, true> >::_Scoped_node::_Scoped_node<std::piecewise_construct_t const&, std::tuple<std::__cxx11::basic_string<char, std::char_traits<char>, std::allocator<char> > const&>, std::tuple<> >(std::__detail::_Hashtable_alloc<std::allocator<std::__detail::_Hash_node<std::pair<std::__cxx11::basic_string<char, std::char_traits<char>, std::allocator<char> > const, pg::Logger::LogSink::Filter*>, true> > >*, std::piecewise_construct_t const&, std::tuple<std::__cxx11::basic_string<char, std::char_traits<char>, std::allocator<char> > const&>&&, std::tuple<>&&)
302 48
+1 12
+1 16
cfi=(222)
cfn=(2580)
calls=4 77 
* 28
* 16
cfi=(222)
cfn=(2582)
calls=4 77 
* 28
* 16
cfi=(222)
cfn=(2584)
calls=4 77 
* 28
* 20
cfi=(235)
cfn=(2586) std::__detail::_Hash_node<std::pair<std::__cxx11::basic_string<char, std::char_traits<char>, std::allocator<char> > const, pg::Logger::LogSink::Filter*>, true>* std::__detail::_Hashtable_alloc<std::allocator<std::__detail::_Hash_node<std::pair<std::__cxx11::basic_string<char, std::char_traits<char>, std::allocator<char> > const, pg::Logger::LogSink::Filter*>, true> > >::_M_allocate_node<std::piecewise_construct_t const&, std::tuple<std::__cxx11::basic_string<char, std::char_traits<char>, std::allocator<char> > const&>, std::tuple<> >(std::piecewise_construct_t const&, std::tuple<std::__cxx11::basic_string<char, std::char_traits<char>, std::allocator<char> > const&>&&, std::tuple<>&&)
calls=4 1870 
* 3251
* 8
+1 28

fn=(3164)
1886 36
+4 32
+4 9
+1 8
+17 1
-10 12
+1 9
+2 12
+3 12
cfi=(235)
cfn=(4950) std::__detail::_Hash_node<std::pair<void* const, int>, false>::_M_next() const
calls=2 282 
* 16
* 10
cfn=(4952) std::_Hashtable<void*, std::pair<void* const, int>, std::allocator<std::pair<void* const, int> >, std::__detail::_Select1st, std::equal_to<void*>, std::hash<void*>, std::__detail::_Mod_range_hashing, std::__detail::_Default_ranged_hash, std::__detail::_Prime_rehash_policy, std::__detail::_Hashtable_traits<false, false, true> >::_M_bucket_index(std::__detail::_Hash_node_value<std::pair<void* const, int>, false> const&) const
calls=2 790 
* 354
* 6
+2 16
+2 12
-2 8
+2 12

fn=(3172) std::_Hashtable<void*, std::pair<void* const, int>, std::allocator<std::pair<void* const, int> >, std::__detail::_Select1st, std::equal_to<void*>, std::hash<void*>, std::__detail::_Mod_range_hashing, std::__detail::_Default_ranged_hash, std::__detail::_Prime_rehash_policy, std::__detail::_Hashtable_traits<false, false, true> >::_Scoped_node::~_Scoped_node()
308 48

fn=(3226) std::_Hashtable<std::__cxx11::basic_string<char, std::char_traits<char>, std::allocator<char> >, std::pair<std::__cxx11::basic_string<char, std::char_traits<char>, std::allocator<char> > const, pg::Value>, std::allocator<std::pair<std::__cxx11::basic_string<char, std::char_traits<char>, std::allocator<char> > const, pg::Value> >, std::__detail::_Select1st, std::equal_to<std::__cxx11::basic_string<char, std::char_traits<char>, std::allocator<char> > >, std::hash<std::__cxx11::basic_string<char, std::char_traits<char>, std::allocator<char> > >, std::__detail::_Mod_range_hashing, std::__detail::_Default_ranged_hash, std::__detail::_Prime_rehash_policy, std::__detail::_Hashtable_traits<true, false, true> >::_M_rehash_aux(unsigned long, std::integral_constant<bool, true>)
2378 6
+4 5
cfn=(3228) std::_Hashtable<std::__cxx11::basic_string<char, std::char_traits<char>, std::allocator<char> >, std::pair<std::__cxx11::basic_string<char, std::char_traits<char>, std::allocator<char> > const, pg::Value>, std::allocator<std::pair<std::__cxx11::basic_string<char, std::char_traits<char>, std::allocator<char> > const, pg::Value> >, std::__detail::_Select1st, std::equal_to<std::__cxx11::basic_string<char, std::char_traits<char>, std::allocator<char> > >, std::hash<std::__cxx11::basic_string<char, std::char_traits<char>, std::allocator<char> > >, std::__detail::_Mod_range_hashing, std::__detail::_Default_ranged_hash, std::__detail::_Prime_rehash_policy, std::__detail::_Hashtable_traits<true, false, true> >::_M_allocate_buckets(unsigned long)
calls=1 432 
* 394
* 1
+1 3
cfn=(3234) std::_Hashtable<std::__cxx11::basic_string<char, std::char_traits<char>, std::allocator<char> >, std::pair<std::__cxx11::basic_string<char, std::char_traits<char>, std::allocator<char> > const, pg::Value>, std::allocator<std::pair<std::__cxx11::basic_string<char, std::char_traits<char>, std::allocator<char> > const, pg::Value> >, std::__detail::_Select1st, std::equal_to<std::__cxx11::basic_string<char, std::char_traits<char>, std::allocator<char> > >, std::hash<std::__cxx11::basic_string<char, std::char_traits<char>, std::allocator<char> > >, std::__detail::_Mod_range_hashing, std::__detail::_Default_ranged_hash, std::__detail::_Prime_rehash_policy, std::__detail::_Hashtable_traits<true, false, true> >::_M_begin() const
calls=1 462 
* 8
* 1
+1 2
+1 1
+1 3
+23 3
cfn=(3236)
calls=1 453 
* 47
+1 3
+1 3
+1 3

fn=(3238)
444 14
+2 10
cfn=(3240) std::_Hashtable<std::__cxx11::basic_string<char, std::char_traits<char>, std::allocator<char> >, std::pair<std::__cxx11::basic_string<char, std::char_traits<char>, std::allocator<char> > const, pg::Value>, std::allocator<std::pair<std::__cxx11::basic_string<char, std::char_traits<char>, std::allocator<char> > const, pg::Value> >, std::__detail::_Select1st, std::equal_to<std::__cxx11::basic_string<char, std::char_traits<char>, std::allocator<char> > >, std::hash<std::__cxx11::basic_string<char, std::char_traits<char>, std::allocator<char> > >, std::__detail::_Mod_range_hashing, std::__detail::_Default_ranged_hash, std::__detail::_Prime_rehash_policy, std::__detail::_Hashtable_traits<true, false, true> >::_M_uses_single_bucket(std::__detail::_Hash_node_base**) const
calls=2 -25 
* 28
* 4
+3 6
cfi=(235)
cfn=(5442) std::__detail::_Hashtable_alloc<std::allocator<std::__detail::_Hash_node<std::pair<std::__cxx11::basic_string<char, std::char_traits<char>, std::allocator<char> > const, pg::Value>, true> > >::_M_deallocate_buckets(std::__detail::_Hash_node_base**, unsigned long)
calls=1 1935 
* 249
* 1
-2 1
+3 4

fn=(5082) std::_Hashtable<std::__cxx11::basic_string<char, std::char_traits<char>, std::allocator<char> >, std::pair<std::__cxx11::basic_string<char, std::char_traits<char>, std::allocator<char> > const, pg::Value>, std::allocator<std::pair<std::__cxx11::basic_string<char, std::char_traits<char>, std::allocator<char> > const, pg::Value> >, std::__detail::_Select1st, std::equal_to<std::__cxx11::basic_string<char, std::char_traits<char>, std::allocator<char> > >, std::hash<std::__cxx11::basic_string<char, std::char_traits<char>, std::allocator<char> > >, std::__detail::_Mod_range_hashing, std::__detail::_Default_ranged_hash, std::__detail::_Prime_rehash_policy, std::__detail::_Hashtable_traits<true, false, true> >::_Scoped_node::_Scoped_node<std::piecewise_construct_t const&, std::tuple<std::__cxx11::basic_string<char, std::char_traits<char>, std::allocator<char> >&&>, std::tuple<> >(std::__detail::_Hashtable_alloc<std::allocator<std::__detail::_Hash_node<std::pair<std::__cxx11::basic_string<char, std::char_traits<char>, std::allocator<char> > const, pg::Value>, true> > >*, std::piecewise_construct_t const&, std::tuple<std::__cxx11::basic_string<char, std::char_traits<char>, std::allocator<char> >&&>&&, std::tuple<>&&)
302 24
+1 6
+1 8
cfi=(222)
cfn=(2580)
calls=2 77 
* 14
* 8
cfi=(222)
cfn=(5084)
calls=2 77 
* 14
* 8
cfi=(222)
cfn=(2584)
calls=2 77 
* 14
* 10
cfi=(235)
cfn=(5086) std::__detail::_Hash_node<std::pair<std::__cxx11::basic_string<char, std::char_traits<char>, std::allocator<char> > const, pg::Value>, true>* std::__detail::_Hashtable_alloc<std::allocator<std::__detail::_Hash_node<std::pair<std::__cxx11::basic_string<char, std::char_traits<char>, std::allocator<char> > const, pg::Value>, true> > >::_M_allocate_node<std::piecewise_construct_t const&, std::tuple<std::__cxx11::basic_string<char, std::char_traits<char>, std::allocator<char> >&&>, std::tuple<> >(std::piecewise_construct_t const&, std::tuple<std::__cxx11::basic_string<char, std::char_traits<char>, std::allocator<char> >&&>&&, std::tuple<>&&)
calls=2 1870 
* 1112
* 4
+1 14

fn=(5112) std::_Hashtable<std::__cxx11::basic_string<char, std::char_traits<char>, std::allocator<char> >, std::pair<std::__cxx11::basic_string<char, std::char_traits<char>, std::allocator<char> > const, pg::Value>, std::allocator<std::pair<std::__cxx11::basic_string<char, std::char_traits<char>, std::allocator<char> > const, pg::Value> >, std::__detail::_Select1st, std::equal_to<std::__cxx11::basic_string<char, std::char_traits<char>, std::allocator<char> > >, std::hash<std::__cxx11::basic_string<char, std::char_traits<char>, std::allocator<char> > >, std::__detail::_Mod_range_hashing, std::__detail::_Default_ranged_hash, std::__detail::_Prime_rehash_policy, std::__detail::_Hashtable_traits<true, false, true> >::_M_bucket_index(std::__detail::_Hash_node_value<std::pair<std::__cxx11::basic_string<char, std::char_traits<char>, std::allocator<char> > const, pg::Value>, true> const&) const
790 12
+1 14
cfi=(235)
cfn=(5114) std::__detail::_Hash_code_base<std::__cxx11::basic_string<char, std::char_traits<char>, std::allocator<char> >, std::pair<std::__cxx11::basic_string<char, std::char_traits<char>, std::allocator<char> > const, pg::Value>, std::__detail::_Select1st, std::hash<std::__cxx11::basic_string<char, std::char_traits<char>, std::allocator<char> > >, std::__detail::_Mod_range_hashing, std::__detail::_Default_ranged_hash, true>::_M_bucket_index(std::__detail::_Hash_node_value<std::pair<std::__cxx11::basic_string<char, std::char_traits<char>, std::allocator<char> > const, pg::Value>, true> const&, unsigned long) const
calls=2 1247 
* 68
* 4

fn=(5194) std::_Hashtable<void*, std::pair<void* const, int>, std::allocator<std::pair<void* const, int> >, std::__detail::_Select1st, std::equal_to<void*>, std::hash<void*>, std::__detail::_Mod_range_hashing, std::__detail::_Default_ranged_hash, std::__detail::_Prime_rehash_policy, std::__detail::_Hashtable_traits<false, false, true> >::erase(std::__detail::_Node_const_iterator<std::pair<void* const, int>, false, false>)
2146 18
+5 6
+1 18
cfn=(4952)
calls=3 790 
* 531
* 3
+5 18
cfn=(5196) std::_Hashtable<void*, std::pair<void* const, int>, std::allocator<std::pair<void* const, int> >, std::__detail::_Select1st, std::equal_to<void*>, std::hash<void*>, std::__detail::_Mod_range_hashing, std::__detail::_Default_ranged_hash, std::__detail::_Prime_rehash_policy, std::__detail::_Hashtable_traits<false, false, true> >::_M_get_previous_node(unsigned long, std::__detail::_Hash_node<std::pair<void* const, int>, false>*)
calls=3 1943 
* 70
* 3
+1 18
cfn=(5198) std::_Hashtable<void*, std::pair<void* const, int>, std::allocator<std::pair<void* const, int> >, std::__detail::_Select1st, std::equal_to<void*>, std::hash<void*>, std::__detail::_Mod_range_hashing, std::__detail::_Default_ranged_hash, std::__detail::_Prime_rehash_policy, std::__detail::_Hashtable_traits<false, false, true> >::_M_erase(unsigned long, std::__detail::_Hash_node_base*, std::__detail::_Hash_node<std::pair<void* const, int>, false>*)
calls=3 +8 
* 1651
+1 6

fn=(5196)
1943 18
+5 21
+1 3
+1 3
-1 16
+2 3
+1 6

fn=(5502)
1528 5
+4 3
cfn=(5504) std::_Hashtable<std::__cxx11::basic_string<char, std::char_traits<char>, std::allocator<char> >, std::pair<std::__cxx11::basic_string<char, std::char_traits<char>, std::allocator<char> > const, pg::TokenType>, std::allocator<std::pair<std::__cxx11::basic_string<char, std::char_traits<char>, std::allocator<char> > const, pg::TokenType> >, std::__detail::_Select1st, std::equal_to<std::__cxx11::basic_string<char, std::char_traits<char>, std::allocator<char> > >, std::hash<std::__cxx11::basic_string<char, std::char_traits<char>, std::allocator<char> > >, std::__detail::_Mod_range_hashing, std::__detail::_Default_ranged_hash, std::__detail::_Prime_rehash_policy, std::__detail::_Hashtable_traits<true, false, true> >::clear()
calls=1 2316 
* 6521
+1 3
cfn=(2034) std::_Hashtable<std::__cxx11::basic_string<char, std::char_traits<char>, std::allocator<char> >, std::pair<std::__cxx11::basic_string<char, std::char_traits<char>, std::allocator<char> > const, pg::TokenType>, std::allocator<std::pair<std::__cxx11::basic_string<char, std::char_traits<char>, std::allocator<char> > const, pg::TokenType> >, std::__detail::_Select1st, std::equal_to<std::__cxx11::basic_string<char, std::char_traits<char>, std::allocator<char> > >, std::hash<std::__cxx11::basic_string<char, std::char_traits<char>, std::allocator<char> > >, std::__detail::_Mod_range_hashing, std::__detail::_Default_ranged_hash, std::__detail::_Prime_rehash_policy, std::__detail::_Hashtable_traits<true, false, true> >::_M_deallocate_buckets()
calls=1 453 
* 300
+1 3
cfi=(235)
cfn=(5526) std::__detail::_Hashtable_alloc<std::allocator<std::__detail::_Hash_node<std::pair<std::__cxx11::basic_string<char, std::char_traits<char>, std::allocator<char> > const, pg::TokenType>, true> > >::~_Hashtable_alloc()
calls=1 1802 
* 40
* 3

fn=(5504)
2316 5
+4 3
cfn=(2032) std::_Hashtable<std::__cxx11::basic_string<char, std::char_traits<char>, std::allocator<char> >, std::pair<std::__cxx11::basic_string<char, std::char_traits<char>, std::allocator<char> > const, pg::TokenType>, std::allocator<std::pair<std::__cxx11::basic_string<char, std::char_traits<char>, std::allocator<char> > const, pg::TokenType> >, std::__detail::_Select1st, std::equal_to<std::__cxx11::basic_string<char, std::char_traits<char>, std::allocator<char> > >, std::hash<std::__cxx11::basic_string<char, std::char_traits<char>, std::allocator<char> > >, std::__detail::_Mod_range_hashing, std::__detail::_Default_ranged_hash, std::__detail::_Prime_rehash_policy, std::__detail::_Hashtable_traits<true, false, true> >::_M_begin() const
calls=1 462 
* 8
* 5
cfi=(235)
cfn=(5506) std::__detail::_Hashtable_alloc<std::allocator<std::__detail::_Hash_node<std::pair<std::__cxx11::basic_string<char, std::char_traits<char>, std::allocator<char> > const, pg::TokenType>, true> > >::_M_deallocate_nodes(std::__detail::_Hash_node<std::pair<std::__cxx11::basic_string<char, std::char_traits<char>, std::allocator<char> > const, pg::TokenType>, true>*)
calls=1 1910 
* 6457
+2 2
-1 6
cob=(2)
cfi=(51)
cfn=(1706) 0x000000000010eca0
calls=1 0 
* 28
+2 2
+1 2
+1 3

fn=(5560) std::_Hashtable<std::__cxx11::basic_string<char, std::char_traits<char>, std::allocator<char> >, std::pair<std::__cxx11::basic_string<char, std::char_traits<char>, std::allocator<char> > const, pg::Logger::LogSink::Filter*>, std::allocator<std::pair<std::__cxx11::basic_string<char, std::char_traits<char>, std::allocator<char> > const, pg::Logger::LogSink::Filter*> >, std::__detail::_Select1st, std::equal_to<std::__cxx11::basic_string<char, std::char_traits<char>, std::allocator<char> > >, std::hash<std::__cxx11::basic_string<char, std::char_traits<char>, std::allocator<char> > >, std::__detail::_Mod_range_hashing, std::__detail::_Default_ranged_hash, std::__detail::_Prime_rehash_policy, std::__detail::_Hashtable_traits<true, false, true> >::clear()
2316 5
+4 3
cfn=(2642) std::_Hashtable<std::__cxx11::basic_string<char, std::char_traits<char>, std::allocator<char> >, std::pair<std::__cxx11::basic_string<char, std::char_traits<char>, std::allocator<char> > const, pg::Logger::LogSink::Filter*>, std::allocator<std::pair<std::__cxx11::basic_string<char, std::char_traits<char>, std::allocator<char> > const, pg::Logger::LogSink::Filter*> >, std::__detail::_Select1st, std::equal_to<std::__cxx11::basic_string<char, std::char_traits<char>, std::allocator<char> > >, std::hash<std::__cxx11::basic_string<char, std::char_traits<char>, std::allocator<char> > >, std::__detail::_Mod_range_hashing, std::__detail::_Default_ranged_hash, std::__detail::_Prime_rehash_policy, std::__detail::_Hashtable_traits<true, false, true> >::_M_begin() const
calls=1 462 
* 8
* 5
cfi=(235)
cfn=(5562) std::__detail::_Hashtable_alloc<std::allocator<std::__detail::_Hash_node<std::pair<std::__cxx11::basic_string<char, std::char_traits<char>, std::allocator<char> > const, pg::Logger::LogSink::Filter*>, true> > >::_M_deallocate_nodes(std::__detail::_Hash_node<std::pair<std::__cxx11::basic_string<char, std::char_traits<char>, std::allocator<char> > const, pg::Logger::LogSink::Filter*>, true>*)
calls=1 1910 
* 1445
+2 2
-1 6
cob=(2)
cfi=(51)
cfn=(1706)
calls=1 0 
* 21
+2 2
+1 2
+1 3

fn=(1740) std::_Hashtable<pg::TokenType, std::pair<pg::TokenType const, pg::ParseRule>, std::allocator<std::pair<pg::TokenType const, pg::ParseRule> >, std::__detail::_Select1st, std::equal_to<pg::TokenType>, std::hash<pg::TokenType>, std::__detail::_Mod_range_hashing, std::__detail::_Default_ranged_hash, std::__detail::_Prime_rehash_policy, std::__detail::_Hashtable_traits<false, false, true> >::_M_bucket_index(std::__detail::_Hash_node_value<std::pair<pg::TokenType const, pg::ParseRule>, false> const&) const
790 522
+1 609
cfi=(235)
cfn=(1742) std::__detail::_Hash_code_base<pg::TokenType, std::pair<pg::TokenType const, pg::ParseRule>, std::__detail::_Select1st, std::hash<pg::TokenType>, std::__detail::_Mod_range_hashing, std::__detail::_Default_ranged_hash, false>::_M_bucket_index(std::__detail::_Hash_node_value<std::pair<pg::TokenType const, pg::ParseRule>, false> const&, unsigned long) const
calls=87 1236 
* 15834
* 174

fn=(1886)
1120 10
+4 6
cfn=(1888) std::_Hashtable<std::__cxx11::basic_string<char, std::char_traits<char>, std::allocator<char> >, std::pair<std::__cxx11::basic_string<char, std::char_traits<char>, std::allocator<char> > const, pg::TokenType>, std::allocator<std::pair<std::__cxx11::basic_string<char, std::char_traits<char>, std::allocator<char> > const, pg::TokenType> >, std::__detail::_Select1st, std::equal_to<std::__cxx11::basic_string<char, std::char_traits<char>, std::allocator<char> > >, std::hash<std::__cxx11::basic_string<char, std::char_traits<char>, std::allocator<char> > >, std::__detail::_Mod_range_hashing, std::__detail::_Default_ranged_hash, std::__detail::_Prime_rehash_policy, std::__detail::_Hashtable_traits<true, false, true> >::_Hashtable(std::hash<std::__cxx11::basic_string<char, std::char_traits<char>, std::allocator<char> > > const&, std::equal_to<std::__cxx11::basic_string<char, std::char_traits<char>, std::allocator<char> > > const&, std::allocator<std::pair<std::__cxx11::basic_string<char, std::char_traits<char>, std::allocator<char> > const, pg::TokenType> > const&)
calls=1 484 
* 269
+2 6
cob=(2)
cfi=(51)
cfn=(1604)
calls=1 0 
* 10
* 1
+1 4
+5 4

fn=(2018) std::_Hashtable<std::__cxx11::basic_string<char, std::char_traits<char>, std::allocator<char> >, std::pair<std::__cxx11::basic_string<char, std::char_traits<char>, std::allocator<char> > const, pg::TokenType>, std::allocator<std::pair<std::__cxx11::basic_string<char, std::char_traits<char>, std::allocator<char> > const, pg::TokenType> >, std::__detail::_Select1st, std::equal_to<std::__cxx11::basic_string<char, std::char_traits<char>, std::allocator<char> > >, std::hash<std::__cxx11::basic_string<char, std::char_traits<char>, std::allocator<char> > >, std::__detail::_Mod_range_hashing, std::__detail::_Default_ranged_hash, std::__detail::_Prime_rehash_policy, std::__detail::_Hashtable_traits<true, false, true> >::_Scoped_node::_Scoped_node(std::__detail::_Hash_node<std::pair<std::__cxx11::basic_string<char, std::char_traits<char>, std::allocator<char> > const, pg::TokenType>, true>*, std::__detail::_Hashtable_alloc<std::allocator<std::__detail::_Hash_node<std::pair<std::__cxx11::basic_string<char, std::char_traits<char>, std::allocator<char> > const, pg::TokenType>, true> > >*)
297 108
+1 162

fn=(2042)
1886 162
+4 144
+4 72
+1 64
+17 8
-10 40
+1 30
+2 40
+3 54
cfi=(235)
cfn=(2054) std::__detail::_Hash_node<std::pair<std::__cxx11::basic_string<char, std::char_traits<char>, std::allocator<char> > const, pg::TokenType>, true>::_M_next() const
calls=9 282 
* 72
* 45
cfn=(2056) std::_Hashtable<std::__cxx11::basic_string<char, std::char_traits<char>, std::allocator<char> >, std::pair<std::__cxx11::basic_string<char, std::char_traits<char>, std::allocator<char> > const, pg::TokenType>, std::allocator<std::pair<std::__cxx11::basic_string<char, std::char_traits<char>, std::allocator<char> > const, pg::TokenType> >, std::__detail::_Select1st, std::equal_to<std::__cxx11::basic_string<char, std::char_traits<char>, std::allocator<char> > >, std::hash<std::__cxx11::basic_string<char, std::char_traits<char>, std::allocator<char> > >, std::__detail::_Mod_range_hashing, std::__detail::_Default_ranged_hash, std::__detail::_Prime_rehash_policy, std::__detail::_Hashtable_traits<true, false, true> >::_M_bucket_index(std::__detail::_Hash_node_value<std::pair<std::__cxx11::basic_string<char, std::char_traits<char>, std::allocator<char> > const, pg::TokenType>, true> const&) const
calls=9 790 
* 441
* 27
+2 72
+2 54
-2 8
+2 54

fn=(2642)
462 48
+1 48

fn=(2644) std::_Hashtable<std::__cxx11::basic_string<char, std::char_traits<char>, std::allocator<char> >, std::pair<std::__cxx11::basic_string<char, std::char_traits<char>, std::allocator<char> > const, pg::Logger::LogSink::Filter*>, std::allocator<std::pair<std::__cxx11::basic_string<char, std::char_traits<char>, std::allocator<char> > const, pg::Logger::LogSink::Filter*> >, std::__detail::_Select1st, std::equal_to<std::__cxx11::basic_string<char, std::char_traits<char>, std::allocator<char> > >, std::hash<std::__cxx11::basic_string<char, std::char_traits<char>, std::allocator<char> > >, std::__detail::_Mod_range_hashing, std::__detail::_Default_ranged_hash, std::__detail::_Prime_rehash_policy, std::__detail::_Hashtable_traits<true, false, true> >::_M_deallocate_buckets()
453 10
+1 16
cfn=(2646) std::_Hashtable<std::__cxx11::basic_string<char, std::char_traits<char>, std::allocator<char> >, std::pair<std::__cxx11::basic_string<char, std::char_traits<char>, std::allocator<char> > const, pg::Logger::LogSink::Filter*>, std::allocator<std::pair<std::__cxx11::basic_string<char, std::char_traits<char>, std::allocator<char> > const, pg::Logger::LogSink::Filter*> >, std::__detail::_Select1st, std::equal_to<std::__cxx11::basic_string<char, std::char_traits<char>, std::allocator<char> > >, std::hash<std::__cxx11::basic_string<char, std::char_traits<char>, std::allocator<char> > >, std::__detail::_Mod_range_hashing, std::__detail::_Default_ranged_hash, std::__detail::_Prime_rehash_policy, std::__detail::_Hashtable_traits<true, false, true> >::_M_deallocate_buckets(std::__detail::_Hash_node_base**, unsigned long)
calls=2 -10 
* 317
* 6

fn=(2646)
444 14
+2 10
cfn=(2648) std::_Hashtable<std::__cxx11::basic_string<char, std::char_traits<char>, std::allocator<char> >, std::pair<std::__cxx11::basic_string<char, std::char_traits<char>, std::allocator<char> > const, pg::Logger::LogSink::Filter*>, std::allocator<std::pair<std::__cxx11::basic_string<char, std::char_traits<char>, std::allocator<char> > const, pg::Logger::LogSink::Filter*> >, std::__detail::_Select1st, std::equal_to<std::__cxx11::basic_string<char, std::char_traits<char>, std::allocator<char> > >, std::hash<std::__cxx11::basic_string<char, std::char_traits<char>, std::allocator<char> > >, std::__detail::_Mod_range_hashing, std::__detail::_Default_ranged_hash, std::__detail::_Prime_rehash_policy, std::__detail::_Hashtable_traits<true, false, true> >::_M_uses_single_bucket(std::__detail::_Hash_node_base**) const
calls=2 -25 
* 28
* 4
+3 6
cfi=(235)
cfn=(5584) std::__detail::_Hashtable_alloc<std::allocator<std::__detail::_Hash_node<std::pair<std::__cxx11::basic_string<char, std::char_traits<char>, std::allocator<char> > const, pg::Logger::LogSink::Filter*>, true> > >::_M_deallocate_buckets(std::__detail::_Hash_node_base**, unsigned long)
calls=1 1935 
* 249
* 1
-2 1
+3 4

fn=(3080)
794 1456782
+1 1699579
cfi=(235)
cfn=(3082) std::__detail::_Hash_code_base<void*, std::pair<void* const, int>, std::__detail::_Select1st, std::hash<void*>, std::__detail::_Mod_range_hashing, std::__detail::_Default_ranged_hash, false>::_M_bucket_index(unsigned long, unsigned long) const
calls=242797 1232 
* 8012301
* 485594

fn=(3156) std::_Hashtable<void*, std::pair<void* const, int>, std::allocator<std::pair<void* const, int> >, std::__detail::_Select1st, std::equal_to<void*>, std::hash<void*>, std::__detail::_Mod_range_hashing, std::__detail::_Default_ranged_hash, std::__detail::_Prime_rehash_policy, std::__detail::_Hashtable_traits<false, false, true> >::_M_deallocate_buckets()
453 10
+1 16
cfn=(3158) std::_Hashtable<void*, std::pair<void* const, int>, std::allocator<std::pair<void* const, int> >, std::__detail::_Select1st, std::equal_to<void*>, std::hash<void*>, std::__detail::_Mod_range_hashing, std::__detail::_Default_ranged_hash, std::__detail::_Prime_rehash_policy, std::__detail::_Hashtable_traits<false, false, true> >::_M_deallocate_buckets(std::__detail::_Hash_node_base**, unsigned long)
calls=2 -10 
* 317
* 6

fn=(3716)
633 152
+1 76
cfi=(235)
cfn=(3718) std::__detail::_Node_const_iterator<std::pair<std::__cxx11::basic_string<char, std::char_traits<char>, std::allocator<char> > const, pg::TokenType>, false, true>::_Node_const_iterator(std::__detail::_Hash_node<std::pair<std::__cxx11::basic_string<char, std::char_traits<char>, std::allocator<char> > const, pg::TokenType>, true>*)
calls=19 385 
* 475
* 114

fn=(5132)
1588 2185065
+5 1213925
cfi=(235)
cfn=(3178) std::__detail::_Hash_code_base<std::__cxx11::basic_string<char, std::char_traits<char>, std::allocator<char> >, std::pair<std::__cxx11::basic_string<char, std::char_traits<char>, std::allocator<char> > const, pg::Value>, std::__detail::_Select1st, std::hash<std::__cxx11::basic_string<char, std::char_traits<char>, std::allocator<char> > >, std::__detail::_Mod_range_hashing, std::__detail::_Default_ranged_hash, true>::_M_hash_code(std::__cxx11::basic_string<char, std::char_traits<char>, std::allocator<char> > const&) const
calls=242785 1215 
* 31804835
* 242785
+1 1213925
cfn=(3182)
calls=242785 794 
* 11653680
* 242785
+1 1456710
cfn=(3186) std::_Hashtable<std::__cxx11::basic_string<char, std::char_traits<char>, std::allocator<char> >, std::pair<std::__cxx11::basic_string<char, std::char_traits<char>, std::allocator<char> > const, pg::Value>, std::allocator<std::pair<std::__cxx11::basic_string<char, std::char_traits<char>, std::allocator<char> > const, pg::Value> >, std::__detail::_Select1st, std::equal_to<std::__cxx11::basic_string<char, std::char_traits<char>, std::allocator<char> > >, std::hash<std::__cxx11::basic_string<char, std::char_traits<char>, std::allocator<char> > >, std::__detail::_Mod_range_hashing, std::__detail::_Default_ranged_hash, std::__detail::_Prime_rehash_policy, std::__detail::_Hashtable_traits<true, false, true> >::_M_find_node(unsigned long, std::__cxx11::basic_string<char, std::char_traits<char>, std::allocator<char> > const&, unsigned long) const
calls=242785 807 
* 79147910
* 1213925
cfi=(235)
cfn=(3246)
calls=242785 338 
* 6069625
* 242785
+1 1213925

fn=(5398)
1528 5
+4 3
cfn=(5400) std::_Hashtable<void*, std::pair<void* const, int>, std::allocator<std::pair<void* const, int> >, std::__detail::_Select1st, std::equal_to<void*>, std::hash<void*>, std::__detail::_Mod_range_hashing, std::__detail::_Default_ranged_hash, std::__detail::_Prime_rehash_policy, std::__detail::_Hashtable_traits<false, false, true> >::clear()
calls=1 2316 
* 384
+1 3
cfn=(3156)
calls=1 453 
* 302
+1 3
cfi=(235)
cfn=(5406) std::__detail::_Hashtable_alloc<std::allocator<std::__detail::_Hash_node<std::pair<void* const, int>, false> > >::~_Hashtable_alloc()
calls=1 1802 
* 40
* 3

fn=(5558)
1528 5
+4 3
cfn=(5560)
calls=1 2316 
* 1502
+1 3
cfn=(2644)
calls=1 453 
* 302
+1 3
cfi=(235)
cfn=(5586) std::__detail::_Hashtable_alloc<std::allocator<std::__detail::_Hash_node<std::pair<std::__cxx11::basic_string<char, std::char_traits<char>, std::allocator<char> > const, pg::Logger::LogSink::Filter*>, true> > >::~_Hashtable_alloc()
calls=1 1802 
* 40
* 3

fn=(1614) std::pair<std::__detail::_Node_iterator<std::pair<pg::TokenType const, pg::ParseRule>, false, false>, bool> std::_Hashtable<pg::TokenType, std::pair<pg::TokenType const, pg::ParseRule>, std::allocator<std::pair<pg::TokenType const, pg::ParseRule> >, std::__detail::_Select1st, std::equal_to<pg::TokenType>, std::hash<pg::TokenType>, std::__detail::_Mod_range_hashing, std::__detail::_Default_ranged_hash, std::__detail::_Prime_rehash_policy, std::__detail::_Hashtable_traits<false, false, true> >::_M_insert<std::pair<pg::TokenType const, pg::ParseRule> const&, std::__detail::_AllocNode<std::allocator<std::__detail::_Hash_node<std::pair<pg::TokenType const, pg::ParseRule>, false> > > >(std::pair<pg::TokenType const, pg::ParseRule> const&, std::__detail::_AllocNode<std::allocator<std::__detail::_Hash_node<std::pair<pg::TokenType const, pg::ParseRule>, false> > > const&, std::integral_constant<bool, true>)
2095 910
+6 350
cfi=(235)
cfn=(1616) decltype ((get<0>)((forward<std::pair<pg::TokenType const, pg::ParseRule> const&>)({parm#1}))) std::__detail::_Select1st::operator()<std::pair<pg::TokenType const, pg::ParseRule> const&>(std::pair<pg::TokenType const, pg::ParseRule> const&) const
calls=70 93 
* 2590
* 70
+1 350
cfi=(235)
cfn=(1624) std::__detail::_Hash_code_base<pg::TokenType, std::pair<pg::TokenType const, pg::ParseRule>, std::__detail::_Select1st, std::hash<pg::TokenType>, std::__detail::_Mod_range_hashing, std::__detail::_Default_ranged_hash, false>::_M_hash_code(pg::TokenType const&) const
calls=70 1215 
* 4340
* 70
+1 350
cfn=(1634) std::_Hashtable<pg::TokenType, std::pair<pg::TokenType const, pg::ParseRule>, std::allocator<std::pair<pg::TokenType const, pg::ParseRule> >, std::__detail::_Select1st, std::equal_to<pg::TokenType>, std::hash<pg::TokenType>, std::__detail::_Mod_range_hashing, std::__detail::_Default_ranged_hash, std::__detail::_Prime_rehash_policy, std::__detail::_Hashtable_traits<false, false, true> >::_M_bucket_index(unsigned long) const
calls=70 794 
* 3360
* 70
+2 420
cfn=(1640) std::_Hashtable<pg::TokenType, std::pair<pg::TokenType const, pg::ParseRule>, std::allocator<std::pair<pg::TokenType const, pg::ParseRule> >, std::__detail::_Select1st, std::equal_to<pg::TokenType>, std::hash<pg::TokenType>, std::__detail::_Mod_range_hashing, std::__detail::_Default_ranged_hash, std::__detail::_Prime_rehash_policy, std::__detail::_Hashtable_traits<false, false, true> >::_M_find_node(unsigned long, pg::TokenType const&, unsigned long) const
calls=70 807 
* 17644
* 210
+3 210
cfi=(222)
cfn=(1618)
calls=70 77 
* 490
* 350
cfi=(235)
cfn=(1644) std::__detail::_Hash_node<std::pair<pg::TokenType const, pg::ParseRule>, false>* std::__detail::_AllocNode<std::allocator<std::__detail::_Hash_node<std::pair<pg::TokenType const, pg::ParseRule>, false> > >::operator()<std::pair<pg::TokenType const, pg::ParseRule> const&>(std::pair<pg::TokenType const, pg::ParseRule> const&) const
calls=70 167 
* 34720
* 420
cfn=(1672) std::_Hashtable<pg::TokenType, std::pair<pg::TokenType const, pg::ParseRule>, std::allocator<std::pair<pg::TokenType const, pg::ParseRule> >, std::__detail::_Select1st, std::equal_to<pg::TokenType>, std::hash<pg::TokenType>, std::__detail::_Mod_range_hashing, std::__detail::_Default_ranged_hash, std::__detail::_Prime_rehash_policy, std::__detail::_Hashtable_traits<false, false, true> >::_Scoped_node::_Scoped_node(std::__detail::_Hash_node<std::pair<pg::TokenType const, pg::ParseRule>, false>*, std::__detail::_Hashtable_alloc<std::allocator<std::__detail::_Hash_node<std::pair<pg::TokenType const, pg::ParseRule>, false> > >*)
calls=70 297 
* 1050
+2 490
cfn=(1674) std::_Hashtable<pg::TokenType, std::pair<pg::TokenType const, pg::ParseRule>, std::allocator<std::pair<pg::TokenType const, pg::ParseRule> >, std::__detail::_Select1st, std::equal_to<pg::TokenType>, std::hash<pg::TokenType>, std::__detail::_Mod_range_hashing, std::__detail::_Default_ranged_hash, std::__detail::_Prime_rehash_policy, std::__detail::_Hashtable_traits<false, false, true> >::_M_insert_unique_node(unsigned long, unsigned long, std::__detail::_Hash_node<std::pair<pg::TokenType const, pg::ParseRule>, false>*, unsigned long)
calls=70 2008 
* 49230
* 70
+1 70
+1 490
cfi=(242)
cfn=(1730) std::pair<std::__detail::_Node_iterator<std::pair<pg::TokenType const, pg::ParseRule>, false, false>, bool>::pair<std::__detail::_Node_iterator<std::pair<pg::TokenType const, pg::ParseRule>, false, false>&, bool, true>(std::__detail::_Node_iterator<std::pair<pg::TokenType const, pg::ParseRule>, false, false>&, bool&&)
calls=70 352 
* 2520
* 140
+1 210
cfn=(1736) std::_Hashtable<pg::TokenType, std::pair<pg::TokenType const, pg::ParseRule>, std::allocator<std::pair<pg::TokenType const, pg::ParseRule> >, std::__detail::_Select1st, std::equal_to<pg::TokenType>, std::hash<pg::TokenType>, std::__detail::_Mod_range_hashing, std::__detail::_Default_ranged_hash, std::__detail::_Prime_rehash_policy, std::__detail::_Hashtable_traits<false, false, true> >::_Scoped_node::~_Scoped_node()
calls=70 308 
* 840
* 770

fn=(1714) std::_Hashtable<pg::TokenType, std::pair<pg::TokenType const, pg::ParseRule>, std::allocator<std::pair<pg::TokenType const, pg::ParseRule> >, std::__detail::_Select1st, std::equal_to<pg::TokenType>, std::hash<pg::TokenType>, std::__detail::_Mod_range_hashing, std::__detail::_Default_ranged_hash, std::__detail::_Prime_rehash_policy, std::__detail::_Hashtable_traits<false, false, true> >::_M_begin() const
462 20
+1 20

fn=(1718) std::_Hashtable<pg::TokenType, std::pair<pg::TokenType const, pg::ParseRule>, std::allocator<std::pair<pg::TokenType const, pg::ParseRule> >, std::__detail::_Select1st, std::equal_to<pg::TokenType>, std::hash<pg::TokenType>, std::__detail::_Mod_range_hashing, std::__detail::_Default_ranged_hash, std::__detail::_Prime_rehash_policy, std::__detail::_Hashtable_traits<false, false, true> >::_M_deallocate_buckets(std::__detail::_Hash_node_base**, unsigned long)
444 35
+2 25
cfn=(1720) std::_Hashtable<pg::TokenType, std::pair<pg::TokenType const, pg::ParseRule>, std::allocator<std::pair<pg::TokenType const, pg::ParseRule> >, std::__detail::_Select1st, std::equal_to<pg::TokenType>, std::hash<pg::TokenType>, std::__detail::_Mod_range_hashing, std::__detail::_Default_ranged_hash, std::__detail::_Prime_rehash_policy, std::__detail::_Hashtable_traits<false, false, true> >::_M_uses_single_bucket(std::__detail::_Hash_node_base**) const
calls=5 -25 
* 70
* 10
+3 24
cfi=(235)
cfn=(1762) std::__detail::_Hashtable_alloc<std::allocator<std::__detail::_Hash_node<std::pair<pg::TokenType const, pg::ParseRule>, false> > >::_M_deallocate_buckets(std::__detail::_Hash_node_base**, unsigned long)
calls=4 1935 
* 2416
* 4
-2 1
+3 10

fn=(2032)
462 12
+1 12

fn=(2056)
790 228
+1 266
cfi=(235)
cfn=(2058) std::__detail::_Hash_code_base<std::__cxx11::basic_string<char, std::char_traits<char>, std::allocator<char> >, std::pair<std::__cxx11::basic_string<char, std::char_traits<char>, std::allocator<char> > const, pg::TokenType>, std::__detail::_Select1st, std::hash<std::__cxx11::basic_string<char, std::char_traits<char>, std::allocator<char> > >, std::__detail::_Mod_range_hashing, std::__detail::_Default_ranged_hash, true>::_M_bucket_index(std::__detail::_Hash_node_value<std::pair<std::__cxx11::basic_string<char, std::char_traits<char>, std::allocator<char> > const, pg::TokenType>, true> const&, unsigned long) const
calls=38 1247 
* 1292
* 76

fn=(2890)
621 80
+1 30
cfn=(2642)
calls=10 462 
* 80
* 50
cfi=(235)
cfn=(2654) std::__detail::_Node_iterator<std::pair<std::__cxx11::basic_string<char, std::char_traits<char>, std::allocator<char> > const, pg::Logger::LogSink::Filter*>, false, true>::_Node_iterator(std::__detail::_Hash_node<std::pair<std::__cxx11::basic_string<char, std::char_traits<char>, std::allocator<char> > const, pg::Logger::LogSink::Filter*>, true>*)
calls=10 338 
* 250
* 60

fn=(4952)
790 66
+1 77
cfi=(235)
cfn=(4954) std::__detail::_Hash_code_base<void*, std::pair<void* const, int>, std::__detail::_Select1st, std::hash<void*>, std::__detail::_Mod_range_hashing, std::__detail::_Default_ranged_hash, false>::_M_bucket_index(std::__detail::_Hash_node_value<std::pair<void* const, int>, false> const&, unsigned long) const
calls=11 1236 
* 1782
* 22

fn=(5190)
933 27
+1 15
cfi=(235)
cfn=(5192) std::__detail::_Node_const_iterator<std::pair<void* const, int>, false, false>::_Node_const_iterator(std::__detail::_Node_iterator<std::pair<void* const, int>, false, false> const&)
calls=3 388 
* 78
* 15
cfn=(5194)
calls=3 2146 
* 2342
* 15

fn=(1674)
2008 840
+6 280
cfi=(235)
cfn=(1676)
calls=70 473 
* 560
* 210
+2 630
cob=(2)
cfi=(51)
cfn=(1678)
calls=70 0 
* 2398
* 280
+3 210
+2 24
cfn=(1686)
calls=4 2355 
* 28381
+1 20
cfn=(1634)
calls=4 794 
* 192
* 4
+3 28
cfi=(235)
cfn=(1722) std::__detail::_Hash_code_base<pg::TokenType, std::pair<pg::TokenType const, pg::ParseRule>, std::__detail::_Select1st, std::hash<pg::TokenType>, std::__detail::_Mod_range_hashing, std::__detail::_Default_ranged_hash, false>::_M_store_code(std::__detail::_Hash_node_code_cache<false>&, unsigned long) const
calls=4 1254 
* 36
* 462
cfi=(235)
cfn=(1722)
calls=66 1254 
* 594
+3 420
cfn=(1724) std::_Hashtable<pg::TokenType, std::pair<pg::TokenType const, pg::ParseRule>, std::allocator<std::pair<pg::TokenType const, pg::ParseRule> >, std::__detail::_Select1st, std::equal_to<pg::TokenType>, std::hash<pg::TokenType>, std::__detail::_Mod_range_hashing, std::__detail::_Default_ranged_hash, std::__detail::_Prime_rehash_policy, std::__detail::_Hashtable_traits<false, false, true> >::_M_insert_bucket_begin(unsigned long, std::__detail::_Hash_node<std::pair<pg::TokenType const, pg::ParseRule>, false>*)
calls=70 1886 
* 10791
+1 350
+1 350
cfi=(235)
cfn=(1726) std::__detail::_Node_iterator<std::pair<pg::TokenType const, pg::ParseRule>, false, false>::_Node_iterator(std::__detail::_Hash_node<std::pair<pg::TokenType const, pg::ParseRule>, false>*)
calls=70 338 
* 1750
* 70
+1 350

fn=(1926) std::pair<std::__detail::_Node_iterator<std::pair<std::__cxx11::basic_string<char, std::char_traits<char>, std::allocator<char> > const, pg::TokenType>, false, true>, bool> std::_Hashtable<std::__cxx11::basic_string<char, std::char_traits<char>, std::allocator<char> >, std::pair<std::__cxx11::basic_string<char, std::char_traits<char>, std::allocator<char> > const, pg::TokenType>, std::allocator<std::pair<std::__cxx11::basic_string<char, std::char_traits<char>, std::allocator<char> > const, pg::TokenType> >, std::__detail::_Select1st, std::equal_to<std::__cxx11::basic_string<char, std::char_traits<char>, std::allocator<char> > >, std::hash<std::__cxx11::basic_string<char, std::char_traits<char>, std::allocator<char> > >, std::__detail::_Mod_range_hashing, std::__detail::_Default_ranged_hash, std::__detail::_Prime_rehash_policy, std::__detail::_Hashtable_traits<true, false, true> >::_M_insert<std::pair<std::__cxx11::basic_string<char, std::char_traits<char>, std::allocator<char> > const, pg::TokenType> const&, std::__detail::_AllocNode<std::allocator<std::__detail::_Hash_node<std::pair<std::__cxx11::basic_string<char, std::char_traits<char>, std::allocator<char> > const, pg::TokenType>, true> > > >(std::pair<std::__cxx11::basic_string<char, std::char_traits<char>, std::allocator<char> > const, pg::TokenType> const&, std::__detail::_AllocNode<std::allocator<std::__detail::_Hash_node<std::pair<std::__cxx11::basic_string<char, std::char_traits<char>, std::allocator<char> > const, pg::TokenType>, true> > > const&, std::integral_constant<bool, true>)
2095 234
+6 90
cfi=(235)
cfn=(1928) decltype ((get<0>)((forward<std::pair<std::__cxx11::basic_string<char, std::char_traits<char>, std::allocator<char> > const, pg::TokenType> const&>)({parm#1}))) std::__detail::_Select1st::operator()<std::pair<std::__cxx11::basic_string<char, std::char_traits<char>, std::allocator<char> > const, pg::TokenType> const&>(std::pair<std::__cxx11::basic_string<char, std::char_traits<char>, std::allocator<char> > const, pg::TokenType> const&) const
calls=18 93 
* 666
* 18
+1 90
cfi=(235)
cfn=(1936) std::__detail::_Hash_code_base<std::__cxx11::basic_string<char, std::char_traits<char>, std::allocator<char> >, std::pair<std::__cxx11::basic_string<char, std::char_traits<char>, std::allocator<char> > const, pg::TokenType>, std::__detail::_Select1st, std::hash<std::__cxx11::basic_string<char, std::char_traits<char>, std::allocator<char> > >, std::__detail::_Mod_range_hashing, std::__detail::_Default_ranged_hash, true>::_M_hash_code(std::__cxx11::basic_string<char, std::char_traits<char>, std::allocator<char> > const&) const
calls=18 1215 
* 2424
* 18
+1 90
cfn=(1958)
calls=18 794 
* 864
* 18
+2 108
cfn=(1962) std::_Hashtable<std::__cxx11::basic_string<char, std::char_traits<char>, std::allocator<char> >, std::pair<std::__cxx11::basic_string<char, std::char_traits<char>, std::allocator<char> > const, pg::TokenType>, std::allocator<std::pair<std::__cxx11::basic_string<char, std::char_traits<char>, std::allocator<char> > const, pg::TokenType> >, std::__detail::_Select1st, std::equal_to<std::__cxx11::basic_string<char, std::char_traits<char>, std::allocator<char> > >, std::hash<std::__cxx11::basic_string<char, std::char_traits<char>, std::allocator<char> > >, std::__detail::_Mod_range_hashing, std::__detail::_Default_ranged_hash, std::__detail::_Prime_rehash_policy, std::__detail::_Hashtable_traits<true, false, true> >::_M_find_node(unsigned long, std::__cxx11::basic_string<char, std::char_traits<char>, std::allocator<char> > const&, unsigned long) const
calls=18 807 
* 2079
* 54
+3 54
cfi=(222)
cfn=(1930)
calls=18 77 
* 126
* 90
cfi=(235)
cfn=(1966) std::__detail::_Hash_node<std::pair<std::__cxx11::basic_string<char, std::char_traits<char>, std::allocator<char> > const, pg::TokenType>, true>* std::__detail::_AllocNode<std::allocator<std::__detail::_Hash_node<std::pair<std::__cxx11::basic_string<char, std::char_traits<char>, std::allocator<char> > const, pg::TokenType>, true> > >::operator()<std::pair<std::__cxx11::basic_string<char, std::char_traits<char>, std::allocator<char> > const, pg::TokenType> const&>(std::pair<std::__cxx11::basic_string<char, std::char_traits<char>, std::allocator<char> > const, pg::TokenType> const&) const
calls=18 167 
* 13233
* 108
cfn=(2018)
calls=18 297 
* 270
+2 126
cfn=(2020)
calls=18 2008 
* 6056
* 18
+1 18
+1 126
cfi=(242)
cfn=(2048) std::pair<std::__detail::_Node_iterator<std::pair<std::__cxx11::basic_string<char, std::char_traits<char>, std::allocator<char> > const, pg::TokenType>, false, true>, bool>::pair<std::__detail::_Node_iterator<std::pair<std::__cxx11::basic_string<char, std::char_traits<char>, std::allocator<char> > const, pg::TokenType>, false, true>&, bool, true>(std::__detail::_Node_iterator<std::pair<std::__cxx11::basic_string<char, std::char_traits<char>, std::allocator<char> > const, pg::TokenType>, false, true>&, bool&&)
calls=18 352 
* 648
* 36
+1 54
cfn=(2052) std::_Hashtable<std::__cxx11::basic_string<char, std::char_traits<char>, std::allocator<char> >, std::pair<std::__cxx11::basic_string<char, std::char_traits<char>, std::allocator<char> > const, pg::TokenType>, std::allocator<std::pair<std::__cxx11::basic_string<char, std::char_traits<char>, std::allocator<char> > const, pg::TokenType> >, std::__detail::_Select1st, std::equal_to<std::__cxx11::basic_string<char, std::char_traits<char>, std::allocator<char> > >, std::hash<std::__cxx11::basic_string<char, std::char_traits<char>, std::allocator<char> > >, std::__detail::_Mod_range_hashing, std::__detail::_Default_ranged_hash, std::__detail::_Prime_rehash_policy, std::__detail::_Hashtable_traits<true, false, true> >::_Scoped_node::~_Scoped_node()
calls=18 308 
* 216
* 198

fn=(2634) std::_Hashtable<std::__cxx11::basic_string<char, std::char_traits<char>, std::allocator<char> >, std::pair<std::__cxx11::basic_string<char, std::char_traits<char>, std::allocator<char> > const, pg::Logger::LogSink::Filter*>, std::allocator<std::pair<std::__cxx11::basic_string<char, std::char_traits<char>, std::allocator<char> > const, pg::Logger::LogSink::Filter*> >, std::__detail::_Select1st, std::equal_to<std::__cxx11::basic_string<char, std::char_traits<char>, std::allocator<char> > >, std::hash<std::__cxx11::basic_string<char, std::char_traits<char>, std::allocator<char> > >, std::__detail::_Mod_range_hashing, std::__detail::_Default_ranged_hash, std::__detail::_Prime_rehash_policy, std::__detail::_Hashtable_traits<true, false, true> >::_M_rehash_aux(unsigned long, std::integral_constant<bool, true>)
2378 6
+4 5
cfn=(2636) std::_Hashtable<std::__cxx11::basic_string<char, std::char_traits<char>, std::allocator<char> >, std::pair<std::__cxx11::basic_string<char, std::char_traits<char>, std::allocator<char> > const, pg::Logger::LogSink::Filter*>, std::allocator<std::pair<std::__cxx11::basic_string<char, std::char_traits<char>, std::allocator<char> > const, pg::Logger::LogSink::Filter*> >, std::__detail::_Select1st, std::equal_to<std::__cxx11::basic_string<char, std::char_traits<char>, std::allocator<char> > >, std::hash<std::__cxx11::basic_string<char, std::char_traits<char>, std::allocator<char> > >, std::__detail::_Mod_range_hashing, std::__detail::_Default_ranged_hash, std::__detail::_Prime_rehash_policy, std::__detail::_Hashtable_traits<true, false, true> >::_M_allocate_buckets(unsigned long)
calls=1 432 
* 250
* 1
+1 3
cfn=(2642)
calls=1 462 
* 8
* 1
+1 2
+1 1
+1 3
+23 3
cfn=(2644)
calls=1 453 
* 47
+1 3
+1 3
+1 3

fn=(3086) std::_Hashtable<void*, std::pair<void* const, int>, std::allocator<std::pair<void* const, int> >, std::__detail::_Select1st, std::equal_to<void*>, std::hash<void*>, std::__detail::_Mod_range_hashing, std::__detail::_Default_ranged_hash, std::__detail::_Prime_rehash_policy, std::__detail::_Hashtable_traits<false, false, true> >::_M_find_before_node(unsigned long, void* const&, unsigned long) const
1827 1942368
+6 1699572
+1 485592
+1 485578
+2 21
+3 49
cfi=(235)
cfn=(5054) std::__detail::_Hashtable_base<void*, std::pair<void* const, int>, std::__detail::_Select1st, std::equal_to<void*>, std::hash<void*>, std::__detail::_Mod_range_hashing, std::__detail::_Default_ranged_hash, std::__detail::_Hashtable_traits<false, false, true> >::_M_equals(void* const&, unsigned long, std::__detail::_Hash_node_value<std::pair<void* const, int>, false> const&) const
calls=7 1611 
* 1110
* 14
cfi=(235)
cfn=(5054)
calls=2 1611 
* 317
* 18
+1 10
+2 28
cfi=(235)
cfn=(4950)
calls=4 282 
* 32
* 20
cfn=(4952)
calls=4 790 
* 708
* 22
+2 4
-7 6
cfi=(235)
cfn=(4950)
calls=2 282 
* 16
* 2
+2 2
+4 2
+4 2
+1 485592

fn=(3148) std::_Hashtable<void*, std::pair<void* const, int>, std::allocator<std::pair<void* const, int> >, std::__detail::_Select1st, std::equal_to<void*>, std::hash<void*>, std::__detail::_Mod_range_hashing, std::__detail::_Default_ranged_hash, std::__detail::_Prime_rehash_policy, std::__detail::_Hashtable_traits<false, false, true> >::_M_allocate_buckets(unsigned long)
432 6
+2 5
+6 5
cfi=(235)
cfn=(3150) std::__detail::_Hashtable_alloc<std::allocator<std::__detail::_Hash_node<std::pair<void* const, int>, false> > >::_M_allocate_buckets(unsigned long)
calls=1 1922 
* 375
* 1
+1 2

fn=(3190) std::_Hashtable<std::__cxx11::basic_string<char, std::char_traits<char>, std::allocator<char> >, std::pair<std::__cxx11::basic_string<char, std::char_traits<char>, std::allocator<char> > const, pg::Value>, std::allocator<std::pair<std::__cxx11::basic_string<char, std::char_traits<char>, std::allocator<char> > const, pg::Value> >, std::__detail::_Select1st, std::equal_to<std::__cxx11::basic_string<char, std::char_traits<char>, std::allocator<char> > >, std::hash<std::__cxx11::basic_string<char, std::char_traits<char>, std::allocator<char> > >, std::__detail::_Mod_range_hashing, std::__detail::_Default_ranged_hash, std::__detail::_Prime_rehash_policy, std::__detail::_Hashtable_traits<true, false, true> >::_Scoped_node::_Scoped_node<std::piecewise_construct_t const&, std::tuple<std::__cxx11::basic_string<char, std::char_traits<char>, std::allocator<char> > const&>, std::tuple<> >(std::__detail::_Hashtable_alloc<std::allocator<std::__detail::_Hash_node<std::pair<std::__cxx11::basic_string<char, std::char_traits<char>, std::allocator<char> > const, pg::Value>, true> > >*, std::piecewise_construct_t const&, std::tuple<std::__cxx11::basic_string<char, std::char_traits<char>, std::allocator<char> > const&>&&, std::tuple<>&&)
302 12
+1 3
+1 4
cfi=(222)
cfn=(2580)
calls=1 77 
* 7
* 4
cfi=(222)
cfn=(2582)
calls=1 77 
* 7
* 4
cfi=(222)
cfn=(2584)
calls=1 77 
* 7
* 5
cfi=(235)
cfn=(3192) std::__detail::_Hash_node<std::pair<std::__cxx11::basic_string<char, std::char_traits<char>, std::allocator<char> > const, pg::Value>, true>* std::__detail::_Hashtable_alloc<std::allocator<std::__detail::_Hash_node<std::pair<std::__cxx11::basic_string<char, std::char_traits<char>, std::allocator<char> > const, pg::Value>, true> > >::_M_allocate_node<std::piecewise_construct_t const&, std::tuple<std::__cxx11::basic_string<char, std::char_traits<char>, std::allocator<char> > const&>, std::tuple<> >(std::piecewise_construct_t const&, std::tuple<std::__cxx11::basic_string<char, std::char_traits<char>, std::allocator<char> > const&>&&, std::tuple<>&&)
calls=1 1870 
* 666
* 2
+1 7

fn=(3224)
2355 8
+6 5
cfn=(3226)
calls=1 +17 
* 483
+9 4

fn=(3240)
421 10
+1 18

fn=(3722)
1603 216
+5 120
cfi=(235)
cfn=(1936)
calls=24 1215 
* 3102
* 24
+1 120
cfn=(1958)
calls=24 794 
* 1152
* 24
+1 144
cfn=(1962)
calls=24 807 
* 6286
* 120
cfi=(235)
cfn=(3718)
calls=24 385 
* 600
* 24
+1 120

fn=(5198)
2166 36
+5 24
+2 4
-1 4
+1 3
cfi=(235)
cfn=(4950)
calls=1 282 
* 8
* 5
cfn=(4952)
calls=1 790 
* 177
* 2
-1 4
cfi=(235)
cfn=(4950)
calls=1 282 
* 8
* 3
cfi=(235)
cfn=(4950)
calls=1 282 
* 8
* 12
cfn=(5322) std::_Hashtable<void*, std::pair<void* const, int>, std::allocator<std::pair<void* const, int> >, std::__detail::_Select1st, std::equal_to<void*>, std::hash<void*>, std::__detail::_Mod_range_hashing, std::__detail::_Default_ranged_hash, std::__detail::_Prime_rehash_policy, std::__detail::_Hashtable_traits<false, false, true> >::_M_remove_bucket_begin(unsigned long, std::__detail::_Hash_node<std::pair<void* const, int>, false>*, unsigned long)
calls=2 1919 
* 78
* 2
+2 4
+2 3
cfi=(235)
cfn=(4950)
calls=1 282 
* 8
* 5
cfn=(4952)
calls=1 790 
* 177
* 1
+1 3
+1 7
+3 4
+1 3
cfi=(235)
cfn=(4950)
calls=1 282 
* 8
-1 8
+1 6
cfi=(235)
cfn=(4950)
calls=2 282 
* 16
* 15
cfi=(235)
cfn=(3166)
calls=3 338 
* 75
+1 15
cfi=(235)
cfn=(5200) std::__detail::_Hashtable_alloc<std::allocator<std::__detail::_Hash_node<std::pair<void* const, int>, false> > >::_M_deallocate_node(std::__detail::_Hash_node<std::pair<void* const, int>, false>*)
calls=3 1892 
* 879
+1 15
+2 3
+1 18

fn=(5310)
621 8
+1 3
cfn=(3234)
calls=1 462 
* 8
* 5
cfi=(235)
cfn=(3246)
calls=1 338 
* 25
* 6

fn=(5416)
1528 5
+4 3
cfn=(5418) std::_Hashtable<std::__cxx11::basic_string<char, std::char_traits<char>, std::allocator<char> >, std::pair<std::__cxx11::basic_string<char, std::char_traits<char>, std::allocator<char> > const, pg::Value>, std::allocator<std::pair<std::__cxx11::basic_string<char, std::char_traits<char>, std::allocator<char> > const, pg::Value> >, std::__detail::_Select1st, std::equal_to<std::__cxx11::basic_string<char, std::char_traits<char>, std::allocator<char> > >, std::hash<std::__cxx11::basic_string<char, std::char_traits<char>, std::allocator<char> > >, std::__detail::_Mod_range_hashing, std::__detail::_Default_ranged_hash, std::__detail::_Prime_rehash_policy, std::__detail::_Hashtable_traits<true, false, true> >::clear()
calls=1 2316 
* 1093
+1 3
cfn=(3236)
calls=1 453 
* 302
+1 3
cfi=(235)
cfn=(5444) std::__detail::_Hashtable_alloc<std::allocator<std::__detail::_Hash_node<std::pair<std::__cxx11::basic_string<char, std::char_traits<char>, std::allocator<char> > const, pg::Value>, true> > >::~_Hashtable_alloc()
calls=1 1802 
* 40
* 3

fn=(5418)
2316 5
+4 3
cfn=(3234)
calls=1 462 
* 8
* 5
cfi=(235)
cfn=(5420) std::__detail::_Hashtable_alloc<std::allocator<std::__detail::_Hash_node<std::pair<std::__cxx11::basic_string<char, std::char_traits<char>, std::allocator<char> > const, pg::Value>, true> > >::_M_deallocate_nodes(std::__detail::_Hash_node<std::pair<std::__cxx11::basic_string<char, std::char_traits<char>, std::allocator<char> > const, pg::Value>, true>*)
calls=1 1910 
* 1036
+2 2
-1 6
cob=(2)
cfi=(51)
cfn=(1706)
calls=1 0 
* 21
+2 2
+1 2
+1 3

fn=(1554)
569 14
+6 3
cfi=(234) /usr/include/c++/11/initializer_list
cfn=(1556) std::initializer_list<std::pair<pg::TokenType const, pg::ParseRule> >::end() const
calls=1 79 
* 34
* 4
cfi=(234)
cfn=(1558) std::initializer_list<std::pair<pg::TokenType const, pg::ParseRule> >::begin() const
calls=1 75 
* 8
* 13
cfn=(1562) std::_Hashtable<pg::TokenType, std::pair<pg::TokenType const, pg::ParseRule>, std::allocator<std::pair<pg::TokenType const, pg::ParseRule> >, std::__detail::_Select1st, std::equal_to<pg::TokenType>, std::hash<pg::TokenType>, std::__detail::_Mod_range_hashing, std::__detail::_Default_ranged_hash, std::__detail::_Prime_rehash_policy, std::__detail::_Hashtable_traits<false, false, true> >::_Hashtable<std::pair<pg::TokenType const, pg::ParseRule> const*>(std::pair<pg::TokenType const, pg::ParseRule> const*, std::pair<pg::TokenType const, pg::ParseRule> const*, unsigned long, std::hash<pg::TokenType> const&, std::equal_to<pg::TokenType> const&, std::allocator<std::pair<pg::TokenType const, pg::ParseRule> > const&, std::integral_constant<bool, true>)
calls=1 1139 
* 127060
* 1
+1 4

fn=(1642) std::_Hashtable<pg::TokenType, std::pair<pg::TokenType const, pg::ParseRule>, std::allocator<std::pair<pg::TokenType const, pg::ParseRule> >, std::__detail::_Select1st, std::equal_to<pg::TokenType>, std::hash<pg::TokenType>, std::__detail::_Mod_range_hashing, std::__detail::_Default_ranged_hash, std::__detail::_Prime_rehash_policy, std::__detail::_Hashtable_traits<false, false, true> >::_M_find_before_node(unsigned long, pg::TokenType const&, unsigned long) const
1827 880
+6 770
+1 220
+1 74
+2 219
+3 511
cfi=(235)
cfn=(1752) std::__detail::_Hashtable_base<pg::TokenType, std::pair<pg::TokenType const, pg::ParseRule>, std::__detail::_Select1st, std::equal_to<pg::TokenType>, std::hash<pg::TokenType>, std::__detail::_Mod_range_hashing, std::__detail::_Default_ranged_hash, std::__detail::_Hashtable_traits<false, false, true> >::_M_equals(pg::TokenType const&, unsigned long, std::__detail::_Hash_node_value<std::pair<pg::TokenType const, pg::ParseRule>, false> const&) const
calls=73 1611 
* 11560
* 133
cfi=(235)
cfn=(1752)
calls=19 1611 
* 3016
* 184
+1 80
+2 361
cfi=(235)
cfn=(1738) std::__detail::_Hash_node<std::pair<pg::TokenType const, pg::ParseRule>, false>::_M_next() const
calls=51 282 
* 408
* 255
cfn=(1740)
calls=51 790 
* 10047
* 291
+2 38
-7 57
cfi=(235)
cfn=(1738)
calls=19 282 
* 152
* 19
+2 19
+4 33
+4 33
+1 220

fn=(1672)
297 420
+1 630

fn=(1690) std::_Hashtable<pg::TokenType, std::pair<pg::TokenType const, pg::ParseRule>, std::allocator<std::pair<pg::TokenType const, pg::ParseRule> >, std::__detail::_Select1st, std::equal_to<pg::TokenType>, std::hash<pg::TokenType>, std::__detail::_Mod_range_hashing, std::__detail::_Default_ranged_hash, std::__detail::_Prime_rehash_policy, std::__detail::_Hashtable_traits<false, false, true> >::_M_allocate_buckets(unsigned long)
432 24
+2 20
+6 20
cfi=(235)
cfn=(1692) std::__detail::_Hashtable_alloc<std::allocator<std::__detail::_Hash_node<std::pair<pg::TokenType const, pg::ParseRule>, false> > >::_M_allocate_buckets(unsigned long)
calls=4 1922 
* 1580
* 4
+1 8

fn=(1716) std::_Hashtable<pg::TokenType, std::pair<pg::TokenType const, pg::ParseRule>, std::allocator<std::pair<pg::TokenType const, pg::ParseRule> >, std::__detail::_Select1st, std::equal_to<pg::TokenType>, std::hash<pg::TokenType>, std::__detail::_Mod_range_hashing, std::__detail::_Default_ranged_hash, std::__detail::_Prime_rehash_policy, std::__detail::_Hashtable_traits<false, false, true> >::_M_deallocate_buckets()
453 25
+1 40
cfn=(1718)
calls=5 -10 
* 2595
* 15

fn=(1964) std::_Hashtable<std::__cxx11::basic_string<char, std::char_traits<char>, std::allocator<char> >, std::pair<std::__cxx11::basic_string<char, std::char_traits<char>, std::allocator<char> > const, pg::TokenType>, std::allocator<std::pair<std::__cxx11::basic_string<char, std::char_traits<char>, std::allocator<char> > const, pg::TokenType> >, std::__detail::_Select1st, std::equal_to<std::__cxx11::basic_string<char, std::char_traits<char>, std::allocator<char> > >, std::hash<std::__cxx11::basic_string<char, std::char_traits<char>, std::allocator<char> > >, std::__detail::_Mod_range_hashing, std::__detail::_Default_ranged_hash, std::__detail::_Prime_rehash_policy, std::__detail::_Hashtable_traits<true, false, true> >::_M_find_before_node(unsigned long, std::__cxx11::basic_string<char, std::char_traits<char>, std::allocator<char> > const&, unsigned long) const
1827 336
+6 294
+1 84
+1 24
+2 90
+3 210
cfi=(235)
cfn=(2060) std::__detail::_Hashtable_base<std::__cxx11::basic_string<char, std::char_traits<char>, std::allocator<char> >, std::pair<std::__cxx11::basic_string<char, std::char_traits<char>, std::allocator<char> > const, pg::TokenType>, std::__detail::_Select1st, std::equal_to<std::__cxx11::basic_string<char, std::char_traits<char>, std::allocator<char> > >, std::hash<std::__cxx11::basic_string<char, std::char_traits<char>, std::allocator<char> > >, std::__detail::_Mod_range_hashing, std::__detail::_Default_ranged_hash, std::__detail::_Hashtable_traits<true, false, true> >::_M_equals(std::__cxx11::basic_string<char, std::char_traits<char>, std::allocator<char> > const&, unsigned long, std::__detail::_Hash_node_value<std::pair<std::__cxx11::basic_string<char, std::char_traits<char>, std::allocator<char> > const, pg::TokenType>, true> const&) const
calls=30 1611 
* 3004
* 70
cfi=(235)
cfn=(2060)
calls=10 1611 
* 846
* 80
+1 20
+2 207
cfi=(235)
cfn=(2054)
calls=29 282 
* 232
* 145
cfn=(2056)
calls=29 790 
* 1421
* 168
+2 20
-7 30
cfi=(235)
cfn=(2054)
calls=10 282 
* 80
* 10
+2 10
+4 20
+4 20
+1 84

fn=(2024) std::_Hashtable<std::__cxx11::basic_string<char, std::char_traits<char>, std::allocator<char> >, std::pair<std::__cxx11::basic_string<char, std::char_traits<char>, std::allocator<char> > const, pg::TokenType>, std::allocator<std::pair<std::__cxx11::basic_string<char, std::char_traits<char>, std::allocator<char> > const, pg::TokenType> >, std::__detail::_Select1st, std::equal_to<std::__cxx11::basic_string<char, std::char_traits<char>, std::allocator<char> > >, std::hash<std::__cxx11::basic_string<char, std::char_traits<char>, std::allocator<char> > >, std::__detail::_Mod_range_hashing, std::__detail::_Default_ranged_hash, std::__detail::_Prime_rehash_policy, std::__detail::_Hashtable_traits<true, false, true> >::_M_rehash_aux(unsigned long, std::integral_constant<bool, true>)
2378 12
+4 10
cfn=(2026) std::_Hashtable<std::__cxx11::basic_string<char, std::char_traits<char>, std::allocator<char> >, std::pair<std::__cxx11::basic_string<char, std::char_traits<char>, std::allocator<char> > const, pg::TokenType>, std::allocator<std::pair<std::__cxx11::basic_string<char, std::char_traits<char>, std::allocator<char> > const, pg::TokenType> >, std::__detail::_Select1st, std::equal_to<std::__cxx11::basic_string<char, std::char_traits<char>, std::allocator<char> > >, std::hash<std::__cxx11::basic_string<char, std::char_traits<char>, std::allocator<char> > >, std::__detail::_Mod_range_hashing, std::__detail::_Default_ranged_hash, std::__detail::_Prime_rehash_policy, std::__detail::_Hashtable_traits<true, false, true> >::_M_allocate_buckets(unsigned long)
calls=2 432 
* 507
* 2
+1 6
cfn=(2032)
calls=2 462 
* 16
* 2
+1 4
+1 2
+1 2
+2 39
cfi=(235)
cfn=(2054)
calls=13 282 
* 104
* 13
+2 91
cfi=(235)
cfn=(2058)
calls=13 1247 
* 442
* 13
+1 91
+2 44
+1 33
+1 77
+1 44
+1 60
+1 33
+4 16
+1 14
+3 4
-20 4
+20 22
-20 26
+23 6
cfn=(2034)
calls=2 453 
* 347
+1 6
+1 6
+1 6

fn=(2026)
432 12
+2 10
+6 10
cfi=(235)
cfn=(2028) std::__detail::_Hashtable_alloc<std::allocator<std::__detail::_Hash_node<std::pair<std::__cxx11::basic_string<char, std::char_traits<char>, std::allocator<char> > const, pg::TokenType>, true> > >::_M_allocate_buckets(unsigned long)
calls=2 1922 
* 469
* 2
+1 4

fn=(2690)
528 8
cfi=(235)
cfn=(2692) std::__detail::_Hashtable_base<std::__cxx11::basic_string<char, std::char_traits<char>, std::allocator<char> >, std::pair<std::__cxx11::basic_string<char, std::char_traits<char>, std::allocator<char> > const, pg::Value>, std::__detail::_Select1st, std::equal_to<std::__cxx11::basic_string<char, std::char_traits<char>, std::allocator<char> > >, std::hash<std::__cxx11::basic_string<char, std::char_traits<char>, std::allocator<char> > >, std::__detail::_Mod_range_hashing, std::__detail::_Default_ranged_hash, std::__detail::_Hashtable_traits<true, false, true> >::_Hashtable_base()
calls=1 1604 
* 39
* 3
cfi=(235)
cfn=(2696) std::__detail::_Hashtable_alloc<std::allocator<std::__detail::_Hash_node<std::pair<std::__cxx11::basic_string<char, std::char_traits<char>, std::allocator<char> > const, pg::Value>, true> > >::_Hashtable_alloc()
calls=1 1823 
* 40
* 10
cfi=(235)
cfn=(1600) std::__detail::_Hash_node_base::_Hash_node_base()
calls=1 219 
* 9
* 8
cfi=(235)
cfn=(1602) std::__detail::_Prime_rehash_policy::_Prime_rehash_policy(float)
calls=1 -82 
* 13
* 5

fn=(2706)
528 8
cfi=(235)
cfn=(2708) std::__detail::_Hashtable_base<void*, std::pair<void* const, int>, std::__detail::_Select1st, std::equal_to<void*>, std::hash<void*>, std::__detail::_Mod_range_hashing, std::__detail::_Default_ranged_hash, std::__detail::_Hashtable_traits<false, false, true> >::_Hashtable_base()
calls=1 1604 
* 39
* 3
cfi=(235)
cfn=(2716) std::__detail::_Hashtable_alloc<std::allocator<std::__detail::_Hash_node<std::pair<void* const, int>, false> > >::_Hashtable_alloc()
calls=1 1823 
* 40
* 10
cfi=(235)
cfn=(1600)
calls=1 219 
* 9
* 8
cfi=(235)
cfn=(1602)
calls=1 -82 
* 13
* 5

fn=(2894)
629 80
+1 40
cfi=(235)
cfn=(2654)
calls=10 338 
* 250
* 60

fn=(3084) std::_Hashtable<void*, std::pair<void* const, int>, std::allocator<std::pair<void* const, int> >, std::__detail::_Select1st, std::equal_to<void*>, std::hash<void*>, std::__detail::_Mod_range_hashing, std::__detail::_Default_ranged_hash, std::__detail::_Prime_rehash_policy, std::__detail::_Hashtable_traits<false, false, true> >::_M_find_node(unsigned long, void* const&, unsigned long) const
807 1942368
+3 1456776
cfn=(3086)
calls=242796 1827 
* 5101085
* 242796
+1 485592
+1 15
+1 242791
+1 485592

fn=(3094) std::_Hashtable<void*, std::pair<void* const, int>, std::allocator<std::pair<void* const, int> >, std::__detail::_Select1st, std::equal_to<void*>, std::hash<void*>, std::__detail::_Mod_range_hashing, std::__detail::_Default_ranged_hash, std::__detail::_Prime_rehash_policy, std::__detail::_Hashtable_traits<false, false, true> >::_Scoped_node::_Scoped_node<std::piecewise_construct_t const&, std::tuple<void* const&>, std::tuple<> >(std::__detail::_Hashtable_alloc<std::allocator<std::__detail::_Hash_node<std::pair<void* const, int>, false> > >*, std::piecewise_construct_t const&, std::tuple<void* const&>&&, std::tuple<>&&)
302 48
+1 12
+1 16
cfi=(222)
cfn=(2580)
calls=4 77 
* 28
* 16
cfi=(222)
cfn=(3096)
calls=4 77 
* 28
* 16
cfi=(222)
cfn=(2584)
calls=4 77 
* 28
* 20
cfi=(235)
cfn=(3098) std::__detail::_Hash_node<std::pair<void* const, int>, false>* std::__detail::_Hashtable_alloc<std::allocator<std::__detail::_Hash_node<std::pair<void* const, int>, false> > >::_M_allocate_node<std::piecewise_construct_t const&, std::tuple<void* const&>, std::tuple<> >(std::piecewise_construct_t const&, std::tuple<void* const&>&&, std::tuple<>&&)
calls=4 1870 
* 2252
* 8
+1 28

fn=(3144)
2355 8
+6 5
cfn=(3146) std::_Hashtable<void*, std::pair<void* const, int>, std::allocator<std::pair<void* const, int> >, std::__detail::_Select1st, std::equal_to<void*>, std::hash<void*>, std::__detail::_Mod_range_hashing, std::__detail::_Default_ranged_hash, std::__detail::_Prime_rehash_policy, std::__detail::_Hashtable_traits<false, false, true> >::_M_rehash_aux(unsigned long, std::integral_constant<bool, true>)
calls=1 +17 
* 483
+9 4

fn=(3146)
2378 6
+4 5
cfn=(3148)
calls=1 432 
* 394
* 1
+1 3
cfn=(3154) std::_Hashtable<void*, std::pair<void* const, int>, std::allocator<std::pair<void* const, int> >, std::__detail::_Select1st, std::equal_to<void*>, std::hash<void*>, std::__detail::_Mod_range_hashing, std::__detail::_Default_ranged_hash, std::__detail::_Prime_rehash_policy, std::__detail::_Hashtable_traits<false, false, true> >::_M_begin() const
calls=1 462 
* 8
* 1
+1 2
+1 1
+1 3
+23 3
cfn=(3156)
calls=1 453 
* 47
+1 3
+1 3
+1 3

fn=(5126)
629 1942328
+1 971164
cfi=(235)
cfn=(3166)
calls=242791 338 
* 6069775
* 1456746

fn=(5400)
2316 5
+4 3
cfn=(3154)
calls=1 462 
* 8
* 5
cfi=(235)
cfn=(5402) std::__detail::_Hashtable_alloc<std::allocator<std::__detail::_Hash_node<std::pair<void* const, int>, false> > >::_M_deallocate_nodes(std::__detail::_Hash_node<std::pair<void* const, int>, false>*)
calls=1 1910 
* 327
+2 2
-1 6
cob=(2)
cfi=(51)
cfn=(1706)
calls=1 0 
* 21
+2 2
+1 2
+1 3

fn=(1634)
794 684
+1 798
cfi=(235)
cfn=(1636) std::__detail::_Hash_code_base<pg::TokenType, std::pair<pg::TokenType const, pg::ParseRule>, std::__detail::_Select1st, std::hash<pg::TokenType>, std::__detail::_Mod_range_hashing, std::__detail::_Default_ranged_hash, false>::_M_bucket_index(unsigned long, unsigned long) const
calls=114 1232 
* 3762
* 228

fn=(1888)
484 12
+4 6
cfi=(235)
cfn=(1890) std::__detail::_Hashtable_base<std::__cxx11::basic_string<char, std::char_traits<char>, std::allocator<char> >, std::pair<std::__cxx11::basic_string<char, std::char_traits<char>, std::allocator<char> > const, pg::TokenType>, std::__detail::_Select1st, std::equal_to<std::__cxx11::basic_string<char, std::char_traits<char>, std::allocator<char> > >, std::hash<std::__cxx11::basic_string<char, std::char_traits<char>, std::allocator<char> > >, std::__detail::_Mod_range_hashing, std::__detail::_Default_ranged_hash, std::__detail::_Hashtable_traits<true, false, true> >::_Hashtable_base(std::hash<std::__cxx11::basic_string<char, std::char_traits<char>, std::allocator<char> > > const&, std::equal_to<std::__cxx11::basic_string<char, std::char_traits<char>, std::allocator<char> > > const&)
calls=1 1606 
* 72
-1 5
cfi=(205)
cfn=(1902) std::allocator<std::__detail::_Hash_node<std::pair<std::__cxx11::basic_string<char, std::char_traits<char>, std::allocator<char> > const, pg::TokenType>, true> >::allocator<std::pair<std::__cxx11::basic_string<char, std::char_traits<char>, std::allocator<char> > const, pg::TokenType> >(std::allocator<std::pair<std::__cxx11::basic_string<char, std::char_traits<char>, std::allocator<char> > const, pg::TokenType> > const&)
calls=1 169 
* 19
+1 5
cfi=(235)
cfn=(1906) std::__detail::_Hashtable_alloc<std::allocator<std::__detail::_Hash_node<std::pair<std::__cxx11::basic_string<char, std::char_traits<char>, std::allocator<char> > const, pg::TokenType>, true> > >::_Hashtable_alloc<std::allocator<std::__detail::_Hash_node<std::pair<std::__cxx11::basic_string<char, std::char_traits<char>, std::allocator<char> > const, pg::TokenType>, true> > >(std::allocator<std::__detail::_Hash_node<std::pair<std::__cxx11::basic_string<char, std::char_traits<char>, std::allocator<char> > const, pg::TokenType>, true> >&&)
calls=1 1828 
* 70
-1 3
cfi=(205)
cfn=(1916) std::allocator<std::__detail::_Hash_node<std::pair<std::__cxx11::basic_string<char, std::char_traits<char>, std::allocator<char> > const, pg::TokenType>, true> >::~allocator()
calls=1 174 
* 18
+1 3
cfi=(236) /usr/include/c++/11/bits/enable_special_members.h
cfn=(1598) std::_Enable_default_constructor<true, std::__detail::_Hash_node_base>::_Enable_default_constructor(std::_Enable_default_constructor_tag)
calls=1 67 
* 7
* 10
cfi=(235)
cfn=(1600)
calls=1 219 
* 9
* 8
cfi=(235)
cfn=(1602)
calls=1 -42 
* 13
* 2
+1 7

fn=(2630) std::_Hashtable<std::__cxx11::basic_string<char, std::char_traits<char>, std::allocator<char> >, std::pair<std::__cxx11::basic_string<char, std::char_traits<char>, std::allocator<char> > const, pg::Logger::LogSink::Filter*>, std::allocator<std::pair<std::__cxx11::basic_string<char, std::char_traits<char>, std::allocator<char> > const, pg::Logger::LogSink::Filter*> >, std::__detail::_Select1st, std::equal_to<std::__cxx11::basic_string<char, std::char_traits<char>, std::allocator<char> > >, std::hash<std::__cxx11::basic_string<char, std::char_traits<char>, std::allocator<char> > >, std::__detail::_Mod_range_hashing, std::__detail::_Default_ranged_hash, std::__detail::_Prime_rehash_policy, std::__detail::_Hashtable_traits<true, false, true> >::_M_insert_unique_node(unsigned long, unsigned long, std::__detail::_Hash_node<std::pair<std::__cxx11::basic_string<char, std::char_traits<char>, std::allocator<char> > const, pg::Logger::LogSink::Filter*>, true>*, unsigned long)
2008 48
+6 16
cfi=(235)
cfn=(1676)
calls=4 473 
* 32
* 12
+2 36
cob=(2)
cfi=(51)
cfn=(1678)
calls=4 0 
* 128
* 16
+3 12
+2 6
cfn=(2632) std::_Hashtable<std::__cxx11::basic_string<char, std::char_traits<char>, std::allocator<char> >, std::pair<std::__cxx11::basic_string<char, std::char_traits<char>, std::allocator<char> > const, pg::Logger::LogSink::Filter*>, std::allocator<std::pair<std::__cxx11::basic_string<char, std::char_traits<char>, std::allocator<char> > const, pg::Logger::LogSink::Filter*> >, std::__detail::_Select1st, std::equal_to<std::__cxx11::basic_string<char, std::char_traits<char>, std::allocator<char> > >, std::hash<std::__cxx11::basic_string<char, std::char_traits<char>, std::allocator<char> > >, std::__detail::_Mod_range_hashing, std::__detail::_Default_ranged_hash, std::__detail::_Prime_rehash_policy, std::__detail::_Hashtable_traits<true, false, true> >::_M_rehash(unsigned long, unsigned long const&)
calls=1 2355 
* 356
+1 5
cfn=(2564)
calls=1 794 
* 48
* 1
+3 7
cfi=(235)
cfn=(2650) std::__detail::_Hash_code_base<std::__cxx11::basic_string<char, std::char_traits<char>, std::allocator<char> >, std::pair<std::__cxx11::basic_string<char, std::char_traits<char>, std::allocator<char> > const, pg::Logger::LogSink::Filter*>, std::__detail::_Select1st, std::hash<std::__cxx11::basic_string<char, std::char_traits<char>, std::allocator<char> > >, std::__detail::_Mod_range_hashing, std::__detail::_Default_ranged_hash, true>::_M_store_code(std::__detail::_Hash_node_code_cache<true>&, unsigned long) const
calls=1 1263 
* 12
* 21
cfi=(235)
cfn=(2650)
calls=3 1263 
* 36
+3 24
cfn=(2652) std::_Hashtable<std::__cxx11::basic_string<char, std::char_traits<char>, std::allocator<char> >, std::pair<std::__cxx11::basic_string<char, std::char_traits<char>, std::allocator<char> > const, pg::Logger::LogSink::Filter*>, std::allocator<std::pair<std::__cxx11::basic_string<char, std::char_traits<char>, std::allocator<char> > const, pg::Logger::LogSink::Filter*> >, std::__detail::_Select1st, std::equal_to<std::__cxx11::basic_string<char, std::char_traits<char>, std::allocator<char> > >, std::hash<std::__cxx11::basic_string<char, std::char_traits<char>, std::allocator<char> > >, std::__detail::_Mod_range_hashing, std::__detail::_Default_ranged_hash, std::__detail::_Prime_rehash_policy, std::__detail::_Hashtable_traits<true, false, true> >::_M_insert_bucket_begin(unsigned long, std::__detail::_Hash_node<std::pair<std::__cxx11::basic_string<char, std::char_traits<char>, std::allocator<char> > const, pg::Logger::LogSink::Filter*>, true>*)
calls=4 1886 
* 381
+1 20
+1 20
cfi=(235)
cfn=(2654)
calls=4 338 
* 100
* 4
+1 20

fn=(2652)
1886 36
+4 32
+12 16
+1 12
+2 16
+3 18
cfi=(235)
cfn=(2662) std::__detail::_Hash_node<std::pair<std::__cxx11::basic_string<char, std::char_traits<char>, std::allocator<char> > const, pg::Logger::LogSink::Filter*>, true>::_M_next() const
calls=3 282 
* 24
* 15
cfn=(2664)
calls=3 790 
* 147
* 9
+2 24
+2 18
-2 8
+2 6

fn=(2660) std::_Hashtable<std::__cxx11::basic_string<char, std::char_traits<char>, std::allocator<char> >, std::pair<std::__cxx11::basic_string<char, std::char_traits<char>, std::allocator<char> > const, pg::Logger::LogSink::Filter*>, std::allocator<std::pair<std::__cxx11::basic_string<char, std::char_traits<char>, std::allocator<char> > const, pg::Logger::LogSink::Filter*> >, std::__detail::_Select1st, std::equal_to<std::__cxx11::basic_string<char, std::char_traits<char>, std::allocator<char> > >, std::hash<std::__cxx11::basic_string<char, std::char_traits<char>, std::allocator<char> > >, std::__detail::_Mod_range_hashing, std::__detail::_Default_ranged_hash, std::__detail::_Prime_rehash_policy, std::__detail::_Hashtable_traits<true, false, true> >::_Scoped_node::~_Scoped_node()
308 48

fn=(3158)
444 14
+2 10
cfn=(3160) std::_Hashtable<void*, std::pair<void* const, int>, std::allocator<std::pair<void* const, int> >, std::__detail::_Select1st, std::equal_to<void*>, std::hash<void*>, std::__detail::_Mod_range_hashing, std::__detail::_Default_ranged_hash, std::__detail::_Prime_rehash_policy, std::__detail::_Hashtable_traits<false, false, true> >::_M_uses_single_bucket(std::__detail::_Hash_node_base**) const
calls=2 -25 
* 28
* 4
+3 6
cfi=(235)
cfn=(5404) std::__detail::_Hashtable_alloc<std::allocator<std::__detail::_Hash_node<std::pair<void* const, int>, false> > >::_M_deallocate_buckets(std::__detail::_Hash_node_base**, unsigned long)
calls=1 1935 
* 249
* 1
-2 1
+3 4

fn=(3182)
794 1456734
+1 1699523
cfi=(235)
cfn=(3184) std::__detail::_Hash_code_base<std::__cxx11::basic_string<char, std::char_traits<char>, std::allocator<char> >, std::pair<std::__cxx11::basic_string<char, std::char_traits<char>, std::allocator<char> > const, pg::Value>, std::__detail::_Select1st, std::hash<std::__cxx11::basic_string<char, std::char_traits<char>, std::allocator<char> > >, std::__detail::_Mod_range_hashing, std::__detail::_Default_ranged_hash, true>::_M_bucket_index(unsigned long, unsigned long) const
calls=242789 1232 
* 8012037
* 485578

fn=(3188) std::_Hashtable<std::__cxx11::basic_string<char, std::char_traits<char>, std::allocator<char> >, std::pair<std::__cxx11::basic_string<char, std::char_traits<char>, std::allocator<char> > const, pg::Value>, std::allocator<std::pair<std::__cxx11::basic_string<char, std::char_traits<char>, std::allocator<char> > const, pg::Value> >, std::__detail::_Select1st, std::equal_to<std::__cxx11::basic_string<char, std::char_traits<char>, std::allocator<char> > >, std::hash<std::__cxx11::basic_string<char, std::char_traits<char>, std::allocator<char> > >, std::__detail::_Mod_range_hashing, std::__detail::_Default_ranged_hash, std::__detail::_Prime_rehash_policy, std::__detail::_Hashtable_traits<true, false, true> >::_M_find_before_node(unsigned long, std::__cxx11::basic_string<char, std::char_traits<char>, std::allocator<char> > const&, unsigned long) const
1827 1942304
+6 1699516
+1 485576
+1 6
+2 728355
+3 1699495
cfi=(235)
cfn=(5134) std::__detail::_Hashtable_base<std::__cxx11::basic_string<char, std::char_traits<char>, std::allocator<char> >, std::pair<std::__cxx11::basic_string<char, std::char_traits<char>, std::allocator<char> > const, pg::Value>, std::__detail::_Select1st, std::equal_to<std::__cxx11::basic_string<char, std::char_traits<char>, std::allocator<char> > >, std::hash<std::__cxx11::basic_string<char, std::char_traits<char>, std::allocator<char> > >, std::__detail::_Mod_range_hashing, std::__detail::_Default_ranged_hash, std::__detail::_Hashtable_traits<true, false, true> >::_M_equals(std::__cxx11::basic_string<char, std::char_traits<char>, std::allocator<char> > const&, unsigned long, std::__detail::_Hash_node_value<std::pair<std::__cxx11::basic_string<char, std::char_traits<char>, std::allocator<char> > const, pg::Value>, true> const&) const
calls=242785 1611 
* 65794735
* 485570
+1 485570
+8 485576

fn=(3228)
432 6
+2 5
+6 5
cfi=(235)
cfn=(3230) std::__detail::_Hashtable_alloc<std::allocator<std::__detail::_Hash_node<std::pair<std::__cxx11::basic_string<char, std::char_traits<char>, std::allocator<char> > const, pg::Value>, true> > >::_M_allocate_buckets(unsigned long)
calls=1 1922 
* 375
* 1
+1 2

fn=(5322)
1919 14
+5 7
+4 4
+1 12
+3 20
+1 3
+1 6
+2 3
-2 6
+2 3

fn=(1720)
421 25
+1 45

fn=(1724)
1886 630
+4 560
+4 297
+1 264
+17 33
-10 148
+1 111
+2 148
+3 216
cfi=(235)
cfn=(1738)
calls=36 282 
* 288
* 180
cfn=(1740)
calls=36 790 
* 7092
* 108
+2 288
+2 216
-2 8
+2 204

fn=(1876)
569 14
+6 3
cfi=(234)
cfn=(1878) std::initializer_list<std::pair<std::__cxx11::basic_string<char, std::char_traits<char>, std::allocator<char> > const, pg::TokenType> >::end() const
calls=1 79 
* 38
* 4
cfi=(234)
cfn=(1880) std::initializer_list<std::pair<std::__cxx11::basic_string<char, std::char_traits<char>, std::allocator<char> > const, pg::TokenType> >::begin() const
calls=1 75 
* 8
* 13
cfn=(1884)
calls=1 1139 
* 29474
* 1
+1 4

fn=(1962)
807 336
+3 252
cfn=(1964)
calls=42 1827 
* 7505
* 42
+1 84
+1 30
+1 32
+1 84

fn=(2038)
421 15
+1 27

fn=(2052)
308 216

fn=(2420)
528 8
cfi=(235)
cfn=(2422) std::__detail::_Hashtable_base<std::__cxx11::basic_string<char, std::char_traits<char>, std::allocator<char> >, std::pair<std::__cxx11::basic_string<char, std::char_traits<char>, std::allocator<char> > const, pg::Logger::LogSink::Filter*>, std::__detail::_Select1st, std::equal_to<std::__cxx11::basic_string<char, std::char_traits<char>, std::allocator<char> > >, std::hash<std::__cxx11::basic_string<char, std::char_traits<char>, std::allocator<char> > >, std::__detail::_Mod_range_hashing, std::__detail::_Default_ranged_hash, std::__detail::_Hashtable_traits<true, false, true> >::_Hashtable_base()
calls=1 1604 
* 39
* 3
cfi=(235)
cfn=(2430) std::__detail::_Hashtable_alloc<std::allocator<std::__detail::_Hash_node<std::pair<std::__cxx11::basic_string<char, std::char_traits<char>, std::allocator<char> > const, pg::Logger::LogSink::Filter*>, true> > >::_Hashtable_alloc()
calls=1 1823 
* 40
* 10
cfi=(235)
cfn=(1600)
calls=1 219 
* 9
* 8
cfi=(235)
cfn=(1602)
calls=1 -82 
* 13
* 5

fn=(2570)
1827 32
+6 28
+1 8
+1 8
+14 8

fn=(3154)
462 8
+1 8

fn=(3160)
421 10
+1 18

fn=(5622)
1528 5
+4 3
cfn=(5624) std::_Hashtable<pg::TokenType, std::pair<pg::TokenType const, pg::ParseRule>, std::allocator<std::pair<pg::TokenType const, pg::ParseRule> >, std::__detail::_Select1st, std::equal_to<pg::TokenType>, std::hash<pg::TokenType>, std::__detail::_Mod_range_hashing, std::__detail::_Default_ranged_hash, std::__detail::_Prime_rehash_policy, std::__detail::_Hashtable_traits<false, false, true> >::clear()
calls=1 2316 
* 23549
+1 3
cfn=(1716)
calls=1 453 
* 300
+1 3
cfi=(235)
cfn=(5646) std::__detail::_Hashtable_alloc<std::allocator<std::__detail::_Hash_node<std::pair<pg::TokenType const, pg::ParseRule>, false> > >::~_Hashtable_alloc()
calls=1 1802 
* 40
* 3

fn=(1562)
1139 11
+6 7
cfn=(1564)
calls=1 -25 
* 310
+2 1
+1 350
cfi=(235)
cfn=(1608) std::__detail::_Insert_base<pg::TokenType, std::pair<pg::TokenType const, pg::ParseRule>, std::allocator<std::pair<pg::TokenType const, pg::ParseRule> >, std::__detail::_Select1st, std::equal_to<pg::TokenType>, std::hash<pg::TokenType>, std::__detail::_Mod_range_hashing, std::__detail::_Default_ranged_hash, std::__detail::_Prime_rehash_policy, std::__detail::_Hashtable_traits<false, false, true> >::insert(std::pair<pg::TokenType const, pg::ParseRule> const&)
calls=70 840 
* 126094
-1 283
+2 4

fn=(1566)
484 12
+4 6
cfi=(235)
cfn=(1568) std::__detail::_Hashtable_base<pg::TokenType, std::pair<pg::TokenType const, pg::ParseRule>, std::__detail::_Select1st, std::equal_to<pg::TokenType>, std::hash<pg::TokenType>, std::__detail::_Mod_range_hashing, std::__detail::_Default_ranged_hash, std::__detail::_Hashtable_traits<false, false, true> >::_Hashtable_base(std::hash<pg::TokenType> const&, std::equal_to<pg::TokenType> const&)
calls=1 1606 
* 72
-1 5
cfi=(205)
cfn=(1580) std::allocator<std::__detail::_Hash_node<std::pair<pg::TokenType const, pg::ParseRule>, false> >::allocator<std::pair<pg::TokenType const, pg::ParseRule> >(std::allocator<std::pair<pg::TokenType const, pg::ParseRule> > const&)
calls=1 169 
* 19
+1 5
cfi=(235)
cfn=(1584) std::__detail::_Hashtable_alloc<std::allocator<std::__detail::_Hash_node<std::pair<pg::TokenType const, pg::ParseRule>, false> > >::_Hashtable_alloc<std::allocator<std::__detail::_Hash_node<std::pair<pg::TokenType const, pg::ParseRule>, false> > >(std::allocator<std::__detail::_Hash_node<std::pair<pg::TokenType const, pg::ParseRule>, false> >&&)
calls=1 1828 
* 70
-1 3
cfi=(205)
cfn=(1594) std::allocator<std::__detail::_Hash_node<std::pair<pg::TokenType const, pg::ParseRule>, false> >::~allocator()
calls=1 174 
* 18
+1 3
cfi=(236)
cfn=(1598)
calls=1 67 
* 7
* 10
cfi=(235)
cfn=(1600)
calls=1 219 
* 9
* 8
cfi=(235)
cfn=(1602)
calls=1 -42 
* 13
* 2
+1 7

fn=(1640)
807 880
+3 660
cfn=(1642)
calls=110 1827 
* 29580
* 110
+1 220
+1 120
+1 70
+1 220

fn=(1688)
2378 24
+4 20
cfn=(1690)
calls=4 432 
* 1656
* 4
+1 12
cfn=(1714)
calls=4 462 
* 32
* 4
+1 8
+1 4
+1 4
+2 303
cfi=(235)
cfn=(1738)
calls=101 282 
* 808
* 101
+2 707
cfi=(235)
cfn=(1742)
calls=101 1236 
* 18382
* 101
+1 707
+2 368
+1 276
+1 644
+1 368
+1 534
+1 276
+4 72
+1 63
+3 18
-20 18
+20 184
-20 192
+23 12
cfn=(1716)
calls=4 453 
* 2375
+1 12
+1 12
+1 12

fn=(1736)
308 840

fn=(2022)
2355 16
+6 10
cfn=(2024)
calls=2 +17 
* 2104
+9 8

fn=(2034)
453 15
+1 24
cfn=(2036)
calls=3 -10 
* 599
* 9

fn=(2632)
2355 8
+6 5
cfn=(2634)
calls=1 +17 
* 339
+9 4

fn=(2636)
432 6
+2 5
+6 5
cfi=(235)
cfn=(2638) std::__detail::_Hashtable_alloc<std::allocator<std::__detail::_Hash_node<std::pair<std::__cxx11::basic_string<char, std::char_traits<char>, std::allocator<char> > const, pg::Logger::LogSink::Filter*>, true> > >::_M_allocate_buckets(unsigned long)
calls=1 1922 
* 231
* 1
+1 2

fn=(2648)
421 10
+1 18

fn=(3186)
807 1942304
+3 1456728
cfn=(3188)
calls=242788 1827 
* 73806703
* 242788
+1 485576
+1 728355
+1 3
+1 485576

fn=(3234)
462 12
+1 12

fn=(3244)
1886 27
+4 24
+12 12
+1 9
+2 12
+3 12
cfi=(235)
cfn=(5110) std::__detail::_Hash_node<std::pair<std::__cxx11::basic_string<char, std::char_traits<char>, std::allocator<char> > const, pg::Value>, true>::_M_next() const
calls=2 282 
* 16
* 10
cfn=(5112)
calls=2 790 
* 98
* 6
+2 16
+2 12
-2 8
+2 6

fn=(3252) std::_Hashtable<std::__cxx11::basic_string<char, std::char_traits<char>, std::allocator<char> >, std::pair<std::__cxx11::basic_string<char, std::char_traits<char>, std::allocator<char> > const, pg::Value>, std::allocator<std::pair<std::__cxx11::basic_string<char, std::char_traits<char>, std::allocator<char> > const, pg::Value> >, std::__detail::_Select1st, std::equal_to<std::__cxx11::basic_string<char, std::char_traits<char>, std::allocator<char> > >, std::hash<std::__cxx11::basic_string<char, std::char_traits<char>, std::allocator<char> > >, std::__detail::_Mod_range_hashing, std::__detail::_Default_ranged_hash, std::__detail::_Prime_rehash_policy, std::__detail::_Hashtable_traits<true, false, true> >::_Scoped_node::~_Scoped_node()
308 36

fn=(5122)
1588 2185119
+5 1213955
cfi=(235)
cfn=(3072) std::__detail::_Hash_code_base<void*, std::pair<void* const, int>, std::__detail::_Select1st, std::hash<void*>, std::__detail::_Mod_range_hashing, std::__detail::_Default_ranged_hash, false>::_M_hash_code(void* const&) const
calls=242791 1215 
* 10197222
* 242791
+1 1213955
cfn=(3080)
calls=242791 794 
* 11653968
* 242791
+1 1456746
cfn=(3084)
calls=242791 807 
* 9956264
* 1213955
cfi=(235)
cfn=(3166)
calls=242791 338 
* 6069775
* 242791
+1 1213955

fn=(5624)
2316 5
+4 3
cfn=(1714)
calls=1 462 
* 8
* 5
cfi=(235)
cfn=(5626) std::__detail::_Hashtable_alloc<std::allocator<std::__detail::_Hash_node<std::pair<pg::TokenType const, pg::ParseRule>, false> > >::_M_deallocate_nodes(std::__detail::_Hash_node<std::pair<pg::TokenType const, pg::ParseRule>, false>*)
calls=1 1910 
* 23440
+2 2
-1 6
cob=(2)
cfi=(51)
cfn=(1706)
calls=1 0 
* 73
+2 2
+1 2
+1 3

fl=(224)
fn=(1504)
175 1947568

fl=(281) /usr/include/c++/11/ext/alloc_traits.h
fn=(4006) __gnu_cxx::__alloc_traits<std::allocator<pg::Token>, pg::Token>::_S_select_on_copy(std::allocator<pg::Token> const&)
97 27
+1 15
cfi=(219)
cfn=(4008)
calls=3 562 
* 108
* 18

fn=(4180) __gnu_cxx::__alloc_traits<std::allocator<pg::Token>, pg::Token>::_S_propagate_on_copy_assign()
103 3
+1 3

fn=(3324) __gnu_cxx::__alloc_traits<std::allocator<char>, char>::_S_select_on_copy(std::allocator<char> const&)
97 54
+1 30
cfi=(219)
cfn=(3326)
calls=6 562 
* 108
* 36

fl=(299) /usr/include/c++/11/bits/predefined_ops.h
fn=(3788) __gnu_cxx::__ops::_Iter_pred<pg::(anonymous namespace)::isNumber(std::__cxx11::basic_string<char, std::char_traits<char>, std::allocator<char> > const&)::{lambda(unsigned char)#1}> __gnu_cxx::__ops::__pred_iter<pg::(anonymous namespace)::isNumber(std::__cxx11::basic_string<char, std::char_traits<char>, std::allocator<char> > const&)::{lambda(unsigned char)#1}>(pg::(anonymous namespace)::isNumber(std::__cxx11::basic_string<char, std::char_traits<char>, std::allocator<char> > const&)::{lambda(unsigned char)#1})
324 98
+1 42
cfi=(222)
cfn=(3790) std::remove_reference<pg::(anonymous namespace)::isNumber(std::__cxx11::basic_string<char, std::char_traits<char>, std::allocator<char> > const&)::{lambda(unsigned char)#1}&>::type&& std::move<pg::(anonymous namespace)::isNumber(std::__cxx11::basic_string<char, std::char_traits<char>, std::allocator<char> > const&)::{lambda(unsigned char)#1}&>(pg::(anonymous namespace)::isNumber(std::__cxx11::basic_string<char, std::char_traits<char>, std::allocator<char> > const&)::{lambda(unsigned char)#1}&)
calls=14 104 
* 84
* 42
cfn=(3792) __gnu_cxx::__ops::_Iter_pred<pg::(anonymous namespace)::isNumber(std::__cxx11::basic_string<char, std::char_traits<char>, std::allocator<char> > const&)::{lambda(unsigned char)#1}>::_Iter_pred(pg::(anonymous namespace)::isNumber(std::__cxx11::basic_string<char, std::char_traits<char>, std::allocator<char> > const&)::{lambda(unsigned char)#1})
calls=14 -15 
* 224
* 112

fn=(3792)
310 56
+1 42
cfi=(222)
cfn=(3790)
calls=14 104 
* 84
+1 42

fn=(3804) bool __gnu_cxx::__ops::_Iter_pred<pg::(anonymous namespace)::isNumber(std::__cxx11::basic_string<char, std::char_traits<char>, std::allocator<char> > const&)::{lambda(unsigned char)#1}>::operator()<__gnu_cxx::__normal_iterator<char const*, std::__cxx11::basic_string<char, std::char_traits<char>, std::allocator<char> > > >(__gnu_cxx::__normal_iterator<char const*, std::__cxx11::basic_string<char, std::char_traits<char>, std::allocator<char> > >)
317 90
+1 60
cfi=(225)
cfn=(3806) __gnu_cxx::__normal_iterator<char const*, std::__cxx11::basic_string<char, std::char_traits<char>, std::allocator<char> > >::operator*() const
calls=15 1042 
* 120
* 75
cfi=(249)
cfn=(3808)
calls=15 200 
* 165
* 45

fl=(269) /usr/include/c++/11/bits/allocated_ptr.h
fn=(2380) std::__allocated_ptr<std::allocator<std::_Sp_counted_ptr_inplace<pg::TerminalSink, std::allocator<pg::TerminalSink>, (__gnu_cxx::_Lock_policy)2> > >::__allocated_ptr(std::allocator<std::_Sp_counted_ptr_inplace<pg::TerminalSink, std::allocator<pg::TerminalSink>, (__gnu_cxx::_Lock_policy)2> >&, std::_Sp_counted_ptr_inplace<pg::TerminalSink, std::allocator<pg::TerminalSink>, (__gnu_cxx::_Lock_policy)2>*)
53 14
+1 6
cfi=(222)
cfn=(2382) std::allocator<std::_Sp_counted_ptr_inplace<pg::TerminalSink, std::allocator<pg::TerminalSink>, (__gnu_cxx::_Lock_policy)2> >* std::__addressof<std::allocator<std::_Sp_counted_ptr_inplace<pg::TerminalSink, std::allocator<pg::TerminalSink>, (__gnu_cxx::_Lock_policy)2> > >(std::allocator<std::_Sp_counted_ptr_inplace<pg::TerminalSink, std::allocator<pg::TerminalSink>, (__gnu_cxx::_Lock_policy)2> >&)
calls=2 -5 
* 14
* 10
+1 6

fn=(2372) std::__allocated_ptr<std::allocator<std::_Sp_counted_ptr_inplace<pg::TerminalSink, std::allocator<pg::TerminalSink>, (__gnu_cxx::_Lock_policy)2> > > std::__allocate_guarded<std::allocator<std::_Sp_counted_ptr_inplace<pg::TerminalSink, std::allocator<pg::TerminalSink>, (__gnu_cxx::_Lock_policy)2> > >(std::allocator<std::_Sp_counted_ptr_inplace<pg::TerminalSink, std::allocator<pg::TerminalSink>, (__gnu_cxx::_Lock_policy)2> >&)
96 6
+2 4
cfi=(219)
cfn=(2374)
calls=1 463 
* 251
* 6
cfn=(2380)
calls=1 -45 
* 25
+1 3

fn=(2438) std::__allocated_ptr<std::allocator<std::_Sp_counted_ptr_inplace<pg::TerminalSink, std::allocator<pg::TerminalSink>, (__gnu_cxx::_Lock_policy)2> > >::operator=(decltype(nullptr))
79 5
+2 2
+1 1
+1 2

fn=(2440) std::__allocated_ptr<std::allocator<std::_Sp_counted_ptr_inplace<pg::TerminalSink, std::allocator<pg::TerminalSink>, (__gnu_cxx::_Lock_policy)2> > >::~__allocated_ptr()
71 10
+2 8
+1 8
cfi=(219)
cfn=(5604)
calls=1 495 
* 134
+1 6

fn=(2384) std::__allocated_ptr<std::allocator<std::_Sp_counted_ptr_inplace<pg::TerminalSink, std::allocator<pg::TerminalSink>, (__gnu_cxx::_Lock_policy)2> > >::get()
86 9
cfi=(239) /usr/include/c++/11/bits/ptr_traits.h
cfn=(2386) std::_Sp_counted_ptr_inplace<pg::TerminalSink, std::allocator<pg::TerminalSink>, (__gnu_cxx::_Lock_policy)2>* std::__to_address<std::_Sp_counted_ptr_inplace<pg::TerminalSink, std::allocator<pg::TerminalSink>, (__gnu_cxx::_Lock_policy)2> >(std::_Sp_counted_ptr_inplace<pg::TerminalSink, std::allocator<pg::TerminalSink>, (__gnu_cxx::_Lock_policy)2>*)
calls=1 +73 
* 7
* 2

fl=(307) /usr/include/c++/11/ext/string_conversions.h
fn=(4582) __gnu_cxx::__stoa<long, int, char, int>(long (*)(char const*, char**, int), char const*, char const*, unsigned long*, int)::_Save_errno::_Save_errno()
63 24
cob=(2)
cfi=(51)
cfn=(4584) 0x000000000010ea50
calls=4 -63 
* 24
* 16
cob=(2)
cfi=(51)
cfn=(4584)
calls=4 -63 
* 24
* 16

fn=(4580) int __gnu_cxx::__stoa<long, int, char, int>(long (*)(char const*, char**, int), char const*, char const*, unsigned long*, int)
54 52
+12 12
cfn=(4582)
calls=4 -3 
* 104
+14 28
cob=(3)
cfi=(212)
cfn=(4586)
calls=4 +25 
* 447
* 4
+2 12
+2 4
cob=(2)
cfi=(51)
cfn=(4584)
calls=4 -84 
* 24
* 4
+1 20
cfn=(4590) __gnu_cxx::__stoa<long, int, char, int>(long (*)(char const*, char**, int), char const*, char const*, unsigned long*, int)::_Range_chk::_S_chk(long, std::integral_constant<bool, true>)
calls=4 -12 
* 52
* 12
-1 8
+4 8
+2 8
+3 4
+1 12
cfn=(4592) __gnu_cxx::__stoa<long, int, char, int>(long (*)(char const*, char**, int), char const*, char const*, unsigned long*, int)::_Save_errno::~_Save_errno()
calls=4 -30 
* 112
-1 4
+1 24

fn=(4590)
73 16
+3 28
+1 8

fn=(4592)
64 24
cob=(2)
cfi=(51)
cfn=(4584)
calls=4 -64 
* 24
* 16
cob=(2)
cfi=(51)
cfn=(4584)
calls=4 -64 
* 24
* 24

fl=(312) /home/corse/Documents/PgEngine/exemples/PgCompiler/bytecode_pass.h
fn=(5326) pg::PassManager::~PassManager()
25 9
cfi=(263)
cfn=(2820) std::unique_ptr<pg::BytecodeRewriter, std::default_delete<pg::BytecodeRewriter> >::~unique_ptr()
calls=1 355 
* 557
* 3
cfi=(204)
cfn=(5376) std::vector<std::unique_ptr<pg::BytecodePass, std::default_delete<pg::BytecodePass> >, std::allocator<std::unique_ptr<pg::BytecodePass, std::default_delete<pg::BytecodePass> > > >::~vector()
calls=1 678 
* 138
* 3

fl=(296) /usr/include/c++/11/bits/deque.tcc
fn=(3938) void std::deque<pg::Token, std::allocator<pg::Token> >::_M_push_back_aux<pg::TokenType, std::__cxx11::basic_string<char, std::char_traits<char>, std::allocator<char> >&, int&, int&>(pg::TokenType&&, std::__cxx11::basic_string<char, std::char_traits<char>, std::allocator<char> >&, int&, int&)
484 24
+8 6
cfi=(280) /usr/include/c++/11/bits/stl_deque.h
cfn=(3940) std::deque<pg::Token, std::allocator<pg::Token> >::size() const
calls=2 1233 
* 164
* 8
cfi=(280)
cfn=(3944) std::deque<pg::Token, std::allocator<pg::Token> >::max_size() const
calls=2 1238 
* 172
* 8
+4 8
cfi=(280)
cfn=(3952) std::deque<pg::Token, std::allocator<pg::Token> >::_M_reserve_map_at_back(unsigned long)
calls=2 2126 
* 875
+1 12
cfi=(280)
cfn=(3298) std::_Deque_base<pg::Token, std::allocator<pg::Token> >::_M_allocate_node()
calls=2 +62 
* 578
* 2
+4 6
cfi=(222)
cfn=(3754)
calls=2 77 
* 14
* 8
cfi=(222)
cfn=(3754)
calls=2 77 
* 14
* 8
cfi=(222)
cfn=(3756)
calls=2 77 
* 14
* 8
cfi=(222)
cfn=(1848)
calls=2 77 
* 14
* 18
cfi=(219)
cfn=(3760)
calls=2 +10 
* 668
+6 16
cfi=(280)
cfn=(3306) std::_Deque_iterator<pg::Token, pg::Token&, pg::Token*>::_M_set_node(pg::Token**)
calls=2 260 
* 96
+2 8
+7 14

fn=(4196) std::_Deque_iterator<pg::Token, pg::Token&, pg::Token*> std::__copy_move_a1<false, pg::Token, pg::Token const&, pg::Token const*, pg::Token>(std::_Deque_iterator<pg::Token, pg::Token const&, pg::Token const*>, std::_Deque_iterator<pg::Token, pg::Token const&, pg::Token const*>, std::_Deque_iterator<pg::Token, pg::Token&, pg::Token*>)
1040 11
+3 5
cfi=(280)
cfn=(3770) std::_Deque_iterator<pg::Token, pg::Token&, pg::Token*>::_Deque_iterator(std::_Deque_iterator<pg::Token, pg::Token&, pg::Token*> const&)
calls=1 168 
* 24
* 5
cfi=(280)
cfn=(4032) std::_Deque_iterator<pg::Token, pg::Token const&, pg::Token const*>::_Deque_iterator(std::_Deque_iterator<pg::Token, pg::Token const&, pg::Token const*> const&)
calls=1 168 
* 24
* 5
cfi=(280)
cfn=(4032)
calls=1 168 
* 24
* 6
cfn=(4198) std::_Deque_iterator<pg::Token, pg::Token&, pg::Token*> std::__copy_move_dit<false, pg::Token, pg::Token const&, pg::Token const*, std::_Deque_iterator<pg::Token, pg::Token&, pg::Token*> >(std::_Deque_iterator<pg::Token, pg::Token const&, pg::Token const*>, std::_Deque_iterator<pg::Token, pg::Token const&, pg::Token const*>, std::_Deque_iterator<pg::Token, pg::Token&, pg::Token*>)
calls=1 -40 
* 119
* 6

fn=(4198)
1003 12
+5 6
+18 5
cfi=(280)
cfn=(3770)
calls=1 168 
* 24
* 8
cfn=(4200) __gnu_cxx::__enable_if<std::__is_random_access_iter<pg::Token*, std::iterator_traits<pg::Token*>::iterator_category>::__value, std::_Deque_iterator<pg::Token, pg::Token&, pg::Token*> >::__type std::__copy_move_a1<false, pg::Token*, pg::Token>(pg::Token*, pg::Token*, std::_Deque_iterator<pg::Token, pg::Token&, pg::Token*>)
calls=1 +23 
* 57
+1 7

fn=(4236) std::deque<pg::Token, std::allocator<pg::Token> >::_M_destroy_data_aux(std::_Deque_iterator<pg::Token, pg::Token&, pg::Token*>, std::_Deque_iterator<pg::Token, pg::Token&, pg::Token*>)
859 54
+3 30
+3 60
cfi=(280)
cfn=(4022) std::_Deque_base<pg::Token, std::allocator<pg::Token> >::_M_get_Tp_allocator()
calls=20 547 
* 140
* 20
-1 60
cfi=(280)
cfn=(4218) std::deque<pg::Token, std::allocator<pg::Token> >::_S_buffer_size()
calls=20 -57 
* 380
* 240
cfi=(219)
cfn=(4238)
calls=20 -19 
* 9320
-2 20
+1 104
+4 36
+3 15
cfi=(280)
cfn=(4022)
calls=5 547 
* 35
* 5
-1 35
cfi=(219)
cfn=(4238)
calls=5 -24 
* 1954
+3 15
cfi=(280)
cfn=(4022)
calls=5 547 
* 35
* 5
-1 35
cfi=(219)
cfn=(4238)
calls=5 -26 
* 215
+6 5
-1 3
cfi=(280)
cfn=(4022)
calls=1 547 
* 7
* 1
-1 7
cfi=(219)
cfn=(4238)
calls=1 -30 
* 43
+2 36

fn=(3932) pg::Token& std::deque<pg::Token, std::allocator<pg::Token> >::emplace_back<pg::TokenType, char const (&) [2], int&, int&>(pg::TokenType&&, char const (&) [2], int&, int&)
164 168
+3 28
+1 42
-1 28
+3 39
cfi=(222)
cfn=(3754)
calls=13 -93 
* 91
* 52
cfi=(222)
cfn=(3754)
calls=13 -93 
* 91
* 52
cfi=(222)
cfn=(3930)
calls=13 -93 
* 91
* 52
cfi=(222)
cfn=(1848)
calls=13 -93 
* 91
* 117
cfi=(219)
cfn=(3934)
calls=13 511 
* 7085
+3 78
+3 3
cfi=(222)
cfn=(3754)
calls=1 -99 
* 7
* 4
cfi=(222)
cfn=(3754)
calls=1 -99 
* 7
* 4
cfi=(222)
cfn=(3930)
calls=1 -99 
* 7
* 4
cfi=(222)
cfn=(1848)
calls=1 -99 
* 7
* 7
cfn=(3958) void std::deque<pg::Token, std::allocator<pg::Token> >::_M_push_back_aux<pg::TokenType, char const (&) [2], int&, int&>(pg::TokenType&&, char const (&) [2], int&, int&)
calls=1 484 
* 1180
+2 42
cfi=(280)
cfn=(3766) std::deque<pg::Token, std::allocator<pg::Token> >::back()
calls=14 1427 
* 1319
+2 84

fn=(3958)
484 12
+8 3
cfi=(280)
cfn=(3940)
calls=1 1233 
* 82
* 4
cfi=(280)
cfn=(3944)
calls=1 1238 
* 86
* 4
+4 4
cfi=(280)
cfn=(3952)
calls=1 2126 
* 25
+1 6
cfi=(280)
cfn=(3298)
calls=1 +62 
* 289
* 1
+4 3
cfi=(222)
cfn=(3754)
calls=1 77 
* 7
* 4
cfi=(222)
cfn=(3754)
calls=1 77 
* 7
* 4
cfi=(222)
cfn=(3930)
calls=1 77 
* 7
* 4
cfi=(222)
cfn=(1848)
calls=1 77 
* 7
* 9
cfi=(219)
cfn=(3934)
calls=1 +10 
* 545
+6 8
cfi=(280)
cfn=(3306)
calls=1 260 
* 48
+2 4
+7 7

fn=(4178) std::deque<pg::Token, std::allocator<pg::Token> >::operator=(std::deque<pg::Token, std::allocator<pg::Token> > const&)
95 10
+3 3
+3 1
cfi=(281)
cfn=(4180)
calls=1 +2 
* 6
* 2
+16 3
cfi=(280)
cfn=(3940)
calls=1 1233 
* 82
* 1
+1 3
cfi=(280)
cfn=(3940)
calls=1 1233 
* 82
* 4
+5 6
cfi=(280)
cfn=(4028) std::deque<pg::Token, std::allocator<pg::Token> >::begin() const
calls=1 1136 
* 39
* 6
cfi=(280)
cfn=(4182) std::operator+(std::_Deque_iterator<pg::Token, pg::Token const&, pg::Token const*> const&, long)
calls=1 378 
* 109
+1 6
cfi=(280)
cfn=(3770)
calls=1 +44 
* 24
* 5
cfi=(280)
cfn=(4032)
calls=1 +44 
* 24
* 5
cfi=(280)
cfn=(4028)
calls=1 1136 
* 39
* 6
cfi=(220) /usr/include/c++/11/bits/stl_algobase.h
cfn=(4186) std::_Deque_iterator<pg::Token, pg::Token&, pg::Token*> std::copy<std::_Deque_iterator<pg::Token, pg::Token const&, pg::Token const*>, std::_Deque_iterator<pg::Token, pg::Token&, pg::Token*> >(std::_Deque_iterator<pg::Token, pg::Token const&, pg::Token const*>, std::_Deque_iterator<pg::Token, pg::Token const&, pg::Token const*>, std::_Deque_iterator<pg::Token, pg::Token&, pg::Token*>)
calls=1 611 
* 709
+1 5
cfi=(280)
cfn=(4024) std::deque<pg::Token, std::allocator<pg::Token> >::end() const
calls=1 1154 
* 39
* 5
cfi=(280)
cfn=(4032)
calls=1 +43 
* 24
* 6
cfi=(280)
cfn=(3770)
calls=1 +43 
* 24
* 6
cfn=(4204) void std::deque<pg::Token, std::allocator<pg::Token> >::_M_range_insert_aux<std::_Deque_iterator<pg::Token, pg::Token const&, pg::Token const*> >(std::_Deque_iterator<pg::Token, pg::Token&, pg::Token*>, std::_Deque_iterator<pg::Token, pg::Token const&, pg::Token const*>, std::_Deque_iterator<pg::Token, pg::Token const&, pg::Token const*>, std::forward_iterator_tag)
calls=1 598 
* 21341
+4 1
+1 6

fn=(4400) std::deque<pg::Token, std::allocator<pg::Token> >::_M_pop_front_aux()
576 30
+3 25
cfi=(280)
cfn=(4022)
calls=5 -32 
* 35
* 15
cfi=(219)
cfn=(4298)
calls=5 -48 
* 230
+2 30
cfi=(280)
cfn=(4252) std::_Deque_base<pg::Token, std::allocator<pg::Token> >::_M_deallocate_node(pg::Token*)
calls=5 -15 
* 1067
+1 40
cfi=(280)
cfn=(3306)
calls=5 260 
* 240
+1 20
+1 20

fn=(3758) pg::Token& std::deque<pg::Token, std::allocator<pg::Token> >::emplace_back<pg::TokenType, std::__cxx11::basic_string<char, std::char_traits<char>, std::allocator<char> >&, int&, int&>(pg::TokenType&&, std::__cxx11::basic_string<char, std::char_traits<char>, std::allocator<char> >&, int&, int&)
164 228
+3 38
+1 57
-1 38
+3 51
cfi=(222)
cfn=(3754)
calls=17 -93 
* 119
* 68
cfi=(222)
cfn=(3754)
calls=17 -93 
* 119
* 68
cfi=(222)
cfn=(3756)
calls=17 -93 
* 119
* 68
cfi=(222)
cfn=(1848)
calls=17 -93 
* 119
* 153
cfi=(219)
cfn=(3760)
calls=17 511 
* 5512
+3 102
+3 6
cfi=(222)
cfn=(3754)
calls=2 -99 
* 14
* 8
cfi=(222)
cfn=(3754)
calls=2 -99 
* 14
* 8
cfi=(222)
cfn=(3756)
calls=2 -99 
* 14
* 8
cfi=(222)
cfn=(1848)
calls=2 -99 
* 14
* 14
cfn=(3938)
calls=2 484 
* 2763
+2 57
cfi=(280)
cfn=(3766)
calls=19 1427 
* 1828
+2 114

fn=(4216) std::deque<pg::Token, std::allocator<pg::Token> >::_M_new_elements_at_front(unsigned long)
881 7
+3 3
cfi=(280)
cfn=(3944)
calls=1 1238 
* 86
* 4
cfi=(280)
cfn=(3940)
calls=1 1233 
* 82
* 7
+3 1
cfi=(280)
cfn=(4218)
calls=1 -80 
* 19
* 3
+1 1
cfi=(280)
cfn=(4218)
calls=1 -81 
* 19
* 1
-1 4
+2 5
cfi=(280)
cfn=(4220) std::deque<pg::Token, std::allocator<pg::Token> >::_M_reserve_map_at_front(unsigned long)
calls=1 2134 
* 825
+4 2
+1 54
cfi=(280)
cfn=(3298)
calls=6 559 
* 1620
* 6
-1 27
+9 4

fn=(3922) pg::Token& std::deque<pg::Token, std::allocator<pg::Token> >::emplace_back<pg::TokenType&, std::__cxx11::basic_string<char, std::char_traits<char>, std::allocator<char> >, int&, int&>(pg::TokenType&, std::__cxx11::basic_string<char, std::char_traits<char>, std::allocator<char> >&&, int&, int&)
164 240
+3 40
+1 60
-1 40
+3 54
cfi=(222)
cfn=(3754)
calls=18 -93 
* 126
* 72
cfi=(222)
cfn=(3754)
calls=18 -93 
* 126
* 72
cfi=(222)
cfn=(3918)
calls=18 -93 
* 126
* 72
cfi=(222)
cfn=(3920)
calls=18 -93 
* 126
* 162
cfi=(219)
cfn=(3924)
calls=18 511 
* 5652
+3 108
+3 6
cfi=(222)
cfn=(3754)
calls=2 -99 
* 14
* 8
cfi=(222)
cfn=(3754)
calls=2 -99 
* 14
* 8
cfi=(222)
cfn=(3918)
calls=2 -99 
* 14
* 8
cfi=(222)
cfn=(3920)
calls=2 -99 
* 14
* 14
cfn=(3956) void std::deque<pg::Token, std::allocator<pg::Token> >::_M_push_back_aux<pg::TokenType&, std::__cxx11::basic_string<char, std::char_traits<char>, std::allocator<char> >, int&, int&>(pg::TokenType&, std::__cxx11::basic_string<char, std::char_traits<char>, std::allocator<char> >&&, int&, int&)
calls=2 484 
* 1898
+2 60
cfi=(280)
cfn=(3766)
calls=20 1427 
* 1918
+2 120

fn=(3992) pg::Token& std::deque<pg::Token, std::allocator<pg::Token> >::emplace_back<pg::TokenType, char const (&) [12], int&, int&>(pg::TokenType&&, char const (&) [12], int&, int&)
164 12
+3 2
+1 3
-1 2
+9 3
cfi=(222)
cfn=(3754)
calls=1 -99 
* 7
* 4
cfi=(222)
cfn=(3754)
calls=1 -99 
* 7
* 4
cfi=(222)
cfn=(3990)
calls=1 -99 
* 7
* 4
cfi=(222)
cfn=(1848)
calls=1 -99 
* 7
* 7
cfn=(3994) void std::deque<pg::Token, std::allocator<pg::Token> >::_M_push_back_aux<pg::TokenType, char const (&) [12], int&, int&>(pg::TokenType&&, char const (&) [12], int&, int&)
calls=1 484 
* 1210
+2 3
cfi=(280)
cfn=(3766)
calls=1 1427 
* 149
+2 6

fn=(4200)
1049 11
+6 7
+1 4
+12 5
cfi=(280)
cfn=(3770)
calls=1 168 
* 24
+1 6

fn=(3994)
484 12
+8 3
cfi=(280)
cfn=(3940)
calls=1 1233 
* 82
* 4
cfi=(280)
cfn=(3944)
calls=1 1238 
* 86
* 4
+4 4
cfi=(280)
cfn=(3952)
calls=1 2126 
* 25
+1 6
cfi=(280)
cfn=(3298)
calls=1 +62 
* 289
* 1
+4 3
cfi=(222)
cfn=(3754)
calls=1 77 
* 7
* 4
cfi=(222)
cfn=(3754)
calls=1 77 
* 7
* 4
cfi=(222)
cfn=(3990)
calls=1 77 
* 7
* 4
cfi=(222)
cfn=(1848)
calls=1 77 
* 7
* 9
cfi=(219)
cfn=(3996)
calls=1 +10 
* 575
+6 8
cfi=(280)
cfn=(3306)
calls=1 260 
* 48
+2 4
+7 7

fn=(3956)
484 24
+8 6
cfi=(280)
cfn=(3940)
calls=2 1233 
* 164
* 8
cfi=(280)
cfn=(3944)
calls=2 1238 
* 172
* 8
+4 8
cfi=(280)
cfn=(3952)
calls=2 2126 
* 50
+1 12
cfi=(280)
cfn=(3298)
calls=2 +62 
* 578
* 2
+4 6
cfi=(222)
cfn=(3754)
calls=2 77 
* 14
* 8
cfi=(222)
cfn=(3754)
calls=2 77 
* 14
* 8
cfi=(222)
cfn=(3918)
calls=2 77 
* 14
* 8
cfi=(222)
cfn=(3920)
calls=2 77 
* 14
* 18
cfi=(219)
cfn=(3924)
calls=2 +10 
* 628
+6 16
cfi=(280)
cfn=(3306)
calls=2 260 
* 96
+2 8
+7 14

fn=(3960) std::deque<pg::Token, std::allocator<pg::Token> >::_M_reallocate_map(unsigned long, bool)
931 18
+4 16
-1 2
+2 8
+3 12
+16 4
+1 12
cfi=(220)
cfn=(2488) unsigned long const& std::max<unsigned long>(unsigned long const&, unsigned long const&)
calls=2 254 
* 28
* 4
-1 4
+4 10
cfi=(280)
cfn=(3276) std::_Deque_base<pg::Token, std::allocator<pg::Token> >::_M_allocate_map(unsigned long)
calls=2 573 
* 394
* 2
+1 8
+1 9
-1 3
+3 2
-1 7
cfi=(220)
cfn=(3962) pg::Token** std::copy<pg::Token**, pg::Token**>(pg::Token**, pg::Token**, pg::Token**)
calls=1 611 
* 171
-1 1
-1 3
+3 2
-1 7
cfi=(220)
cfn=(3962)
calls=1 611 
* 172
+3 16
cfi=(280)
cfn=(3980) std::_Deque_base<pg::Token, std::allocator<pg::Token> >::_M_deallocate_map(pg::Token**, unsigned long)
calls=2 580 
* 461
+2 6
+1 6
+3 12
cfi=(280)
cfn=(3306)
calls=2 260 
* 96
+1 20
cfi=(280)
cfn=(3306)
calls=2 260 
* 96
+1 8

fn=(4204)
598 12
+5 5
cfi=(280)
cfn=(4032)
calls=1 168 
* 24
* 5
cfi=(280)
cfn=(4032)
calls=1 168 
* 24
* 5
cfi=(200) /usr/include/c++/11/bits/stl_iterator_base_funcs.h
cfn=(4206) std::iterator_traits<std::_Deque_iterator<pg::Token, pg::Token const&, pg::Token const*> >::difference_type std::distance<std::_Deque_iterator<pg::Token, pg::Token const&, pg::Token const*> >(std::_Deque_iterator<pg::Token, pg::Token const&, pg::Token const*>, std::_Deque_iterator<pg::Token, pg::Token const&, pg::Token const*>)
calls=1 138 
* 167
* 1
+1 6
+2 6
cfi=(280)
cfn=(4214) std::deque<pg::Token, std::allocator<pg::Token> >::_M_reserve_elements_at_front(unsigned long)
calls=1 2090 
* 3036
+4 3
cfi=(280)
cfn=(4022)
calls=1 -63 
* 7
* 1
-1 5
cfi=(280)
cfn=(3770)
calls=1 168 
* 24
* 5
cfi=(280)
cfn=(4032)
calls=1 168 
* 24
* 5
cfi=(280)
cfn=(4032)
calls=1 168 
* 24
* 7
cfi=(221) /usr/include/c++/11/bits/stl_uninitialized.h
cfn=(4030) std::_Deque_iterator<pg::Token, pg::Token&, pg::Token*> std::__uninitialized_copy_a<std::_Deque_iterator<pg::Token, pg::Token const&, pg::Token const*>, std::_Deque_iterator<pg::Token, pg::Token&, pg::Token*>, pg::Token>(std::_Deque_iterator<pg::Token, pg::Token const&, pg::Token const*>, std::_Deque_iterator<pg::Token, pg::Token const&, pg::Token const*>, std::_Deque_iterator<pg::Token, pg::Token&, pg::Token*>, std::allocator<pg::Token>&)
calls=1 331 
* 17929
+2 9
+28 7

fl=(178)
fn=(810) (below main)
0 12
cob=(3)
cfi=(179)
cfn=(812)
calls=1 242 
0 1399371449

fn=(818)
0 12

fn=(5712) 0x0000000000007490
0 9
cob=(2)
cfi=(51)
cfn=(5718) 0x000000000010ea00
calls=1 0 
0 121
0 1
cfn=(5728) 0x0000000000007420
calls=1 0 
0 5
0 3

fn=(5728)
0 5

fl=(235)
fn=(1602)
446 25
+1 40

fn=(1610) std::__detail::_Insert_base<pg::TokenType, std::pair<pg::TokenType const, pg::ParseRule>, std::allocator<std::pair<pg::TokenType const, pg::ParseRule> >, std::__detail::_Select1st, std::equal_to<pg::TokenType>, std::hash<pg::TokenType>, std::__detail::_Mod_range_hashing, std::__detail::_Default_ranged_hash, std::__detail::_Prime_rehash_policy, std::__detail::_Hashtable_traits<false, false, true> >::_M_conjure_hashtable()
815 280
+1 210

fn=(1616)
93 2100
+2 1050
cfi=(222)
cfn=(1618)
calls=350 -18 
* 2450
* 700
cfi=(237) /usr/include/c++/11/utility
cfn=(1620) std::tuple_element<0ul, std::pair<pg::TokenType const, pg::ParseRule> >::type const& std::get<0ul, pg::TokenType const, pg::ParseRule>(std::pair<pg::TokenType const, pg::ParseRule> const&)
calls=350 233 
* 5950
* 700

fn=(1650) std::__detail::_Hashtable_ebo_helper<0, std::allocator<std::__detail::_Hash_node<std::pair<pg::TokenType const, pg::ParseRule>, false> >, true>::_M_get()
1135 2016

fn=(1892) std::__detail::_Hash_code_base<std::__cxx11::basic_string<char, std::char_traits<char>, std::allocator<char> >, std::pair<std::__cxx11::basic_string<char, std::char_traits<char>, std::allocator<char> > const, pg::TokenType>, std::__detail::_Select1st, std::hash<std::__cxx11::basic_string<char, std::char_traits<char>, std::allocator<char> > >, std::__detail::_Mod_range_hashing, std::__detail::_Default_ranged_hash, true>::_Hash_code_base(std::hash<std::__cxx11::basic_string<char, std::char_traits<char>, std::allocator<char> > > const&)
1212 11
cfn=(1894) std::__detail::_Hashtable_ebo_helper<1, std::hash<std::__cxx11::basic_string<char, std::char_traits<char>, std::allocator<char> > >, true>::_Hashtable_ebo_helper<std::hash<std::__cxx11::basic_string<char, std::char_traits<char>, std::allocator<char> > > const&>(std::hash<std::__cxx11::basic_string<char, std::char_traits<char>, std::allocator<char> > > const&)
calls=1 -82 
* 19
* 3

fn=(2044)
338 108
+1 90
cfn=(2046) std::__detail::_Node_iterator_base<std::pair<std::__cxx11::basic_string<char, std::char_traits<char>, std::allocator<char> > const, pg::TokenType>, true>::_Node_iterator_base(std::__detail::_Hash_node<std::pair<std::__cxx11::basic_string<char, std::char_traits<char>, std::allocator<char> > const, pg::TokenType>, true>*)
calls=18 -44 
* 198
* 54

fn=(2422)
1604 8
cfn=(2424) std::__detail::_Hash_code_base<std::__cxx11::basic_string<char, std::char_traits<char>, std::allocator<char> >, std::pair<std::__cxx11::basic_string<char, std::char_traits<char>, std::allocator<char> > const, pg::Logger::LogSink::Filter*>, std::__detail::_Select1st, std::hash<std::__cxx11::basic_string<char, std::char_traits<char>, std::allocator<char> > >, std::__detail::_Mod_range_hashing, std::__detail::_Default_ranged_hash, true>::_Hash_code_base()
calls=1 1210 
* 18
* 3
cfn=(2428) std::__detail::_Hashtable_ebo_helper<0, std::equal_to<std::__cxx11::basic_string<char, std::char_traits<char>, std::allocator<char> > >, true>::_Hashtable_ebo_helper()
calls=1 1127 
* 7
* 3

fn=(2426) std::__detail::_Hashtable_ebo_helper<1, std::hash<std::__cxx11::basic_string<char, std::char_traits<char>, std::allocator<char> > >, true>::_Hashtable_ebo_helper()
1127 14

fn=(2658) std::__detail::_Node_iterator<std::pair<std::__cxx11::basic_string<char, std::char_traits<char>, std::allocator<char> > const, pg::Logger::LogSink::Filter*>, false, true>::operator->() const
346 20
+1 20
cfn=(2602) std::__detail::_Hash_node_value_base<std::pair<std::__cxx11::basic_string<char, std::char_traits<char>, std::allocator<char> > const, pg::Logger::LogSink::Filter*> >::_M_valptr()
calls=4 237 
* 108
* 8

fn=(2718) std::__detail::_Hashtable_ebo_helper<0, std::allocator<std::__detail::_Hash_node<std::pair<void* const, int>, false> >, true>::_Hashtable_ebo_helper()
1127 8
cfi=(205)
cfn=(2720) std::allocator<std::__detail::_Hash_node<std::pair<void* const, int>, false> >::allocator()
calls=1 156 
* 18
* 3

fn=(3098)
1870 48
+3 12
cfn=(3100) std::__detail::_Hashtable_alloc<std::allocator<std::__detail::_Hash_node<std::pair<void* const, int>, false> > >::_M_node_allocator()
calls=4 -40 
* 68
* 12
cfi=(219)
cfn=(3104)
calls=4 463 
* 572
* 4
+1 12
cfi=(239)
cfn=(3110) std::__detail::_Hash_node<std::pair<void* const, int>, false>* std::__to_address<std::__detail::_Hash_node<std::pair<void* const, int>, false> >(std::__detail::_Hash_node<std::pair<void* const, int>, false>*)
calls=4 159 
* 28
* 4
+3 16
cfi=(224)
cfn=(1504)
calls=4 175 
* 32
* 8
cfn=(3112) std::__detail::_Hash_node<std::pair<void* const, int>, false>::_Hash_node()
calls=4 277 
* 80
+1 12
cfi=(222)
cfn=(2580)
calls=4 77 
* 28
* 16
cfi=(222)
cfn=(3096)
calls=4 77 
* 28
* 16
cfi=(222)
cfn=(2584)
calls=4 77 
* 28
* 20
cfn=(3114) std::__detail::_Hash_node_value_base<std::pair<void* const, int> >::_M_valptr()
calls=4 237 
* 108
* 16
cfn=(3100)
calls=4 -45 
* 68
* 24
cfi=(219)
cfn=(3120)
calls=4 511 
* 956
+3 8
+7 28

fn=(3102) std::__detail::_Hashtable_ebo_helper<0, std::allocator<std::__detail::_Hash_node<std::pair<void* const, int>, false> >, true>::_M_get()
1135 126

fn=(3150)
1922 10
+3 3
cfn=(3100)
calls=1 -92 
* 17
* 5
cfi=(205)
cfn=(3152) std::allocator<std::__detail::_Hash_node_base*>::allocator<std::__detail::_Hash_node<std::pair<void* const, int>, false> >(std::allocator<std::__detail::_Hash_node<std::pair<void* const, int>, false> > const&)
calls=1 169 
* 19
+2 5
cfi=(219)
cfn=(1698)
calls=1 463 
* 248
* 1
+1 3
cfi=(239)
cfn=(1704) std::__detail::_Hash_node_base** std::__to_address<std::__detail::_Hash_node_base*>(std::__detail::_Hash_node_base**)
calls=1 159 
* 7
* 1
+1 6
cob=(2)
cfi=(51)
cfn=(1706)
calls=1 0 
* 21
+1 1
+1 3
cfi=(205)
cfn=(1710) std::allocator<std::__detail::_Hash_node_base*>::~allocator()
calls=1 174 
* 18
-1 1
+1 6

fn=(3194) std::__detail::_Hashtable_alloc<std::allocator<std::__detail::_Hash_node<std::pair<std::__cxx11::basic_string<char, std::char_traits<char>, std::allocator<char> > const, pg::Value>, true> > >::_M_node_allocator()
1833 70
+1 42
cfn=(3196) std::__detail::_Hashtable_ebo_helper<0, std::allocator<std::__detail::_Hash_node<std::pair<std::__cxx11::basic_string<char, std::char_traits<char>, std::allocator<char> > const, pg::Value>, true> >, true>::_M_get()
calls=14 1135 
* 98
* 28

fn=(3724) std::__detail::_Hashtable_base<std::__cxx11::basic_string<char, std::char_traits<char>, std::allocator<char> >, std::pair<std::__cxx11::basic_string<char, std::char_traits<char>, std::allocator<char> > const, pg::TokenType>, std::__detail::_Select1st, std::equal_to<std::__cxx11::basic_string<char, std::char_traits<char>, std::allocator<char> > >, std::hash<std::__cxx11::basic_string<char, std::char_traits<char>, std::allocator<char> > >, std::__detail::_Mod_range_hashing, std::__detail::_Default_ranged_hash, std::__detail::_Hashtable_traits<true, false, true> >::_M_eq() const
1650 80
cfn=(3726) std::__detail::_Hashtable_ebo_helper<0, std::equal_to<std::__cxx11::basic_string<char, std::char_traits<char>, std::allocator<char> > >, true>::_M_cget() const
calls=10 1134 
* 70
* 20

fn=(3750) std::__detail::_Node_const_iterator<std::pair<std::__cxx11::basic_string<char, std::char_traits<char>, std::allocator<char> > const, pg::TokenType>, false, true>::operator->() const
397 25
+1 25
cfn=(1984) std::__detail::_Hash_node_value_base<std::pair<std::__cxx11::basic_string<char, std::char_traits<char>, std::allocator<char> > const, pg::TokenType> >::_M_valptr()
calls=5 237 
* 135
* 10

fn=(4414) std::__detail::_Hash_node_value_base<std::pair<pg::TokenType const, pg::ParseRule> >::_M_v()
245 200
+1 120
cfn=(1662) std::__detail::_Hash_node_value_base<std::pair<pg::TokenType const, pg::ParseRule> >::_M_valptr()
calls=40 -9 
* 1080
* 80

fn=(4958) std::__detail::_Hash_node_value_base<std::pair<void* const, int> >::_M_valptr() const
241 100
+1 60
cfi=(240) /usr/include/c++/11/ext/aligned_buffer.h
cfn=(4960) __gnu_cxx::__aligned_buffer<std::pair<void* const, int> >::_M_ptr() const
calls=20 118 
* 340
* 40

fn=(5056) std::__detail::_Hashtable_base<void*, std::pair<void* const, int>, std::__detail::_Select1st, std::equal_to<void*>, std::hash<void*>, std::__detail::_Mod_range_hashing, std::__detail::_Default_ranged_hash, std::__detail::_Hashtable_traits<false, false, true> >::_S_equals(unsigned long, std::__detail::_Hash_node_code_cache<false> const&)
1586 45
+1 27

fn=(5072)
723 20
+5 4
+1 10
cfn=(3178)
calls=2 1215 
* 262
* 2
+1 10
cfi=(233)
cfn=(3182)
calls=2 +64 
* 96
* 2
+1 12
cfi=(233)
cfn=(3186)
calls=2 +76 
* 82
* 6
+3 2
+3 6
cfi=(222)
cfn=(2868)
calls=2 104 
* 14
* 2
-3 8
cfi=(264) /usr/include/c++/11/tuple
cfn=(5074) std::tuple<std::__cxx11::basic_string<char, std::char_traits<char>, std::allocator<char> >&&> std::forward_as_tuple<std::__cxx11::basic_string<char, std::char_traits<char>, std::allocator<char> > >(std::__cxx11::basic_string<char, std::char_traits<char>, std::allocator<char> >&&)
calls=2 1617 
* 190
* 18
cfi=(233)
cfn=(5082)
calls=2 302 
* 1236
+7 14
cfi=(233)
cfn=(3222)
calls=2 2008 
* 466
* 2
+1 2
+1 6
cfn=(3250) std::__detail::_Node_iterator<std::pair<std::__cxx11::basic_string<char, std::char_traits<char>, std::allocator<char> > const, pg::Value>, false, true>::operator->() const
calls=2 346 
* 78
* 2
+1 6
cfi=(233)
cfn=(3252)
calls=2 308 
* 24
* 14

fn=(5406)
1802 8
cfn=(5408) std::__detail::_Hashtable_ebo_helper<0, std::allocator<std::__detail::_Hash_node<std::pair<void* const, int>, false> >, true>::~_Hashtable_ebo_helper()
calls=1 1124 
* 29
* 3

fn=(5562)
1910 6
+2 1
+2 8
+1 12
cfn=(2662)
calls=4 282 
* 32
* 4
+1 20
cfn=(5564) std::__detail::_Hashtable_alloc<std::allocator<std::__detail::_Hash_node<std::pair<std::__cxx11::basic_string<char, std::char_traits<char>, std::allocator<char> > const, pg::Logger::LogSink::Filter*>, true> > >::_M_deallocate_node(std::__detail::_Hash_node<std::pair<std::__cxx11::basic_string<char, std::char_traits<char>, std::allocator<char> > const, pg::Logger::LogSink::Filter*>, true>*)
calls=4 -24 
* 1348
-4 10
+6 4

fn=(5572) std::__detail::_Hashtable_alloc<std::allocator<std::__detail::_Hash_node<std::pair<std::__cxx11::basic_string<char, std::char_traits<char>, std::allocator<char> > const, pg::Logger::LogSink::Filter*>, true> > >::_M_deallocate_node_ptr(std::__detail::_Hash_node<std::pair<std::__cxx11::basic_string<char, std::char_traits<char>, std::allocator<char> > const, pg::Logger::LogSink::Filter*>, true>*)
1900 24
+3 12
cfi=(239)
cfn=(5574) std::pointer_traits<std::__detail::_Hash_node<std::pair<std::__cxx11::basic_string<char, std::char_traits<char>, std::allocator<char> > const, pg::Logger::LogSink::Filter*>, true>*>::pointer_to(std::__detail::_Hash_node<std::pair<std::__cxx11::basic_string<char, std::char_traits<char>, std::allocator<char> > const, pg::Logger::LogSink::Filter*>, true>&)
calls=4 149 
* 108
* 4
+2 12
cfn=(2588) std::__detail::_Hashtable_alloc<std::allocator<std::__detail::_Hash_node<std::pair<std::__cxx11::basic_string<char, std::char_traits<char>, std::allocator<char> > const, pg::Logger::LogSink::Filter*>, true> > >::_M_node_allocator()
calls=4 -72 
* 68
* 24
cfi=(219)
cfn=(5580)
calls=4 495 
* 620
+1 12

fn=(1568)
1606 7
+1 5
cfn=(1570) std::__detail::_Hash_code_base<pg::TokenType, std::pair<pg::TokenType const, pg::ParseRule>, std::__detail::_Select1st, std::hash<pg::TokenType>, std::__detail::_Mod_range_hashing, std::__detail::_Default_ranged_hash, false>::_Hash_code_base(std::hash<pg::TokenType> const&)
calls=1 1212 
* 33
* 5
cfn=(1576) std::__detail::_Hashtable_ebo_helper<0, std::equal_to<pg::TokenType>, true>::_Hashtable_ebo_helper<std::equal_to<pg::TokenType> const&>(std::equal_to<pg::TokenType> const&)
calls=1 1130 
* 19
+1 3

fn=(1576)
1130 6
+1 3
cfi=(222)
cfn=(1578) std::equal_to<pg::TokenType> const& std::forward<std::equal_to<pg::TokenType> const&>(std::remove_reference<std::equal_to<pg::TokenType> const&>::type&)
calls=1 77 
* 7
+1 3

fn=(1612) std::__detail::_AllocNode<std::allocator<std::__detail::_Hash_node<std::pair<pg::TokenType const, pg::ParseRule>, false> > >::_AllocNode(std::__detail::_Hashtable_alloc<std::allocator<std::__detail::_Hash_node<std::pair<pg::TokenType const, pg::ParseRule>, false> > >&)
162 350
+1 420

fn=(1638) std::__detail::_Mod_range_hashing::operator()(unsigned long, unsigned long) const
428 2916024
+2 2916024

fn=(1728) std::__detail::_Node_iterator_base<std::pair<pg::TokenType const, pg::ParseRule>, false>::_Node_iterator_base(std::__detail::_Hash_node<std::pair<pg::TokenType const, pg::ParseRule>, false>*)
295 350
+1 420

fn=(1758) std::__detail::_Hashtable_ebo_helper<0, std::equal_to<pg::TokenType>, true>::_M_cget() const
1134 644

fn=(1894)
1130 6
+1 3
cfi=(222)
cfn=(1896) std::hash<std::__cxx11::basic_string<char, std::char_traits<char>, std::allocator<char> > > const& std::forward<std::hash<std::__cxx11::basic_string<char, std::char_traits<char>, std::allocator<char> > > const&>(std::remove_reference<std::hash<std::__cxx11::basic_string<char, std::char_traits<char>, std::allocator<char> > > const&>::type&)
calls=1 77 
* 7
+1 3

fn=(1984)
237 205
+1 123
cfi=(240)
cfn=(1986) __gnu_cxx::__aligned_buffer<std::pair<std::__cxx11::basic_string<char, std::char_traits<char>, std::allocator<char> > const, pg::TokenType> >::_M_ptr()
calls=41 114 
* 697
* 82

fn=(2064)
1935 20
+5 6
cfi=(239)
cfn=(1764) std::pointer_traits<std::__detail::_Hash_node_base**>::pointer_to(std::__detail::_Hash_node_base*&)
calls=2 149 
* 54
* 2
+1 6
cfn=(1970) std::__detail::_Hashtable_alloc<std::allocator<std::__detail::_Hash_node<std::pair<std::__cxx11::basic_string<char, std::char_traits<char>, std::allocator<char> > const, pg::TokenType>, true> > >::_M_node_allocator()
calls=2 1833 
* 34
* 10
cfi=(205)
cfn=(2030) std::allocator<std::__detail::_Hash_node_base*>::allocator<std::__detail::_Hash_node<std::pair<std::__cxx11::basic_string<char, std::char_traits<char>, std::allocator<char> > const, pg::TokenType>, true> >(std::allocator<std::__detail::_Hash_node<std::pair<std::__cxx11::basic_string<char, std::char_traits<char>, std::allocator<char> > const, pg::TokenType>, true> > const&)
calls=2 169 
* 38
+1 12
cfi=(219)
cfn=(1770)
calls=2 495 
* 260
+1 6
cfi=(205)
cfn=(1710)
calls=2 174 
* 36
* 10

fn=(2586)
1870 48
+3 12
cfn=(2588)
calls=4 -40 
* 68
* 12
cfi=(219)
cfn=(2592)
calls=4 463 
* 1004
* 4
+1 12
cfi=(239)
cfn=(2598) std::__detail::_Hash_node<std::pair<std::__cxx11::basic_string<char, std::char_traits<char>, std::allocator<char> > const, pg::Logger::LogSink::Filter*>, true>* std::__to_address<std::__detail::_Hash_node<std::pair<std::__cxx11::basic_string<char, std::char_traits<char>, std::allocator<char> > const, pg::Logger::LogSink::Filter*>, true> >(std::__detail::_Hash_node<std::pair<std::__cxx11::basic_string<char, std::char_traits<char>, std::allocator<char> > const, pg::Logger::LogSink::Filter*>, true>*)
calls=4 159 
* 28
* 4
+3 16
cfi=(224)
cfn=(1504)
calls=4 175 
* 32
* 8
cfn=(2600) std::__detail::_Hash_node<std::pair<std::__cxx11::basic_string<char, std::char_traits<char>, std::allocator<char> > const, pg::Logger::LogSink::Filter*>, true>::_Hash_node()
calls=4 277 
* 80
+1 12
cfi=(222)
cfn=(2580)
calls=4 77 
* 28
* 16
cfi=(222)
cfn=(2582)
calls=4 77 
* 28
* 16
cfi=(222)
cfn=(2584)
calls=4 77 
* 28
* 20
cfn=(2602)
calls=4 237 
* 108
* 16
cfn=(2588)
calls=4 -45 
* 68
* 24
cfi=(219)
cfn=(2608)
calls=4 511 
* 1523
+3 8
+7 28

fn=(2714) std::__detail::_Hashtable_ebo_helper<0, std::equal_to<void*>, true>::_Hashtable_ebo_helper()
1127 7

fn=(3074) std::__detail::_Hash_code_base<void*, std::pair<void* const, int>, std::__detail::_Select1st, std::hash<void*>, std::__detail::_Mod_range_hashing, std::__detail::_Default_ranged_hash, false>::_M_hash() const
1276 1942456
cfn=(3076) std::__detail::_Hashtable_ebo_helper<1, std::hash<void*>, true>::_M_cget() const
calls=242807 1134 
* 1699649
* 485614

fn=(3170) std::__detail::_Node_iterator<std::pair<void* const, int>, false, false>::operator->() const
346 60
+1 60
cfn=(3114)
calls=12 237 
* 324
* 24

fn=(3208) std::__detail::_Hash_node_value_base<std::pair<std::__cxx11::basic_string<char, std::char_traits<char>, std::allocator<char> > const, pg::Value> >::_M_valptr()
237 1213985
+1 728391
cfi=(240)
cfn=(3210) __gnu_cxx::__aligned_buffer<std::pair<std::__cxx11::basic_string<char, std::char_traits<char>, std::allocator<char> > const, pg::Value> >::_M_ptr()
calls=242797 114 
* 4127549
* 485594

fn=(3726)
1134 1699565

fn=(3730) std::__detail::_Hash_node_value_base<std::pair<std::__cxx11::basic_string<char, std::char_traits<char>, std::allocator<char> > const, pg::TokenType> >::_M_valptr() const
241 50
+1 30
cfi=(240)
cfn=(3732) __gnu_cxx::__aligned_buffer<std::pair<std::__cxx11::basic_string<char, std::char_traits<char>, std::allocator<char> > const, pg::TokenType> >::_M_ptr() const
calls=10 118 
* 170
* 20

fn=(5060) std::__detail::_Hashtable_ebo_helper<0, std::equal_to<void*>, true>::_M_cget() const
1134 63

fn=(5206) std::__detail::_Hashtable_alloc<std::allocator<std::__detail::_Hash_node<std::pair<void* const, int>, false> > >::_M_deallocate_node_ptr(std::__detail::_Hash_node<std::pair<void* const, int>, false>*)
1900 24
+3 12
cfi=(239)
cfn=(5208) std::pointer_traits<std::__detail::_Hash_node<std::pair<void* const, int>, false>*>::pointer_to(std::__detail::_Hash_node<std::pair<void* const, int>, false>&)
calls=4 149 
* 108
* 4
+2 12
cfn=(3100)
calls=4 -72 
* 68
* 24
cfi=(219)
cfn=(5214)
calls=4 495 
* 536
+1 12

fn=(5314) std::__detail::_Node_iterator<std::pair<std::__cxx11::basic_string<char, std::char_traits<char>, std::allocator<char> > const, pg::Value>, false, true>::operator*() const
342 15
+1 15
cfn=(5316) std::__detail::_Hash_node_value_base<std::pair<std::__cxx11::basic_string<char, std::char_traits<char>, std::allocator<char> > const, pg::Value> >::_M_v()
calls=3 -98 
* 111
* 6

fn=(5442)
1935 11
+5 3
cfi=(239)
cfn=(1764)
calls=1 149 
* 27
* 1
+1 3
cfn=(3194)
calls=1 1833 
* 17
* 5
cfi=(205)
cfn=(3232) std::allocator<std::__detail::_Hash_node_base*>::allocator<std::__detail::_Hash_node<std::pair<std::__cxx11::basic_string<char, std::char_traits<char>, std::allocator<char> > const, pg::Value>, true> >(std::allocator<std::__detail::_Hash_node<std::pair<std::__cxx11::basic_string<char, std::char_traits<char>, std::allocator<char> > const, pg::Value>, true> > const&)
calls=1 169 
* 19
+1 6
cfi=(219)
cfn=(1770)
calls=1 495 
* 130
+1 3
cfi=(205)
cfn=(1710)
calls=1 174 
* 18
* 6

fn=(5444)
1802 8
cfn=(5446) std::__detail::_Hashtable_ebo_helper<0, std::allocator<std::__detail::_Hash_node<std::pair<std::__cxx11::basic_string<char, std::char_traits<char>, std::allocator<char> > const, pg::Value>, true> >, true>::~_Hashtable_ebo_helper()
calls=1 1124 
* 29
* 3

fn=(5506)
1910 6
+2 1
+2 36
+1 54
cfn=(2054)
calls=18 282 
* 144
* 18
+1 90
cfn=(5508) std::__detail::_Hashtable_alloc<std::allocator<std::__detail::_Hash_node<std::pair<std::__cxx11::basic_string<char, std::char_traits<char>, std::allocator<char> > const, pg::TokenType>, true> > >::_M_deallocate_node(std::__detail::_Hash_node<std::pair<std::__cxx11::basic_string<char, std::char_traits<char>, std::allocator<char> > const, pg::TokenType>, true>*)
calls=18 -24 
* 6066
-4 38
+6 4

fn=(5514) std::__detail::_Hashtable_alloc<std::allocator<std::__detail::_Hash_node<std::pair<std::__cxx11::basic_string<char, std::char_traits<char>, std::allocator<char> > const, pg::TokenType>, true> > >::_M_deallocate_node_ptr(std::__detail::_Hash_node<std::pair<std::__cxx11::basic_string<char, std::char_traits<char>, std::allocator<char> > const, pg::TokenType>, true>*)
1900 108
+3 54
cfi=(239)
cfn=(5516) std::pointer_traits<std::__detail::_Hash_node<std::pair<std::__cxx11::basic_string<char, std::char_traits<char>, std::allocator<char> > const, pg::TokenType>, true>*>::pointer_to(std::__detail::_Hash_node<std::pair<std::__cxx11::basic_string<char, std::char_traits<char>, std::allocator<char> > const, pg::TokenType>, true>&)
calls=18 149 
* 486
* 18
+2 54
cfn=(1970)
calls=18 -72 
* 306
* 108
cfi=(219)
cfn=(5522)
calls=18 495 
* 2790
+1 54

fn=(5586)
1802 8
cfn=(5588) std::__detail::_Hashtable_ebo_helper<0, std::allocator<std::__detail::_Hash_node<std::pair<std::__cxx11::basic_string<char, std::char_traits<char>, std::allocator<char> > const, pg::Logger::LogSink::Filter*>, true> >, true>::~_Hashtable_ebo_helper()
calls=1 1124 
* 29
* 3

fn=(1744) std::__detail::_Hash_node_value_base<std::pair<pg::TokenType const, pg::ParseRule> >::_M_v() const
249 1400
+1 840
cfn=(1746) std::__detail::_Hash_node_value_base<std::pair<pg::TokenType const, pg::ParseRule> >::_M_valptr() const
calls=280 -9 
* 7560
* 560

fn=(1754) std::__detail::_Hashtable_base<pg::TokenType, std::pair<pg::TokenType const, pg::ParseRule>, std::__detail::_Select1st, std::equal_to<pg::TokenType>, std::hash<pg::TokenType>, std::__detail::_Mod_range_hashing, std::__detail::_Default_ranged_hash, std::__detail::_Hashtable_traits<false, false, true> >::_S_equals(unsigned long, std::__detail::_Hash_node_code_cache<false> const&)
1586 460
+1 276

fn=(1922) std::__detail::_Insert_base<std::__cxx11::basic_string<char, std::char_traits<char>, std::allocator<char> >, std::pair<std::__cxx11::basic_string<char, std::char_traits<char>, std::allocator<char> > const, pg::TokenType>, std::allocator<std::pair<std::__cxx11::basic_string<char, std::char_traits<char>, std::allocator<char> > const, pg::TokenType> >, std::__detail::_Select1st, std::equal_to<std::__cxx11::basic_string<char, std::char_traits<char>, std::allocator<char> > >, std::hash<std::__cxx11::basic_string<char, std::char_traits<char>, std::allocator<char> > >, std::__detail::_Mod_range_hashing, std::__detail::_Default_ranged_hash, std::__detail::_Prime_rehash_policy, std::__detail::_Hashtable_traits<true, false, true> >::_M_conjure_hashtable()
815 72
+1 54

fn=(1968) std::__detail::_Hash_node<std::pair<std::__cxx11::basic_string<char, std::char_traits<char>, std::allocator<char> > const, pg::TokenType>, true>* std::__detail::_Hashtable_alloc<std::allocator<std::__detail::_Hash_node<std::pair<std::__cxx11::basic_string<char, std::char_traits<char>, std::allocator<char> > const, pg::TokenType>, true> > >::_M_allocate_node<std::pair<std::__cxx11::basic_string<char, std::char_traits<char>, std::allocator<char> > const, pg::TokenType> const&>(std::pair<std::__cxx11::basic_string<char, std::char_traits<char>, std::allocator<char> > const, pg::TokenType> const&)
1870 144
+3 54
cfn=(1970)
calls=18 -40 
* 306
* 54
cfi=(219)
cfn=(1974)
calls=18 463 
* 4518
* 18
+1 54
cfi=(239)
cfn=(1980) std::__detail::_Hash_node<std::pair<std::__cxx11::basic_string<char, std::char_traits<char>, std::allocator<char> > const, pg::TokenType>, true>* std::__to_address<std::__detail::_Hash_node<std::pair<std::__cxx11::basic_string<char, std::char_traits<char>, std::allocator<char> > const, pg::TokenType>, true> >(std::__detail::_Hash_node<std::pair<std::__cxx11::basic_string<char, std::char_traits<char>, std::allocator<char> > const, pg::TokenType>, true>*)
calls=18 159 
* 126
* 18
+3 72
cfi=(224)
cfn=(1504)
calls=18 175 
* 144
* 36
cfn=(1982) std::__detail::_Hash_node<std::pair<std::__cxx11::basic_string<char, std::char_traits<char>, std::allocator<char> > const, pg::TokenType>, true>::_Hash_node()
calls=18 277 
* 360
+1 54
cfi=(222)
cfn=(1930)
calls=18 77 
* 126
* 90
cfn=(1984)
calls=18 237 
* 486
* 72
cfn=(1970)
calls=18 -45 
* 306
* 72
cfi=(219)
cfn=(1990)
calls=18 511 
* 5547
+3 36
+7 90

fn=(2028)
1922 20
+3 6
cfn=(1970)
calls=2 -92 
* 34
* 10
cfi=(205)
cfn=(2030)
calls=2 169 
* 38
+2 10
cfi=(219)
cfn=(1698)
calls=2 463 
* 208
* 2
+1 6
cfi=(239)
cfn=(1704)
calls=2 159 
* 14
* 2
+1 12
cob=(2)
cfi=(51)
cfn=(1706)
calls=2 0 
* 49
+1 2
+1 6
cfi=(205)
cfn=(1710)
calls=2 174 
* 36
-1 2
+1 12

fn=(2046)
295 305
+1 366

fn=(2054)
282 316
+1 316

fn=(2430)
1823 8
cfn=(2432) std::__detail::_Hashtable_ebo_helper<0, std::allocator<std::__detail::_Hash_node<std::pair<std::__cxx11::basic_string<char, std::char_traits<char>, std::allocator<char> > const, pg::Logger::LogSink::Filter*>, true> >, true>::_Hashtable_ebo_helper()
calls=1 1127 
* 29
* 3

fn=(2588)
1833 90
+1 54
cfn=(2590) std::__detail::_Hashtable_ebo_helper<0, std::allocator<std::__detail::_Hash_node<std::pair<std::__cxx11::basic_string<char, std::char_traits<char>, std::allocator<char> > const, pg::Logger::LogSink::Filter*>, true> >, true>::_M_get()
calls=18 1135 
* 126
* 36

fn=(2698) std::__detail::_Hashtable_ebo_helper<0, std::allocator<std::__detail::_Hash_node<std::pair<std::__cxx11::basic_string<char, std::char_traits<char>, std::allocator<char> > const, pg::Value>, true> >, true>::_Hashtable_ebo_helper()
1127 8
cfi=(205)
cfn=(2700) std::allocator<std::__detail::_Hash_node<std::pair<std::__cxx11::basic_string<char, std::char_traits<char>, std::allocator<char> > const, pg::Value>, true> >::allocator()
calls=1 156 
* 18
* 3

fn=(2708)
1604 8
cfn=(2710) std::__detail::_Hash_code_base<void*, std::pair<void* const, int>, std::__detail::_Select1st, std::hash<void*>, std::__detail::_Mod_range_hashing, std::__detail::_Default_ranged_hash, false>::_Hash_code_base()
calls=1 1210 
* 18
* 3
cfn=(2714)
calls=1 1127 
* 7
* 3

fn=(2900) std::__detail::_Hash_node_value_base<std::pair<std::__cxx11::basic_string<char, std::char_traits<char>, std::allocator<char> > const, pg::Logger::LogSink::Filter*> >::_M_v()
245 200
+1 120
cfn=(2602)
calls=40 -9 
* 1080
* 80

fn=(2906) std::__detail::_Node_iterator_base<std::pair<std::__cxx11::basic_string<char, std::char_traits<char>, std::allocator<char> > const, pg::Logger::LogSink::Filter*>, true>::_M_incr()
299 200
+1 160
cfn=(2662)
calls=40 -18 
* 320
* 200

fn=(3070)
696 50
+5 10
+1 25
cfn=(3072)
calls=5 1215 
* 210
* 5
+1 25
cfi=(233)
cfn=(3080)
calls=5 +91 
* 240
* 5
+1 30
cfi=(233)
cfn=(3084)
calls=5 807 
* 751
* 15
+1 4
cfn=(5068) std::__detail::_Hash_node_value_base<std::pair<void* const, int> >::_M_v()
calls=1 245 
* 37
* 2
+2 4
+3 20
cfi=(264)
cfn=(3088) std::tuple<void* const&>::tuple<true, true>(void* const&)
calls=4 +17 
* 156
-3 36
cfi=(233)
cfn=(3094)
calls=4 302 
* 2500
+7 28
cfi=(233)
cfn=(3142)
calls=4 2008 
* 1677
* 4
+1 4
+1 12
cfn=(3170)
calls=4 346 
* 156
* 4
+1 12
cfi=(233)
cfn=(3172)
calls=4 308 
* 48
* 35

fn=(3192)
1870 12
+3 3
cfn=(3194)
calls=1 -40 
* 17
* 3
cfi=(219)
cfn=(3198)
calls=1 463 
* 104
* 1
+1 3
cfi=(239)
cfn=(3204) std::__detail::_Hash_node<std::pair<std::__cxx11::basic_string<char, std::char_traits<char>, std::allocator<char> > const, pg::Value>, true>* std::__to_address<std::__detail::_Hash_node<std::pair<std::__cxx11::basic_string<char, std::char_traits<char>, std::allocator<char> > const, pg::Value>, true> >(std::__detail::_Hash_node<std::pair<std::__cxx11::basic_string<char, std::char_traits<char>, std::allocator<char> > const, pg::Value>, true>*)
calls=1 159 
* 7
* 1
+3 4
cfi=(224)
cfn=(1504)
calls=1 175 
* 8
* 2
cfn=(3206) std::__detail::_Hash_node<std::pair<std::__cxx11::basic_string<char, std::char_traits<char>, std::allocator<char> > const, pg::Value>, true>::_Hash_node()
calls=1 277 
* 20
+1 3
cfi=(222)
cfn=(2580)
calls=1 77 
* 7
* 4
cfi=(222)
cfn=(2582)
calls=1 77 
* 7
* 4
cfi=(222)
cfn=(2584)
calls=1 77 
* 7
* 5
cfn=(3208)
calls=1 237 
* 27
* 4
cfn=(3194)
calls=1 -45 
* 17
* 6
cfi=(219)
cfn=(3214)
calls=1 511 
* 381
+3 2
+7 7

fn=(3246)
338 2913450
+1 2427875
cfn=(3248) std::__detail::_Node_iterator_base<std::pair<std::__cxx11::basic_string<char, std::char_traits<char>, std::allocator<char> > const, pg::Value>, true>::_Node_iterator_base(std::__detail::_Hash_node<std::pair<std::__cxx11::basic_string<char, std::char_traits<char>, std::allocator<char> > const, pg::Value>, true>*)
calls=485575 -44 
* 5341325
* 1456725

fn=(5068)
245 5
+1 3
cfn=(3114)
calls=1 -9 
* 27
* 2

fn=(5200)
1892 28
+2 16
cfn=(3114)
calls=4 237 
* 108
* 16
cfn=(3100)
calls=4 -61 
* 68
* 12
cfi=(219)
cfn=(5202)
calls=4 531 
* 88
+1 20
cfn=(5206)
calls=4 +5 
* 800
+1 16

fn=(5404)
1935 11
+5 3
cfi=(239)
cfn=(1764)
calls=1 149 
* 27
* 1
+1 3
cfn=(3100)
calls=1 1833 
* 17
* 5
cfi=(205)
cfn=(3152)
calls=1 169 
* 19
+1 6
cfi=(219)
cfn=(1770)
calls=1 495 
* 130
+1 3
cfi=(205)
cfn=(1710)
calls=1 174 
* 18
* 6

fn=(1662)
237 900
+1 540
cfi=(240)
cfn=(1664) __gnu_cxx::__aligned_buffer<std::pair<pg::TokenType const, pg::ParseRule> >::_M_ptr()
calls=180 114 
* 3060
* 360

fn=(1938) std::__detail::_Hash_code_base<std::__cxx11::basic_string<char, std::char_traits<char>, std::allocator<char> >, std::pair<std::__cxx11::basic_string<char, std::char_traits<char>, std::allocator<char> > const, pg::TokenType>, std::__detail::_Select1st, std::hash<std::__cxx11::basic_string<char, std::char_traits<char>, std::allocator<char> > >, std::__detail::_Mod_range_hashing, std::__detail::_Default_ranged_hash, true>::_M_hash() const
1276 336
cfn=(1940) std::__detail::_Hashtable_ebo_helper<1, std::hash<std::__cxx11::basic_string<char, std::char_traits<char>, std::allocator<char> > >, true>::_M_cget() const
calls=42 1134 
* 294
* 84

fn=(2058)
1247 510
+4 357
cfn=(1638)
calls=51 428 
* 612
* 255

fn=(2666)
1247 30
+4 21
cfn=(1638)
calls=3 428 
* 36
* 15

fn=(2898) std::__detail::_Node_iterator<std::pair<std::__cxx11::basic_string<char, std::char_traits<char>, std::allocator<char> > const, pg::Logger::LogSink::Filter*>, false, true>::operator*() const
342 200
+1 200
cfn=(2900)
calls=40 -98 
* 1480
* 80

fn=(3100)
1833 90
+1 54
cfn=(3102)
calls=18 1135 
* 126
* 36

fn=(3168) std::__detail::_Node_iterator_base<std::pair<void* const, int>, false>::_Node_iterator_base(std::__detail::_Hash_node<std::pair<void* const, int>, false>*)
295 2427960
+1 2913552

fn=(3176)
696 10
+5 2
+1 5
cfn=(3178)
calls=1 1215 
* 155
* 1
+1 5
cfi=(233)
cfn=(3182)
calls=1 +91 
* 48
* 1
+1 6
cfi=(233)
cfn=(3186)
calls=1 807 
* 41
* 3
+3 1
+3 5
cfi=(264)
cfn=(2572) std::tuple<std::__cxx11::basic_string<char, std::char_traits<char>, std::allocator<char> > const&>::tuple<true, true>(std::__cxx11::basic_string<char, std::char_traits<char>, std::allocator<char> > const&)
calls=1 +17 
* 39
-3 9
cfi=(233)
cfn=(3190)
calls=1 302 
* 728
+7 7
cfi=(233)
cfn=(3222)
calls=1 2008 
* 806
* 1
+1 1
+1 3
cfn=(3250)
calls=1 346 
* 39
* 1
+1 3
cfi=(233)
cfn=(3252)
calls=1 308 
* 12
* 7

fn=(3718)
385 258
+1 215
cfn=(2046)
calls=43 -91 
* 473
* 129

fn=(3744)
309 95
+2 152

fn=(4954)
1236 110
+6 33
cfn=(4956) std::__detail::_Hash_node_value_base<std::pair<void* const, int> >::_M_v() const
calls=11 249 
* 407
* 55
cfn=(4964) decltype ((get<0>)((forward<std::pair<void* const, int> const&>)({parm#1}))) std::__detail::_Select1st::operator()<std::pair<void* const, int> const&>(std::pair<void* const, int> const&) const
calls=11 93 
* 407
* 55
cfn=(3072)
calls=11 -27 
* 462
* 66
cfn=(1638)
calls=11 428 
* 132
+2 55

fn=(5142) std::__detail::_Hash_node_value_base<std::pair<std::__cxx11::basic_string<char, std::char_traits<char>, std::allocator<char> > const, pg::Value> >::_M_valptr() const
241 1213925
+1 728355
cfi=(240)
cfn=(5144) __gnu_cxx::__aligned_buffer<std::pair<std::__cxx11::basic_string<char, std::char_traits<char>, std::allocator<char> > const, pg::Value> >::_M_ptr() const
calls=242785 118 
* 4127345
* 485570

fn=(5312) std::__detail::operator!=(std::__detail::_Node_iterator_base<std::pair<std::__cxx11::basic_string<char, std::char_traits<char>, std::allocator<char> > const, pg::Value>, true> const&, std::__detail::_Node_iterator_base<std::pair<std::__cxx11::basic_string<char, std::char_traits<char>, std::allocator<char> > const, pg::Value>, true> const&)
309 20
+2 32

fn=(5564)
1892 28
+2 16
cfn=(2602)
calls=4 237 
* 108
* 16
cfn=(2588)
calls=4 -61 
* 68
* 12
cfi=(219)
cfn=(5566)
calls=4 531 
* 180
+1 20
cfn=(5572)
calls=4 +5 
* 884
+1 16

fn=(5588)
1124 8
cfi=(205)
cfn=(5590) std::allocator<std::__detail::_Hash_node<std::pair<std::__cxx11::basic_string<char, std::char_traits<char>, std::allocator<char> > const, pg::Logger::LogSink::Filter*>, true> >::~allocator()
calls=1 174 
* 18
* 3

fn=(5634) std::__detail::_Hashtable_alloc<std::allocator<std::__detail::_Hash_node<std::pair<pg::TokenType const, pg::ParseRule>, false> > >::_M_deallocate_node_ptr(std::__detail::_Hash_node<std::pair<pg::TokenType const, pg::ParseRule>, false>*)
1900 420
+3 210
cfi=(239)
cfn=(5636) std::pointer_traits<std::__detail::_Hash_node<std::pair<pg::TokenType const, pg::ParseRule>, false>*>::pointer_to(std::__detail::_Hash_node<std::pair<pg::TokenType const, pg::ParseRule>, false>&)
calls=70 149 
* 1890
* 70
+2 210
cfn=(1648) std::__detail::_Hashtable_alloc<std::allocator<std::__detail::_Hash_node<std::pair<pg::TokenType const, pg::ParseRule>, false> > >::_M_node_allocator()
calls=70 -72 
* 1190
* 420
cfi=(219)
cfn=(5642)
calls=70 495 
* 10827
+1 210

fn=(1584)
1828 6
+1 3
cfi=(222)
cfn=(1586) std::allocator<std::__detail::_Hash_node<std::pair<pg::TokenType const, pg::ParseRule>, false> >&& std::forward<std::allocator<std::__detail::_Hash_node<std::pair<pg::TokenType const, pg::ParseRule>, false> > >(std::remove_reference<std::allocator<std::__detail::_Hash_node<std::pair<pg::TokenType const, pg::ParseRule>, false> > >::type&)
calls=1 77 
* 7
* 5
cfn=(1588) std::__detail::_Hashtable_ebo_helper<0, std::allocator<std::__detail::_Hash_node<std::pair<pg::TokenType const, pg::ParseRule>, false> >, true>::_Hashtable_ebo_helper<std::allocator<std::__detail::_Hash_node<std::pair<pg::TokenType const, pg::ParseRule>, false> > >(std::allocator<std::__detail::_Hash_node<std::pair<pg::TokenType const, pg::ParseRule>, false> >&&)
calls=1 1130 
* 46
+1 3

fn=(1600)
219 936

fn=(1608)
840 630
+2 210
cfn=(1610)
calls=70 -27 
* 490
* 70
+1 350
cfn=(1612)
calls=70 162 
* 770
+1 420
cfi=(233)
cfn=(1614)
calls=70 2095 
* 122804
+1 350

fn=(1676)
473 396
+1 396

fn=(1726)
338 420
+1 350
cfn=(1728)
calls=70 -44 
* 770
* 210

fn=(1742)
1236 1880
+6 564
cfn=(1744)
calls=188 249 
* 6956
* 940
cfn=(1616)
calls=188 93 
* 6956
* 940
cfn=(1624)
calls=188 -27 
* 11656
* 1128
cfn=(1638)
calls=188 428 
* 2256
+2 940

fn=(1890)
1606 7
+1 5
cfn=(1892)
calls=1 1212 
* 33
* 5
cfn=(1898) std::__detail::_Hashtable_ebo_helper<0, std::equal_to<std::__cxx11::basic_string<char, std::char_traits<char>, std::allocator<char> > >, true>::_Hashtable_ebo_helper<std::equal_to<std::__cxx11::basic_string<char, std::char_traits<char>, std::allocator<char> > > const&>(std::equal_to<std::__cxx11::basic_string<char, std::char_traits<char>, std::allocator<char> > > const&)
calls=1 1130 
* 19
+1 3

fn=(1940)
1134 1699838

fn=(2062) std::__detail::_Hashtable_base<std::__cxx11::basic_string<char, std::char_traits<char>, std::allocator<char> >, std::pair<std::__cxx11::basic_string<char, std::char_traits<char>, std::allocator<char> > const, pg::TokenType>, std::__detail::_Select1st, std::equal_to<std::__cxx11::basic_string<char, std::char_traits<char>, std::allocator<char> > >, std::hash<std::__cxx11::basic_string<char, std::char_traits<char>, std::allocator<char> > >, std::__detail::_Mod_range_hashing, std::__detail::_Default_ranged_hash, std::__detail::_Hashtable_traits<true, false, true> >::_S_equals(unsigned long, std::__detail::_Hash_node_code_cache<true> const&)
1595 200
+1 240

fn=(2424)
1210 8
cfn=(2426)
calls=1 -83 
* 7
* 3

fn=(2432)
1127 8
cfi=(205)
cfn=(2434) std::allocator<std::__detail::_Hash_node<std::pair<std::__cxx11::basic_string<char, std::char_traits<char>, std::allocator<char> > const, pg::Logger::LogSink::Filter*>, true> >::allocator()
calls=1 156 
* 18
* 3

fn=(2638)
1922 10
+3 3
cfn=(2588)
calls=1 -92 
* 17
* 5
cfi=(205)
cfn=(2640) std::allocator<std::__detail::_Hash_node_base*>::allocator<std::__detail::_Hash_node<std::pair<std::__cxx11::basic_string<char, std::char_traits<char>, std::allocator<char> > const, pg::Logger::LogSink::Filter*>, true> >(std::allocator<std::__detail::_Hash_node<std::pair<std::__cxx11::basic_string<char, std::char_traits<char>, std::allocator<char> > const, pg::Logger::LogSink::Filter*>, true> > const&)
calls=1 169 
* 19
+2 5
cfi=(219)
cfn=(1698)
calls=1 463 
* 104
* 1
+1 3
cfi=(239)
cfn=(1704)
calls=1 159 
* 7
* 1
+1 6
cob=(2)
cfi=(51)
cfn=(1706)
calls=1 0 
* 21
+1 1
+1 3
cfi=(205)
cfn=(1710)
calls=1 174 
* 18
-1 1
+1 6

fn=(2662)
282 188
+1 188

fn=(2696)
1823 8
cfn=(2698)
calls=1 1127 
* 29
* 3

fn=(2716)
1823 8
cfn=(2718)
calls=1 1127 
* 29
* 3

fn=(3178)
1215 1456728
+4 728364
cfn=(3180) std::__detail::_Hash_code_base<std::__cxx11::basic_string<char, std::char_traits<char>, std::allocator<char> >, std::pair<std::__cxx11::basic_string<char, std::char_traits<char>, std::allocator<char> > const, pg::Value>, std::__detail::_Select1st, std::hash<std::__cxx11::basic_string<char, std::char_traits<char>, std::allocator<char> > >, std::__detail::_Mod_range_hashing, std::__detail::_Default_ranged_hash, true>::_M_hash() const
calls=242788 +57 
* 4127396
* 1213940
cfi=(196)
cfn=(1942) std::hash<std::__cxx11::basic_string<char, std::char_traits<char>, std::allocator<char> > >::operator()(std::__cxx11::basic_string<char, std::char_traits<char>, std::allocator<char> > const&) const
calls=242788 6875 
* 23793248
+1 485576

fn=(3242)
1263 18
+1 18

fn=(3248)
295 2427875
+1 2913450

fn=(5058) std::__detail::_Hashtable_base<void*, std::pair<void* const, int>, std::__detail::_Select1st, std::equal_to<void*>, std::hash<void*>, std::__detail::_Mod_range_hashing, std::__detail::_Default_ranged_hash, std::__detail::_Hashtable_traits<false, false, true> >::_M_eq() const
1650 72
cfn=(5060)
calls=9 1134 
* 63
* 18

fn=(5110)
282 32
+1 32

fn=(5128) std::__detail::operator!=(std::__detail::_Node_iterator_base<std::pair<void* const, int>, false> const&, std::__detail::_Node_iterator_base<std::pair<void* const, int>, false> const&)
309 1213955
+2 1942328

fn=(5192)
388 18
+2 18
cfn=(3168)
calls=3 -95 
* 33
* 9

fn=(5420)
1910 6
+2 1
+2 6
+1 9
cfn=(5110)
calls=3 282 
* 24
* 3
+1 15
cfn=(5422) std::__detail::_Hashtable_alloc<std::allocator<std::__detail::_Hash_node<std::pair<std::__cxx11::basic_string<char, std::char_traits<char>, std::allocator<char> > const, pg::Value>, true> > >::_M_deallocate_node(std::__detail::_Hash_node<std::pair<std::__cxx11::basic_string<char, std::char_traits<char>, std::allocator<char> > const, pg::Value>, true>*)
calls=3 -24 
* 960
-4 8
+6 4

fn=(5628) std::__detail::_Hashtable_alloc<std::allocator<std::__detail::_Hash_node<std::pair<pg::TokenType const, pg::ParseRule>, false> > >::_M_deallocate_node(std::__detail::_Hash_node<std::pair<pg::TokenType const, pg::ParseRule>, false>*)
1892 490
+2 280
cfn=(1662)
calls=70 237 
* 1890
* 280
cfn=(1648)
calls=70 -61 
* 1190
* 210
cfi=(219)
cfn=(5630)
calls=70 531 
* 1540
+1 350
cfn=(5634)
calls=70 +5 
* 15447
+1 280

fn=(5646)
1802 8
cfn=(5648) std::__detail::_Hashtable_ebo_helper<0, std::allocator<std::__detail::_Hash_node<std::pair<pg::TokenType const, pg::ParseRule>, false> >, true>::~_Hashtable_ebo_helper()
calls=1 1124 
* 29
* 3

fn=(5648)
1124 8
cfi=(205)
cfn=(1594)
calls=1 174 
* 18
* 3

fn=(1570)
1212 11
cfn=(1572) std::__detail::_Hashtable_ebo_helper<1, std::hash<pg::TokenType>, true>::_Hashtable_ebo_helper<std::hash<pg::TokenType> const&>(std::hash<pg::TokenType> const&)
calls=1 -82 
* 19
* 3

fn=(1572)
1130 6
+1 3
cfi=(222)
cfn=(1574) std::hash<pg::TokenType> const& std::forward<std::hash<pg::TokenType> const&>(std::remove_reference<std::hash<pg::TokenType> const&>::type&)
calls=1 77 
* 7
+1 3

fn=(1588)
1130 6
+1 3
cfi=(222)
cfn=(1586)
calls=1 77 
* 7
* 5
cfi=(205)
cfn=(1590) std::allocator<std::__detail::_Hash_node<std::pair<pg::TokenType const, pg::ParseRule>, false> >::allocator(std::allocator<std::__detail::_Hash_node<std::pair<pg::TokenType const, pg::ParseRule>, false> > const&)
calls=1 159 
* 22
+1 3

fn=(1646) std::__detail::_Hash_node<std::pair<pg::TokenType const, pg::ParseRule>, false>* std::__detail::_Hashtable_alloc<std::allocator<std::__detail::_Hash_node<std::pair<pg::TokenType const, pg::ParseRule>, false> > >::_M_allocate_node<std::pair<pg::TokenType const, pg::ParseRule> const&>(std::pair<pg::TokenType const, pg::ParseRule> const&)
1870 560
+3 210
cfn=(1648)
calls=70 -40 
* 1190
* 210
cfi=(219)
cfn=(1652)
calls=70 463 
* 17570
* 70
+1 210
cfi=(239)
cfn=(1658) std::__detail::_Hash_node<std::pair<pg::TokenType const, pg::ParseRule>, false>* std::__to_address<std::__detail::_Hash_node<std::pair<pg::TokenType const, pg::ParseRule>, false> >(std::__detail::_Hash_node<std::pair<pg::TokenType const, pg::ParseRule>, false>*)
calls=70 159 
* 490
* 70
+3 280
cfi=(224)
cfn=(1504)
calls=70 175 
* 560
* 140
cfn=(1660) std::__detail::_Hash_node<std::pair<pg::TokenType const, pg::ParseRule>, false>::_Hash_node()
calls=70 277 
* 1400
+1 210
cfi=(222)
cfn=(1618)
calls=70 77 
* 490
* 350
cfn=(1662)
calls=70 237 
* 1890
* 280
cfn=(1648)
calls=70 -45 
* 1190
* 280
cfi=(219)
cfn=(1668)
calls=70 511 
* 4900
+3 70
+7 350

fn=(1756) std::__detail::_Hashtable_base<pg::TokenType, std::pair<pg::TokenType const, pg::ParseRule>, std::__detail::_Select1st, std::equal_to<pg::TokenType>, std::hash<pg::TokenType>, std::__detail::_Mod_range_hashing, std::__detail::_Default_ranged_hash, std::__detail::_Hashtable_traits<false, false, true> >::_M_eq() const
1650 736
cfn=(1758)
calls=92 1134 
* 644
* 184

fn=(1910) std::__detail::_Hashtable_ebo_helper<0, std::allocator<std::__detail::_Hash_node<std::pair<std::__cxx11::basic_string<char, std::char_traits<char>, std::allocator<char> > const, pg::TokenType>, true> >, true>::_Hashtable_ebo_helper<std::allocator<std::__detail::_Hash_node<std::pair<std::__cxx11::basic_string<char, std::char_traits<char>, std::allocator<char> > const, pg::TokenType>, true> > >(std::allocator<std::__detail::_Hash_node<std::pair<std::__cxx11::basic_string<char, std::char_traits<char>, std::allocator<char> > const, pg::TokenType>, true> >&&)
1130 6
+1 3
cfi=(222)
cfn=(1908) std::allocator<std::__detail::_Hash_node<std::pair<std::__cxx11::basic_string<char, std::char_traits<char>, std::allocator<char> > const, pg::TokenType>, true> >&& std::forward<std::allocator<std::__detail::_Hash_node<std::pair<std::__cxx11::basic_string<char, std::char_traits<char>, std::allocator<char> > const, pg::TokenType>, true> > >(std::remove_reference<std::allocator<std::__detail::_Hash_node<std::pair<std::__cxx11::basic_string<char, std::char_traits<char>, std::allocator<char> > const, pg::TokenType>, true> > >::type&)
calls=1 77 
* 7
* 5
cfi=(205)
cfn=(1912) std::allocator<std::__detail::_Hash_node<std::pair<std::__cxx11::basic_string<char, std::char_traits<char>, std::allocator<char> > const, pg::TokenType>, true> >::allocator(std::allocator<std::__detail::_Hash_node<std::pair<std::__cxx11::basic_string<char, std::char_traits<char>, std::allocator<char> > const, pg::TokenType>, true> > const&)
calls=1 159 
* 22
+1 3

fn=(1920)
840 162
+2 54
cfn=(1922)
calls=18 -27 
* 126
* 18
+1 90
cfn=(1924) std::__detail::_AllocNode<std::allocator<std::__detail::_Hash_node<std::pair<std::__cxx11::basic_string<char, std::char_traits<char>, std::allocator<char> > const, pg::TokenType>, true> > >::_AllocNode(std::__detail::_Hashtable_alloc<std::allocator<std::__detail::_Hash_node<std::pair<std::__cxx11::basic_string<char, std::char_traits<char>, std::allocator<char> > const, pg::TokenType>, true> > >&)
calls=18 162 
* 198
+1 108
cfi=(233)
cfn=(1926)
calls=18 2095 
* 28130
+1 90

fn=(1972) std::__detail::_Hashtable_ebo_helper<0, std::allocator<std::__detail::_Hash_node<std::pair<std::__cxx11::basic_string<char, std::char_traits<char>, std::allocator<char> > const, pg::TokenType>, true> >, true>::_M_get()
1135 532

fn=(2060)
1611 480
+6 240
cfn=(2062)
calls=40 -22 
* 440
* 110
cfn=(3724)
calls=10 +33 
* 170
* 40
cfn=(3728) std::__detail::_Hash_node_value_base<std::pair<std::__cxx11::basic_string<char, std::char_traits<char>, std::allocator<char> > const, pg::TokenType> >::_M_v() const
calls=10 249 
* 370
* 50
cfn=(1928)
calls=10 93 
* 370
* 50
cfi=(243) /usr/include/c++/11/bits/stl_function.h
cfn=(3736) std::equal_to<std::__cxx11::basic_string<char, std::char_traits<char>, std::allocator<char> > >::operator()(std::__cxx11::basic_string<char, std::char_traits<char>, std::allocator<char> > const&, std::__cxx11::basic_string<char, std::char_traits<char>, std::allocator<char> > const&) const
calls=10 369 
* 1220
* 70
+1 240

fn=(2558)
696 40
+5 8
+1 20
cfn=(2560) std::__detail::_Hash_code_base<std::__cxx11::basic_string<char, std::char_traits<char>, std::allocator<char> >, std::pair<std::__cxx11::basic_string<char, std::char_traits<char>, std::allocator<char> > const, pg::Logger::LogSink::Filter*>, std::__detail::_Select1st, std::hash<std::__cxx11::basic_string<char, std::char_traits<char>, std::allocator<char> > >, std::__detail::_Mod_range_hashing, std::__detail::_Default_ranged_hash, true>::_M_hash_code(std::__cxx11::basic_string<char, std::char_traits<char>, std::allocator<char> > const&) const
calls=4 1215 
* 542
* 4
+1 20
cfi=(233)
cfn=(2564)
calls=4 +91 
* 192
* 4
+1 24
cfi=(233)
cfn=(2568)
calls=4 807 
* 164
* 12
+3 4
+3 20
cfi=(264)
cfn=(2572)
calls=4 +17 
* 156
-3 36
cfi=(233)
cfn=(2578)
calls=4 302 
* 3499
+7 28
cfi=(233)
cfn=(2630)
calls=4 2008 
* 1361
* 4
+1 4
+1 12
cfn=(2658)
calls=4 346 
* 156
* 4
+1 12
cfi=(233)
cfn=(2660)
calls=4 308 
* 48
* 28

fn=(2560)
1215 24
+4 12
cfn=(2562) std::__detail::_Hash_code_base<std::__cxx11::basic_string<char, std::char_traits<char>, std::allocator<char> >, std::pair<std::__cxx11::basic_string<char, std::char_traits<char>, std::allocator<char> > const, pg::Logger::LogSink::Filter*>, std::__detail::_Select1st, std::hash<std::__cxx11::basic_string<char, std::char_traits<char>, std::allocator<char> > >, std::__detail::_Mod_range_hashing, std::__detail::_Default_ranged_hash, true>::_M_hash() const
calls=4 +57 
* 68
* 20
cfi=(196)
cfn=(1942)
calls=4 6875 
* 410
+1 8

fn=(2566)
1232 50
+1 30
cfn=(1638)
calls=5 428 
* 60
* 25

fn=(2590)
1135 126

fn=(3076)
1134 1699649

fn=(3112)
277 32
cfn=(1600)
calls=4 -58 
* 36
* 12

fn=(3166)
338 2913534
+1 2427945
cfn=(3168)
calls=485589 -44 
* 5341479
* 1456767

fn=(3206)
277 24
cfn=(1600)
calls=3 -58 
* 27
* 9

fn=(4964)
93 120
+2 60
cfi=(222)
cfn=(4966) std::pair<void* const, int> const& std::forward<std::pair<void* const, int> const&>(std::remove_reference<std::pair<void* const, int> const&>::type&)
calls=20 -18 
* 140
* 40
cfi=(237)
cfn=(4968) std::tuple_element<0ul, std::pair<void* const, int> >::type const& std::get<0ul, void* const, int>(std::pair<void* const, int> const&)
calls=20 233 
* 340
* 40

fn=(5148) decltype ((get<0>)((forward<std::pair<std::__cxx11::basic_string<char, std::char_traits<char>, std::allocator<char> > const, pg::Value> const&>)({parm#1}))) std::__detail::_Select1st::operator()<std::pair<std::__cxx11::basic_string<char, std::char_traits<char>, std::allocator<char> > const, pg::Value> const&>(std::pair<std::__cxx11::basic_string<char, std::char_traits<char>, std::allocator<char> > const, pg::Value> const&) const
93 1456710
+2 728355
cfi=(222)
cfn=(5150) std::pair<std::__cxx11::basic_string<char, std::char_traits<char>, std::allocator<char> > const, pg::Value> const& std::forward<std::pair<std::__cxx11::basic_string<char, std::char_traits<char>, std::allocator<char> > const, pg::Value> const&>(std::remove_reference<std::pair<std::__cxx11::basic_string<char, std::char_traits<char>, std::allocator<char> > const, pg::Value> const&>::type&)
calls=242785 -18 
* 1699495
* 485570
cfi=(237)
cfn=(5152) std::tuple_element<0ul, std::pair<std::__cxx11::basic_string<char, std::char_traits<char>, std::allocator<char> > const, pg::Value> >::type const& std::get<0ul, std::__cxx11::basic_string<char, std::char_traits<char>, std::allocator<char> > const, pg::Value>(std::pair<std::__cxx11::basic_string<char, std::char_traits<char>, std::allocator<char> > const, pg::Value> const&)
calls=242785 233 
* 4127345
* 485570

fn=(5160) std::__detail::operator==(std::__detail::_Node_iterator_base<std::pair<std::__cxx11::basic_string<char, std::char_traits<char>, std::allocator<char> > const, pg::Value>, true> const&, std::__detail::_Node_iterator_base<std::pair<std::__cxx11::basic_string<char, std::char_traits<char>, std::allocator<char> > const, pg::Value>, true> const&)
303 1213925
+2 1942280

fn=(5316)
245 15
+1 9
cfn=(3208)
calls=3 -9 
* 81
* 6

fn=(5408)
1124 8
cfi=(205)
cfn=(5410) std::allocator<std::__detail::_Hash_node<std::pair<void* const, int>, false> >::~allocator()
calls=1 174 
* 18
* 3

fn=(5508)
1892 126
+2 72
cfn=(1984)
calls=18 237 
* 486
* 72
cfn=(1970)
calls=18 -61 
* 306
* 54
cfi=(219)
cfn=(5510)
calls=18 531 
* 810
+1 90
cfn=(5514)
calls=18 +5 
* 3978
+1 72

fn=(5626)
1910 6
+2 1
+2 140
+1 210
cfn=(1738)
calls=70 282 
* 560
* 70
+1 350
cfn=(5628)
calls=70 -24 
* 21957
-4 142
+6 4

fn=(1628) std::__detail::_Hashtable_ebo_helper<1, std::hash<pg::TokenType>, true>::_M_cget() const
1134 2086

fn=(1644)
167 490
+1 350
cfi=(222)
cfn=(1618)
calls=70 -91 
* 490
* 210
cfn=(1646)
calls=70 1870 
* 32970
* 210

fn=(1722)
1254 420
+1 210

fn=(1924)
162 90
+1 108

fn=(1936)
1215 252
+4 126
cfn=(1938)
calls=42 +57 
* 714
* 210
cfi=(196)
cfn=(1942)
calls=42 6875 
* 4140
+1 84

fn=(1960)
1232 440
+1 264
cfn=(1638)
calls=44 428 
* 528
* 220

fn=(1970)
1833 380
+1 228
cfn=(1972)
calls=76 1135 
* 532
* 152

fn=(2428)
1127 14

fn=(2562)
1276 32
cfn=(1940)
calls=4 1134 
* 28
* 8

fn=(2712) std::__detail::_Hashtable_ebo_helper<1, std::hash<void*>, true>::_Hashtable_ebo_helper()
1127 7

fn=(2896) std::__detail::operator!=(std::__detail::_Node_iterator_base<std::pair<std::__cxx11::basic_string<char, std::char_traits<char>, std::allocator<char> > const, pg::Logger::LogSink::Filter*>, true> const&, std::__detail::_Node_iterator_base<std::pair<std::__cxx11::basic_string<char, std::char_traits<char>, std::allocator<char> > const, pg::Logger::LogSink::Filter*>, true> const&)
309 250
+2 400

fn=(3082)
1232 2427970
+1 1456782
cfn=(1638)
calls=242797 428 
* 2913564
* 1213985

fn=(3180)
1276 1942304
cfn=(1940)
calls=242788 1134 
* 1699516
* 485576

fn=(3250)
346 1213940
+1 1213940
cfn=(3208)
calls=242788 237 
* 6555276
* 485576

fn=(3728)
249 50
+1 30
cfn=(3730)
calls=10 -9 
* 270
* 20

fn=(5114)
1247 20
+4 14
cfn=(1638)
calls=2 428 
* 24
* 10

fn=(5138) std::__detail::_Hashtable_base<std::__cxx11::basic_string<char, std::char_traits<char>, std::allocator<char> >, std::pair<std::__cxx11::basic_string<char, std::char_traits<char>, std::allocator<char> > const, pg::Value>, std::__detail::_Select1st, std::equal_to<std::__cxx11::basic_string<char, std::char_traits<char>, std::allocator<char> > >, std::hash<std::__cxx11::basic_string<char, std::char_traits<char>, std::allocator<char> > >, std::__detail::_Mod_range_hashing, std::__detail::_Default_ranged_hash, std::__detail::_Hashtable_traits<true, false, true> >::_M_eq() const
1650 1942280
cfn=(3726)
calls=242785 1134 
* 1699495
* 485570

fn=(5430) std::__detail::_Hashtable_alloc<std::allocator<std::__detail::_Hash_node<std::pair<std::__cxx11::basic_string<char, std::char_traits<char>, std::allocator<char> > const, pg::Value>, true> > >::_M_deallocate_node_ptr(std::__detail::_Hash_node<std::pair<std::__cxx11::basic_string<char, std::char_traits<char>, std::allocator<char> > const, pg::Value>, true>*)
1900 18
+3 9
cfi=(239)
cfn=(5432) std::pointer_traits<std::__detail::_Hash_node<std::pair<std::__cxx11::basic_string<char, std::char_traits<char>, std::allocator<char> > const, pg::Value>, true>*>::pointer_to(std::__detail::_Hash_node<std::pair<std::__cxx11::basic_string<char, std::char_traits<char>, std::allocator<char> > const, pg::Value>, true>&)
calls=3 149 
* 81
* 3
+2 9
cfn=(3194)
calls=3 -72 
* 51
* 18
cfi=(219)
cfn=(5438)
calls=3 495 
* 414
+1 9

fn=(5528) std::__detail::_Hashtable_ebo_helper<0, std::allocator<std::__detail::_Hash_node<std::pair<std::__cxx11::basic_string<char, std::char_traits<char>, std::allocator<char> > const, pg::TokenType>, true> >, true>::~_Hashtable_ebo_helper()
1124 8
cfi=(205)
cfn=(1916)
calls=1 174 
* 18
* 3

fn=(5584)
1935 11
+5 3
cfi=(239)
cfn=(1764)
calls=1 149 
* 27
* 1
+1 3
cfn=(2588)
calls=1 1833 
* 17
* 5
cfi=(205)
cfn=(2640)
calls=1 169 
* 19
+1 6
cfi=(219)
cfn=(1770)
calls=1 495 
* 130
+1 3
cfi=(205)
cfn=(1710)
calls=1 174 
* 18
* 6

fn=(1624)
1215 1788
+4 894
cfn=(1626) std::__detail::_Hash_code_base<pg::TokenType, std::pair<pg::TokenType const, pg::ParseRule>, std::__detail::_Select1st, std::hash<pg::TokenType>, std::__detail::_Mod_range_hashing, std::__detail::_Default_ranged_hash, false>::_M_hash() const
calls=298 +57 
* 5066
* 1788
cfi=(238)
cfn=(1630)
calls=298 92 
* 8344
+1 596

fn=(1660)
277 560
cfn=(1600)
calls=70 -58 
* 630
* 210

fn=(1752)
1611 1104
+6 460
cfn=(1754)
calls=92 -31 
* 736
* 460
cfn=(1756)
calls=92 +33 
* 1564
* 368
cfn=(1744)
calls=92 249 
* 3404
* 460
cfn=(1616)
calls=92 93 
* 3404
* 460
cfi=(243)
cfn=(1760) std::equal_to<pg::TokenType>::operator()(pg::TokenType const&, pg::TokenType const&) const
calls=92 369 
* 1288
* 316
+1 552

fn=(1762)
1935 40
+5 12
cfi=(239)
cfn=(1764)
calls=4 149 
* 108
* 4
+1 12
cfn=(1648)
calls=4 1833 
* 68
* 20
cfi=(205)
cfn=(1694) std::allocator<std::__detail::_Hash_node_base*>::allocator<std::__detail::_Hash_node<std::pair<pg::TokenType const, pg::ParseRule>, false> >(std::allocator<std::__detail::_Hash_node<std::pair<pg::TokenType const, pg::ParseRule>, false> > const&)
calls=4 169 
* 76
+1 24
cfi=(219)
cfn=(1770)
calls=4 495 
* 1948
+1 12
cfi=(205)
cfn=(1710)
calls=4 174 
* 72
* 20

fn=(1898)
1130 6
+1 3
cfi=(222)
cfn=(1900) std::equal_to<std::__cxx11::basic_string<char, std::char_traits<char>, std::allocator<char> > > const& std::forward<std::equal_to<std::__cxx11::basic_string<char, std::char_traits<char>, std::allocator<char> > > const&>(std::remove_reference<std::equal_to<std::__cxx11::basic_string<char, std::char_traits<char>, std::allocator<char> > > const&>::type&)
calls=1 77 
* 7
+1 3

fn=(1906)
1828 6
+1 3
cfi=(222)
cfn=(1908)
calls=1 77 
* 7
* 5
cfn=(1910)
calls=1 1130 
* 46
+1 3

fn=(1928)
93 168
+2 84
cfi=(222)
cfn=(1930)
calls=28 -18 
* 196
* 56
cfi=(237)
cfn=(1932) std::tuple_element<0ul, std::pair<std::__cxx11::basic_string<char, std::char_traits<char>, std::allocator<char> > const, pg::TokenType> >::type const& std::get<0ul, std::__cxx11::basic_string<char, std::char_traits<char>, std::allocator<char> > const, pg::TokenType>(std::pair<std::__cxx11::basic_string<char, std::char_traits<char>, std::allocator<char> > const, pg::TokenType> const&)
calls=28 233 
* 476
* 56

fn=(1966)
167 126
+1 90
cfi=(222)
cfn=(1930)
calls=18 -91 
* 126
* 54
cfn=(1968)
calls=18 1870 
* 12783
* 54

fn=(1982)
277 144
cfn=(1600)
calls=18 -58 
* 162
* 54

fn=(2040)
1263 108
+1 108

fn=(2650)
1263 24
+1 24

fn=(2654)
338 144
+1 120
cfn=(2656) std::__detail::_Node_iterator_base<std::pair<std::__cxx11::basic_string<char, std::char_traits<char>, std::allocator<char> > const, pg::Logger::LogSink::Filter*>, true>::_Node_iterator_base(std::__detail::_Hash_node<std::pair<std::__cxx11::basic_string<char, std::char_traits<char>, std::allocator<char> > const, pg::Logger::LogSink::Filter*>, true>*)
calls=24 -44 
* 264
* 72

fn=(2710)
1210 8
cfn=(2712)
calls=1 -83 
* 7
* 3

fn=(3184)
1232 2427890
+1 1456734
cfn=(1638)
calls=242789 428 
* 2913468
* 1213945

fn=(4412)
696 400
+5 80
+1 200
cfn=(1624)
calls=40 1215 
* 2480
* 40
+1 200
cfi=(233)
cfn=(1634)
calls=40 +91 
* 1920
* 40
+1 240
cfi=(233)
cfn=(1640)
calls=40 807 
* 14216
* 120
+1 160
cfn=(4414)
calls=40 245 
* 1480
* 80
+12 280

fn=(4956)
249 100
+1 60
cfn=(4958)
calls=20 -9 
* 540
* 40

fn=(5054)
1611 108
+6 45
cfn=(5056)
calls=9 -31 
* 72
* 45
cfn=(5058)
calls=9 +33 
* 153
* 36
cfn=(4956)
calls=9 249 
* 333
* 45
cfn=(4964)
calls=9 93 
* 333
* 45
cfi=(243)
cfn=(5062) std::equal_to<void*>::operator()(void* const&, void* const&) const
calls=9 369 
* 126
* 32
+1 54

fn=(5086)
1870 24
+3 6
cfn=(3194)
calls=2 -40 
* 34
* 6
cfi=(219)
cfn=(3198)
calls=2 463 
* 208
* 2
+1 6
cfi=(239)
cfn=(3204)
calls=2 159 
* 14
* 2
+3 8
cfi=(224)
cfn=(1504)
calls=2 175 
* 16
* 4
cfn=(3206)
calls=2 277 
* 40
+1 6
cfi=(222)
cfn=(2580)
calls=2 77 
* 14
* 8
cfi=(222)
cfn=(5084)
calls=2 77 
* 14
* 8
cfi=(222)
cfn=(2584)
calls=2 77 
* 14
* 10
cfn=(3208)
calls=2 237 
* 54
* 8
cfn=(3194)
calls=2 -45 
* 34
* 12
cfi=(219)
cfn=(5088)
calls=2 511 
* 542
+3 4
+7 14

fn=(5136) std::__detail::_Hashtable_base<std::__cxx11::basic_string<char, std::char_traits<char>, std::allocator<char> >, std::pair<std::__cxx11::basic_string<char, std::char_traits<char>, std::allocator<char> > const, pg::Value>, std::__detail::_Select1st, std::equal_to<std::__cxx11::basic_string<char, std::char_traits<char>, std::allocator<char> > >, std::hash<std::__cxx11::basic_string<char, std::char_traits<char>, std::allocator<char> > >, std::__detail::_Mod_range_hashing, std::__detail::_Default_ranged_hash, std::__detail::_Hashtable_traits<true, false, true> >::_S_equals(unsigned long, std::__detail::_Hash_node_code_cache<true> const&)
1595 1213925
+1 1456710

fn=(5320) std::__detail::_Node_iterator_base<std::pair<std::__cxx11::basic_string<char, std::char_traits<char>, std::allocator<char> > const, pg::Value>, true>::_M_incr()
299 15
+1 12
cfn=(5110)
calls=3 -18 
* 24
* 15

fn=(1626)
1276 2384
cfn=(1628)
calls=298 1134 
* 2086
* 596

fn=(1636)
1232 1140
+1 684
cfn=(1638)
calls=114 428 
* 1368
* 570

fn=(1648)
1833 1440
+1 864
cfn=(1650)
calls=288 1135 
* 2016
* 576

fn=(1692)
1922 40
+3 12
cfn=(1648)
calls=4 -92 
* 68
* 20
cfi=(205)
cfn=(1694)
calls=4 169 
* 76
+2 20
cfi=(219)
cfn=(1698)
calls=4 463 
* 989
* 4
+1 12
cfi=(239)
cfn=(1704)
calls=4 159 
* 28
* 4
+1 24
cob=(2)
cfi=(51)
cfn=(1706)
calls=4 0 
* 167
+1 4
+1 12
cfi=(205)
cfn=(1710)
calls=4 174 
* 72
-1 4
+1 24

fn=(1738)
282 1108
+1 1108

fn=(1746)
241 1400
+1 840
cfi=(240)
cfn=(1748) __gnu_cxx::__aligned_buffer<std::pair<pg::TokenType const, pg::ParseRule> >::_M_ptr() const
calls=280 118 
* 4760
* 560

fn=(2600)
277 32
cfn=(1600)
calls=4 -58 
* 36
* 12

fn=(2602)
237 260
+1 156
cfi=(240)
cfn=(2604) __gnu_cxx::__aligned_buffer<std::pair<std::__cxx11::basic_string<char, std::char_traits<char>, std::allocator<char> > const, pg::Logger::LogSink::Filter*> >::_M_ptr()
calls=52 114 
* 884
* 104

fn=(2656)
295 120
+1 144

fn=(2692)
1604 8
cfn=(2694) std::__detail::_Hash_code_base<std::__cxx11::basic_string<char, std::char_traits<char>, std::allocator<char> >, std::pair<std::__cxx11::basic_string<char, std::char_traits<char>, std::allocator<char> > const, pg::Value>, std::__detail::_Select1st, std::hash<std::__cxx11::basic_string<char, std::char_traits<char>, std::allocator<char> > >, std::__detail::_Mod_range_hashing, std::__detail::_Default_ranged_hash, true>::_Hash_code_base()
calls=1 1210 
* 18
* 3
cfn=(2428)
calls=1 1127 
* 7
* 3

fn=(2694)
1210 8
cfn=(2426)
calls=1 -83 
* 7
* 3

fn=(2904) std::__detail::_Node_iterator<std::pair<std::__cxx11::basic_string<char, std::char_traits<char>, std::allocator<char> > const, pg::Logger::LogSink::Filter*>, false, true>::operator++()
350 200
+2 120
cfn=(2906)
calls=40 -53 
* 880
+1 40
+1 80

fn=(3072)
1215 1456842
+4 728421
cfn=(3074)
calls=242807 +57 
* 4127719
* 1456842
cfi=(238)
cfn=(3078)
calls=242807 110 
* 1942456
+1 485614

fn=(3114)
237 105
+1 63
cfi=(240)
cfn=(3116) __gnu_cxx::__aligned_buffer<std::pair<void* const, int> >::_M_ptr()
calls=21 114 
* 357
* 42

fn=(3162)
1254 24
+1 12

fn=(3196)
1135 98

fn=(3230)
1922 10
+3 3
cfn=(3194)
calls=1 -92 
* 17
* 5
cfi=(205)
cfn=(3232)
calls=1 169 
* 19
+2 5
cfi=(219)
cfn=(1698)
calls=1 463 
* 248
* 1
+1 3
cfi=(239)
cfn=(1704)
calls=1 159 
* 7
* 1
+1 6
cob=(2)
cfi=(51)
cfn=(1706)
calls=1 0 
* 21
+1 1
+1 3
cfi=(205)
cfn=(1710)
calls=1 174 
* 18
-1 1
+1 6

fn=(3748)
767 45
+5 10
+1 25
cfi=(233)
cfn=(3722)
calls=5 1603 
* 3006
* 5
+2 15
+2 15
cfn=(3750)
calls=5 397 
* 195
* 5
+1 25

fn=(4950)
282 64
+1 64

fn=(5134)
1611 2913420
+6 1456710
cfn=(5136)
calls=242785 -22 
* 2670635
* 1213925
cfn=(5138)
calls=242785 +33 
* 4127345
* 971140
cfn=(5140) std::__detail::_Hash_node_value_base<std::pair<std::__cxx11::basic_string<char, std::char_traits<char>, std::allocator<char> > const, pg::Value> >::_M_v() const
calls=242785 249 
* 8983045
* 1213925
cfn=(5148)
calls=242785 93 
* 8983045
* 1213925
cfi=(243)
cfn=(3736)
calls=242785 369 
* 29619770
* 971140
+1 1456710

fn=(5140)
249 1213925
+1 728355
cfn=(5142)
calls=242785 -9 
* 6555195
* 485570

fn=(5318) std::__detail::_Node_iterator<std::pair<std::__cxx11::basic_string<char, std::char_traits<char>, std::allocator<char> > const, pg::Value>, false, true>::operator++()
350 15
+2 9
cfn=(5320)
calls=3 -53 
* 66
+1 3
+1 6

fn=(5402)
1910 6
+2 1
+2 2
+1 3
cfn=(4950)
calls=1 282 
* 8
* 1
+1 5
cfn=(5200)
calls=1 -24 
* 293
-4 4
+6 4

fn=(5422)
1892 21
+2 12
cfn=(3208)
calls=3 237 
* 81
* 12
cfn=(3194)
calls=3 -61 
* 51
* 9
cfi=(219)
cfn=(5424)
calls=3 531 
* 135
+1 15
cfn=(5430)
calls=3 +5 
* 612
+1 12

fn=(5446)
1124 8
cfi=(205)
cfn=(5448) std::allocator<std::__detail::_Hash_node<std::pair<std::__cxx11::basic_string<char, std::char_traits<char>, std::allocator<char> > const, pg::Value>, true> >::~allocator()
calls=1 174 
* 18
* 3

fn=(5526)
1802 8
cfn=(5528)
calls=1 1124 
* 29
* 3

fl=(268) /usr/include/c++/11/bits/shared_ptr_base.h
fn=(2366) std::__shared_count<(__gnu_cxx::_Lock_policy)2>::__shared_count<pg::TerminalSink, std::allocator<pg::TerminalSink>>(pg::TerminalSink*&, std::_Sp_alloc_shared_tag<std::allocator<pg::TerminalSink> >)
643 13
+4 5
cfi=(205)
cfn=(2368) std::allocator<std::_Sp_counted_ptr_inplace<pg::TerminalSink, std::allocator<pg::TerminalSink>, (__gnu_cxx::_Lock_policy)2> >::allocator<pg::TerminalSink>(std::allocator<pg::TerminalSink> const&)
calls=1 169 
* 19
+1 5
cfi=(269)
cfn=(2372)
calls=1 96 
* 295
+1 3
cfi=(269)
cfn=(2384)
calls=1 86 
* 18
* 1
+1 5
cfi=(205)
cfn=(2388) std::allocator<pg::TerminalSink>::allocator(std::allocator<pg::TerminalSink> const&)
calls=1 159 
* 22
* 5
cfi=(224)
cfn=(1504)
calls=1 175 
* 8
* 4
cfn=(2392) std::_Sp_counted_ptr_inplace<pg::TerminalSink, std::allocator<pg::TerminalSink>, (__gnu_cxx::_Lock_policy)2>::_Sp_counted_ptr_inplace<>(std::allocator<pg::TerminalSink>)
calls=1 514 
* 389
* 4
cfi=(205)
cfn=(2400) std::allocator<pg::TerminalSink>::~allocator()
calls=1 174 
* 18
+2 4
cfi=(269)
cfn=(2438)
calls=1 79 
* 10
+1 3
+1 3
cfn=(2404) std::_Sp_counted_ptr_inplace<pg::TerminalSink, std::allocator<pg::TerminalSink>, (__gnu_cxx::_Lock_policy)2>::_M_ptr()
calls=1 -89 
* 28
* 2
+1 3
cfi=(269)
cfn=(2440)
calls=1 71 
* 12
* 3
cfi=(205)
cfn=(2442) std::allocator<std::_Sp_counted_ptr_inplace<pg::TerminalSink, std::allocator<pg::TerminalSink>, (__gnu_cxx::_Lock_policy)2> >::~allocator()
calls=1 174 
* 18
* 10

fn=(2398) std::_Sp_ebo_helper<0, std::allocator<pg::TerminalSink>, true>::_Sp_ebo_helper(std::allocator<pg::TerminalSink> const&)
385 11
cfi=(205)
cfn=(2388)
calls=1 159 
* 22
* 3

fn=(2394) std::_Sp_counted_base<(__gnu_cxx::_Lock_policy)2>::_Sp_counted_base()
126 4
+1 10

fn=(2456) std::__shared_count<(__gnu_cxx::_Lock_policy)2>::_M_swap(std::__shared_count<(__gnu_cxx::_Lock_policy)2>&)
731 5
+2 3
+1 4
+1 3
+1 3

fn=(2510) std::__shared_ptr<pg::Logger::LogSink, (__gnu_cxx::_Lock_policy)2>::__shared_ptr(std::__shared_ptr<pg::Logger::LogSink, (__gnu_cxx::_Lock_policy)2> const&)
1152 17
cfn=(2512) std::__shared_count<(__gnu_cxx::_Lock_policy)2>::__shared_count(std::__shared_count<(__gnu_cxx::_Lock_policy)2> const&)
calls=1 708 
* 49
* 3

fn=(2512)
708 6
+1 4
+2 4
+1 4
cfn=(2514) std::_Sp_counted_base<(__gnu_cxx::_Lock_policy)2>::_M_add_ref_copy()
calls=1 147 
* 28
+1 3

fn=(5544) std::_Sp_counted_ptr_inplace<pg::TerminalSink, std::allocator<pg::TerminalSink>, (__gnu_cxx::_Lock_policy)2>::_Impl::_M_alloc()
504 16
cfn=(5546) std::_Sp_ebo_helper<0, std::allocator<pg::TerminalSink>, true>::_S_get(std::_Sp_ebo_helper<0, std::allocator<pg::TerminalSink>, true>&)
calls=2 389 
* 14
* 4

fn=(2396) std::_Sp_counted_ptr_inplace<pg::TerminalSink, std::allocator<pg::TerminalSink>, (__gnu_cxx::_Lock_policy)2>::_Impl::_Impl(std::allocator<pg::TerminalSink>)
502 11
cfn=(2398)
calls=1 385 
* 36
* 3

fn=(2548) std::__shared_ptr<pg::Logger::LogSink, (__gnu_cxx::_Lock_policy)2>::get() const
1295 56
+1 56

fn=(5594) std::_Sp_counted_ptr_inplace<pg::TerminalSink, std::allocator<pg::TerminalSink>, (__gnu_cxx::_Lock_policy)2>::_M_destroy()
533 8
+2 4
cfn=(5544)
calls=1 -31 
* 17
* 5
cfi=(205)
cfn=(2368)
calls=1 169 
* 19
+1 6
cfi=(269)
cfn=(2380)
calls=1 53 
* 25
+1 3
cfn=(5596) std::_Sp_counted_ptr_inplace<pg::TerminalSink, std::allocator<pg::TerminalSink>, (__gnu_cxx::_Lock_policy)2>::~_Sp_counted_ptr_inplace()
calls=1 -14 
* 68
+1 3
cfi=(269)
cfn=(2440)
calls=1 71 
* 154
* 3
cfi=(205)
cfn=(2442)
calls=1 174 
* 18
* 5

fn=(5596)
523 12
cfn=(5598) std::_Sp_counted_ptr_inplace<pg::TerminalSink, std::allocator<pg::TerminalSink>, (__gnu_cxx::_Lock_policy)2>::_Impl::~_Impl()
calls=1 -26 
* 40
* 3
cfn=(5602) std::_Sp_counted_base<(__gnu_cxx::_Lock_policy)2>::~_Sp_counted_base()
calls=1 130 
* 10
* 3

fn=(2404)
565 27
cfi=(240)
cfn=(2406) __gnu_cxx::__aligned_buffer<pg::TerminalSink>::_M_ptr()
calls=3 114 
* 51
* 6

fn=(2884) std::__shared_ptr_access<pg::Logger::LogSink, (__gnu_cxx::_Lock_policy)2, false, false>::operator*() const
977 50
+2 20
+1 30
cfn=(2546) std::__shared_ptr_access<pg::Logger::LogSink, (__gnu_cxx::_Lock_policy)2, false, false>::_M_get() const
calls=10 +12 
* 180
+1 20

fn=(5546)
389 14

fn=(2446) std::enable_if<!std::__shared_ptr<pg::TerminalSink, (__gnu_cxx::_Lock_policy)2>::__has_esft_base<pg::TerminalSink, void>::value, void>::type std::__shared_ptr<pg::TerminalSink, (__gnu_cxx::_Lock_policy)2>::_M_enable_shared_from_this_with<pg::TerminalSink, pg::TerminalSink>(pg::TerminalSink*)
1386 5
+1 3

fn=(2454) std::__shared_count<(__gnu_cxx::_Lock_policy)2>::__shared_count()
587 6
+1 3

fn=(2460) std::__shared_ptr<pg::TerminalSink, (__gnu_cxx::_Lock_policy)2>::~__shared_ptr()
1154 9
cfn=(2462) std::__shared_count<(__gnu_cxx::_Lock_policy)2>::~__shared_count()
calls=1 702 
* 12
* 3

fn=(5542) std::_Sp_counted_ptr_inplace<pg::TerminalSink, std::allocator<pg::TerminalSink>, (__gnu_cxx::_Lock_policy)2>::_M_dispose()
526 6
+2 3
cfn=(2404)
calls=1 +37 
* 28
* 5
cfn=(5544)
calls=1 -24 
* 17
* 3
cfi=(219)
cfn=(5548)
calls=1 +3 
* 1932
+1 4

fn=(2452) std::__shared_ptr<pg::Logger::LogSink, (__gnu_cxx::_Lock_policy)2>::__shared_ptr<pg::TerminalSink, void>(std::__shared_ptr<pg::TerminalSink, (__gnu_cxx::_Lock_policy)2>&&)
1169 6
+1 8
cfn=(2454)
calls=1 587 
* 9
+2 7
cfn=(2456)
calls=1 731 
* 18
+1 2
+1 3

fn=(2462)
702 15
+2 12
+1 8
cfn=(2672) std::_Sp_counted_base<(__gnu_cxx::_Lock_policy)2>::_M_release()
calls=2 161 
* 2450
+1 9

fn=(2546)
992 70
+1 42
cfn=(2548)
calls=14 1295 
* 112
* 28

fn=(2670) std::__shared_ptr<pg::Logger::LogSink, (__gnu_cxx::_Lock_policy)2>::~__shared_ptr()
1154 18
cfn=(2462)
calls=2 702 
* 2482
* 6

fn=(2672)
161 10
+4 8
fi=(271) /usr/include/c++/11/ext/atomicity.h
52 6
+46 12
-14 6
+1 12
+1 2
+13 2
fe=(268)
+66 8
+3 7
cfn=(5542)
calls=1 526 
* 1998
+12 4
fi=(271)
52 3
+46 6
-14 3
+1 6
+1 1
+13 1
fe=(268)
+82 2
-1 2
+4 7
cfn=(5594)
calls=1 533 
* 338
+3 6

fn=(2392)
514 10
+1 3
cfn=(2394)
calls=1 126 
* 14
* 10
cfi=(205)
cfn=(2388)
calls=1 159 
* 22
* 4
cfn=(2396)
calls=1 -13 
* 50
* 3
cfi=(205)
cfn=(2400)
calls=1 174 
* 18
+4 3
cfn=(2404)
calls=1 +46 
* 28
* 5
cfi=(219)
cfn=(2410)
calls=1 -8 
* 212
+2 7

fn=(2514)
147 4
+1 4
fi=(271)
-96 3
+56 6
-16 7
+20 1
fe=(268)
+36 3

fn=(5598)
497 8
cfn=(5600) std::_Sp_ebo_helper<0, std::allocator<pg::TerminalSink>, true>::~_Sp_ebo_helper()
calls=1 383 
* 29
* 3

fn=(5602)
130 4
+1 6

fn=(2364) std::__shared_ptr<pg::TerminalSink, (__gnu_cxx::_Lock_policy)2>::__shared_ptr<std::allocator<pg::TerminalSink>>(std::_Sp_alloc_shared_tag<std::allocator<pg::TerminalSink> >)
1341 6
+1 9
cfn=(2366)
calls=1 643 
* 910
+1 6
cfn=(2446)
calls=1 +43 
* 8
* 3

fn=(2544) std::__shared_ptr_access<pg::Logger::LogSink, (__gnu_cxx::_Lock_policy)2, false, false>::operator->() const
984 20
+3 12
cfn=(2546)
calls=4 +5 
* 72
+1 8

fn=(5600)
383 8
cfi=(205)
cfn=(2400)
calls=1 174 
* 18
* 3

fl=(283) /usr/include/c++/11/bits/fs_path.h
fn=(3358) auto std::filesystem::__cxx11::path::_S_convert<std::basic_string_view<char, std::char_traits<char> > >(std::basic_string_view<char, std::char_traits<char> > const&)
584 4
+5 3
+5 2

fn=(3352) std::basic_string_view<char, std::char_traits<char> > std::filesystem::__cxx11::__detail::__effective_range<char, std::char_traits<char>, std::allocator<char> >(std::__cxx11::basic_string<char, std::char_traits<char>, std::allocator<char> > const&)
162 5
+1 3
cob=(2)
cfi=(51)
cfn=(3354) 0x000000000010ef20
calls=1 0 
* 6
* 2

fn=(3648) std::filesystem::__cxx11::path::_List::~_List()
647 8
cfi=(263)
cfn=(3650) std::unique_ptr<std::filesystem::__cxx11::path::_List::_Impl, std::filesystem::__cxx11::path::_List::_Impl_deleter>::~unique_ptr()
calls=1 355 
* 2193
* 3

fn=(3646) std::filesystem::__cxx11::path::~path()
313 9
cfn=(3648)
calls=1 647 
* 2204
* 3
cob=(2)
cfi=(51)
cfn=(2072)
calls=1 0 
* 104
* 3

fn=(3350) std::filesystem::__cxx11::path::path<std::__cxx11::basic_string<char, std::char_traits<char>, std::allocator<char> >, std::filesystem::__cxx11::path>(std::__cxx11::basic_string<char, std::char_traits<char>, std::allocator<char> > const&, std::filesystem::__cxx11::path::format)
288 12
+1 4
cob=(2)
cfi=(51)
cfn=(1334)
calls=1 0 
* 4
* 3
cfn=(3352)
calls=1 162 
* 16
* 5
cfn=(3358)
calls=1 584 
* 9
* 7
cfi=(196)
cfn=(3360) std::__cxx11::basic_string<char, std::char_traits<char>, std::allocator<char> >::basic_string<std::basic_string_view<char, std::char_traits<char> >, void>(std::basic_string_view<char, std::char_traits<char> > const&, std::allocator<char> const&)
calls=1 664 
* 179
* 3
cob=(2)
cfi=(51)
cfn=(1382)
calls=1 0 
* 4
* 4
cob=(2)
cfi=(51)
cfn=(3374) 0x000000000010eb20
calls=1 0 
* 5
+1 3
cob=(2)
cfi=(51)
cfn=(3378) 0x000000000010edf0
calls=1 0 
* 3174
* 7

fl=(278) /home/corse/Documents/PgEngine/src/Engine/Interpreter/lexer.h
fn=(5304) pg::Lexer::~Lexer()
32 8
cfi=(279)
cfn=(4228) std::queue<pg::Token, std::deque<pg::Token, std::allocator<pg::Token> > >::~queue()
calls=1 +64 
* 5434
* 3

fn=(3254) pg::Lexer::Lexer()
35 8
cfi=(279)
cfn=(3256) std::queue<pg::Token, std::deque<pg::Token, std::allocator<pg::Token> > >::queue<std::deque<pg::Token, std::allocator<pg::Token> >, void>()
calls=1 166 
* 859
* 3

fn=(4000) pg::Lexer::getTokens() const
40 7

fl=(223)
fn=(5228)
182 12
+14 10
cfn=(5230) void std::_Destroy_aux<true>::__destroy<pg::ObjUpvalue**>(pg::ObjUpvalue**, pg::ObjUpvalue**)
calls=2 -24 
* 16
+1 6

fn=(5362)
182 6
+14 5
cfn=(5364) void std::_Destroy_aux<false>::__destroy<pg::RewriteRule*>(pg::RewriteRule*, pg::RewriteRule*)
calls=1 -36 
* 14
+1 3

fn=(5384) void std::_Destroy_aux<false>::__destroy<std::unique_ptr<pg::BytecodePass, std::default_delete<pg::BytecodePass> >*>(std::unique_ptr<pg::BytecodePass, std::default_delete<pg::BytecodePass> >*, std::unique_ptr<pg::BytecodePass, std::default_delete<pg::BytecodePass> >*)
160 6
+2 4
+2 4

fn=(4242) void std::_Destroy_aux<false>::__destroy<pg::Token*>(pg::Token*, pg::Token*)
160 186
+2 31
+1 651
cfi=(222)
cfn=(4044) pg::Token* std::__addressof<pg::Token>(pg::Token&)
calls=217 49 
* 1519
* 434
cfn=(4244) void std::_Destroy<pg::Token>(pg::Token*)
calls=217 -17 
* 6727
-1 961
+2 124

fn=(4930)
182 12
+14 10
cfn=(4932) void std::_Destroy_aux<true>::__destroy<pg::ObjFunction**>(pg::ObjFunction**, pg::ObjFunction**)
calls=2 -24 
* 16
+1 6

fn=(4908) void std::_Destroy<pg::Local>(pg::Local*)
146 5
+5 3
cfi=(303) /home/corse/Documents/PgEngine/exemples/PgCompiler/compiler.h
cfn=(4392) pg::Local::~Local()
calls=1 20 
* 31
+2 3

fn=(5382)
182 6
+14 5
cfn=(5384)
calls=1 -36 
* 14
+1 3

fn=(4380)
182 18
+14 15
cfn=(4382) void std::_Destroy_aux<false>::__destroy<pg::Local*>(pg::Local*, pg::Local*)
calls=3 -36 
* 100
+1 9

fn=(5274)
182 12
+14 10
cfn=(5276) void std::_Destroy_aux<true>::__destroy<pg::Value*>(pg::Value*, pg::Value*)
calls=2 -24 
* 16
+1 6

fn=(5486)
182 96
+14 80
cfn=(5488) void std::_Destroy_aux<false>::__destroy<pg::UnserializedObject*>(pg::UnserializedObject*, pg::UnserializedObject*)
calls=16 -36 
* 224
+1 48

fn=(5540) void std::_Destroy<std::shared_ptr<pg::Logger::LogSink> >(std::shared_ptr<pg::Logger::LogSink>*)
146 5
+5 3
cfi=(267) /usr/include/c++/11/bits/shared_ptr.h
cfn=(2668) std::shared_ptr<pg::Logger::LogSink>::~shared_ptr()
calls=1 -29 
* 2453
+2 3

fn=(1502) void std::_Construct<tf::ObjectPool<tf::Node, 65536ul>::LocalHeap>(tf::ObjectPool<tf::Node, 65536ul>::LocalHeap*)
109 160
+10 128
cfi=(224)
cfn=(1504)
calls=32 +56 
* 256
* 832
cfi=(216)
cfn=(1506) tf::ObjectPool<tf::Node, 65536ul>::LocalHeap::LocalHeap()
calls=32 -24 
* 1248
+1 96

fn=(5292) void std::_Destroy_aux<true>::__destroy<unsigned char*>(unsigned char*, unsigned char*)
172 16

fn=(5344) void std::_Destroy_aux<false>::__destroy<pg::AdvancedRewriteRule*>(pg::AdvancedRewriteRule*, pg::AdvancedRewriteRule*)
160 6
+2 4
+2 4

fn=(5260) void std::_Destroy_aux<true>::__destroy<int*>(int*, int*)
172 16

fn=(5536) void std::_Destroy_aux<false>::__destroy<std::shared_ptr<pg::Logger::LogSink>*>(std::shared_ptr<pg::Logger::LogSink>*, std::shared_ptr<pg::Logger::LogSink>*)
160 6
+2 1
+1 3
cfi=(222)
cfn=(5538) std::shared_ptr<pg::Logger::LogSink>* std::__addressof<std::shared_ptr<pg::Logger::LogSink> >(std::shared_ptr<pg::Logger::LogSink>&)
calls=1 49 
* 7
* 2
cfn=(5540)
calls=1 -17 
* 2464
-1 7
+2 4

fn=(5664)
182 6
+14 5
cfn=(5666) void std::_Destroy_aux<true>::__destroy<tf::ObjectPool<tf::Node, 65536ul>::LocalHeap*>(tf::ObjectPool<tf::Node, 65536ul>::LocalHeap*, tf::ObjectPool<tf::Node, 65536ul>::LocalHeap*)
calls=1 -24 
* 8
+1 3

fn=(5666)
172 8

fn=(4046) void std::_Construct<pg::Token, pg::Token const&>(pg::Token*, pg::Token const&)
109 1944
+10 648
cfi=(222)
cfn=(4048) pg::Token const& std::forward<pg::Token const&>(std::remove_reference<pg::Token const&>::type&)
calls=216 -42 
* 1512
* 1080
cfi=(224)
cfn=(1504)
calls=216 +56 
* 1728
* 864
cfi=(297) /home/corse/Documents/PgEngine/src/Engine/Interpreter/token.h
cfn=(4050) pg::Token::Token(pg::Token const&)
calls=216 -19 
* 33964
+1 1512

fn=(4240)
182 186
+14 155
cfn=(4242)
calls=31 -36 
* 10633
+1 93

fn=(4244)
146 1085
+5 651
cfi=(297)
cfn=(4246) pg::Token::~Token()
calls=217 -54 
* 4340
+2 651

fn=(5258)
182 12
+14 10
cfn=(5260)
calls=2 -24 
* 16
+1 6

fn=(5276)
172 16

fn=(5290)
182 12
+14 10
cfn=(5292)
calls=2 -24 
* 16
+1 6

fn=(5342)
182 6
+14 5
cfn=(5344)
calls=1 -36 
* 14
+1 3

fn=(5488)
160 96
+2 64
+2 64

fn=(4382)
160 18
+2 3
+1 3
cfi=(222)
cfn=(4906) pg::Local* std::__addressof<pg::Local>(pg::Local&)
calls=1 49 
* 7
* 2
cfn=(4908)
calls=1 -17 
* 42
-1 13
+2 12

fn=(5230)
172 16

fn=(4932)
172 16

fn=(5364)
160 6
+2 4
+2 4

fn=(5534)
182 6
+14 5
cfn=(5536)
calls=1 -36 
* 2494
+1 3

fl=(310) /usr/include/c++/11/iomanip
fn=(4728) std::setw(int)
226 448

fl=(244)
fn=(4062) pg::PassManager::listPasses() const
100 9
+1 3
cfi=(204)
cfn=(4064) std::vector<std::unique_ptr<pg::BytecodePass, std::default_delete<pg::BytecodePass> >, std::allocator<std::unique_ptr<pg::BytecodePass, std::default_delete<pg::BytecodePass> > > >::empty() const
calls=1 1007 
* 123
* 2
+1 4
cfi=(261) /home/corse/Documents/PgEngine/src/Engine/logger.h
cfn=(2822) pg::Strfy::Strfy()
calls=1 -26 
* 231
* 5
cfi=(261)
cfn=(2824) pg::Strfy::operator<<(char const*)
calls=1 +3 
* 241
* 4
cob=(2)
cfi=(51)
cfn=(1334)
calls=1 0 
* 4
* 6
cfi=(196)
cfn=(1338)
calls=1 533 
* 209
* 3
cob=(2)
cfi=(51)
cfn=(1334)
calls=1 0 
* 4
* 6
cfi=(196)
cfn=(1338)
calls=1 533 
* 194
* 3
cob=(2)
cfi=(51)
cfn=(1334)
calls=1 0 
* 4
* 6
cfi=(196)
cfn=(1338)
calls=1 533 
* 209
* 3
cob=(2)
cfi=(51)
cfn=(1334)
calls=1 0 
* 4
* 6
cfi=(196)
cfn=(1338)
calls=1 533 
* 329
* 13
cfi=(261)
cfn=(2850) pg::Logger::_single_log(int, std::__cxx11::basic_string<char, std::char_traits<char>, std::allocator<char> > const&, std::__cxx11::basic_string<char, std::char_traits<char>, std::allocator<char> > const&, void const*, std::__cxx11::basic_string<char, std::char_traits<char>, std::allocator<char> > const&, std::__cxx11::basic_string<char, std::char_traits<char>, std::allocator<char> > const&, pg::Strfy const&, pg::Logger::InfoLevel const&)
calls=1 425 
* 7643
* 4
cob=(2)
cfi=(51)
cfn=(2072)
calls=1 0 
* 104
* 3
cob=(2)
cfi=(51)
cfn=(1382)
calls=1 0 
* 4
* 3
cob=(2)
cfi=(51)
cfn=(2072)
calls=1 0 
* 8
* 3
cob=(2)
cfi=(51)
cfn=(1382)
calls=1 0 
* 4
* 3
cob=(2)
cfi=(51)
cfn=(2072)
calls=1 0 
* 8
* 3
cob=(2)
cfi=(51)
cfn=(1382)
calls=1 0 
* 4
* 3
cob=(2)
cfi=(51)
cfn=(2072)
calls=1 0 
* 8
* 3
cob=(2)
cfi=(51)
cfn=(1382)
calls=1 0 
* 4
* 3
cfi=(261)
cfn=(3062) pg::Strfy::~Strfy()
calls=1 -30 
* 115
+1 1
+17 6

fn=(1800) __static_initialization_and_destruction_0(int, int)
129 14
fi=(195)
-88 3
cob=(2)
cfi=(51)
cfn=(1334)
calls=1 -41 
* 4
* 7
cfi=(196)
cfn=(1338)
calls=1 533 
* 211
* 3
cob=(2)
cfi=(51)
cfn=(1382)
calls=1 -41 
* 4
* 7
cob=(2)
cfi=(51)
cfn=(1330)
calls=1 -41 
* 1138
365 3
cfn=(1386)
calls=1 -47 
* 118
* 7
cob=(2)
cfi=(51)
cfn=(1330)
calls=1 0 
* 77
fi=(181)
74 3
cob=(2)
cfi=(51)
cfn=(830)
calls=1 -74 
* 27
* 7
cob=(2)
cfi=(51)
cfn=(1330)
calls=1 -74 
* 77
fe=(244)
+55 7

fn=(2724) pg::PassManager::PassManager()
9 12
cfi=(204)
cfn=(2726) std::vector<std::unique_ptr<pg::BytecodePass, std::default_delete<pg::BytecodePass> >, std::allocator<std::unique_ptr<pg::BytecodePass, std::default_delete<pg::BytecodePass> > > >::vector()
calls=1 487 
* 67
* 4
cfi=(263)
cfn=(2738) std::unique_ptr<pg::BytecodeRewriter, std::default_delete<pg::BytecodeRewriter> >::unique_ptr<std::default_delete<pg::BytecodeRewriter>, void>()
calls=1 269 
* 87
* 2
+1 3
cfi=(263)
cfn=(2754) std::_MakeUniq<pg::BytecodeRewriter>::__single_object std::make_unique<pg::BytecodeRewriter>()
calls=1 961 
* 523
* 6
cfi=(263)
cfn=(2798) std::unique_ptr<pg::BytecodeRewriter, std::default_delete<pg::BytecodeRewriter> >::operator=(std::unique_ptr<pg::BytecodeRewriter, std::default_delete<pg::BytecodeRewriter> >&&)
calls=1 371 
* 382
* 3
cfi=(263)
cfn=(2820)
calls=1 355 
* 67
+1 4
cfi=(261)
cfn=(2822)
calls=1 +65 
* 231
* 5
cfi=(261)
cfn=(2824)
calls=1 +94 
* 4594
* 4
cob=(2)
cfi=(51)
cfn=(1334)
calls=1 -11 
* 4
* 6
cfi=(196)
cfn=(1338)
calls=1 533 
* 209
* 3
cob=(2)
cfi=(51)
cfn=(1334)
calls=1 -11 
* 4
* 6
cfi=(196)
cfn=(1338)
calls=1 533 
* 194
* 3
cob=(2)
cfi=(51)
cfn=(1334)
calls=1 -11 
* 4
* 6
cfi=(196)
cfn=(1338)
calls=1 533 
* 209
* 3
cob=(2)
cfi=(51)
cfn=(1334)
calls=1 -11 
* 4
* 6
cfi=(196)
cfn=(1338)
calls=1 533 
* 473
* 13
cfi=(261)
cfn=(2850)
calls=1 425 
* 20979
* 4
cob=(2)
cfi=(51)
cfn=(2072)
calls=1 -11 
* 104
* 3
cob=(2)
cfi=(51)
cfn=(1382)
calls=1 -11 
* 4
* 3
cob=(2)
cfi=(51)
cfn=(2072)
calls=1 -11 
* 8
* 3
cob=(2)
cfi=(51)
cfn=(1382)
calls=1 -11 
* 4
* 3
cob=(2)
cfi=(51)
cfn=(2072)
calls=1 -11 
* 8
* 3
cob=(2)
cfi=(51)
cfn=(1382)
calls=1 -11 
* 4
* 3
cob=(2)
cfi=(51)
cfn=(2072)
calls=1 -11 
* 8
* 3
cob=(2)
cfi=(51)
cfn=(1382)
calls=1 -11 
* 4
* 3
cfi=(261)
cfn=(3062)
calls=1 +61 
* 115
+1 7

fn=(1798)
129 6
cfn=(1800)
calls=1 * 
* 1717
* 2

fl=(311) /usr/include/c++/11/chrono
fn=(5014) std::chrono::time_point<std::chrono::_V2::steady_clock, std::chrono::duration<long, std::ratio<1l, 1000000000l> > >::time_since_epoch() const
898 16
+1 16

fn=(5022) std::enable_if<std::chrono::__is_duration<std::chrono::duration<long, std::ratio<1l, 1000000000l> > >::value, std::chrono::duration<long, std::ratio<1l, 1000000000l> > >::type std::chrono::duration_cast<std::chrono::duration<long, std::ratio<1l, 1000000000l> >, long, std::ratio<1l, 1000000000l> >(std::chrono::duration<long, std::ratio<1l, 1000000000l> > const&)
267 10
+9 6
cfn=(5024) std::chrono::duration<long, std::ratio<1l, 1000000000l> > std::chrono::__duration_cast_impl<std::chrono::duration<long, std::ratio<1l, 1000000000l> >, std::ratio<1l, 1l>, long, true, true>::__cast<long, std::ratio<1l, 1000000000l> >(std::chrono::duration<long, std::ratio<1l, 1000000000l> > const&)
calls=2 -65 
* 86
+1 4

fn=(5012) std::common_type<std::chrono::duration<long, std::ratio<1l, 1000000000l> >, std::chrono::duration<long, std::ratio<1l, 1000000000l> > >::type std::chrono::operator-<std::chrono::_V2::steady_clock, std::chrono::duration<long, std::ratio<1l, 1000000000l> >, std::chrono::duration<long, std::ratio<1l, 1000000000l> > >(std::chrono::time_point<std::chrono::_V2::steady_clock, std::chrono::duration<long, std::ratio<1l, 1000000000l> > > const&, std::chrono::time_point<std::chrono::_V2::steady_clock, std::chrono::duration<long, std::ratio<1l, 1000000000l> > > const&)
1042 18
+2 6
cfn=(5014)
calls=2 898 
* 16
* 8
cfn=(5014)
calls=2 898 
* 16
* 12
cfn=(5016) std::common_type<std::chrono::duration<long, std::ratio<1l, 1000000000l> >, std::chrono::duration<long, std::ratio<1l, 1000000000l> > >::type std::chrono::operator-<long, std::ratio<1l, 1000000000l>, long, std::ratio<1l, 1000000000l> >(std::chrono::duration<long, std::ratio<1l, 1000000000l> > const&, std::chrono::duration<long, std::ratio<1l, 1000000000l> > const&)
calls=2 660 
* 134
* 10

fn=(5020) std::chrono::duration<long, std::ratio<1l, 1000000000l> >::duration<long, void>(long const&)
521 20
+1 28

fn=(5018) std::chrono::duration<long, std::ratio<1l, 1000000000l> >::count() const
537 32
+1 32

fn=(5024)
211 16
+3 6
cfn=(5018)
calls=2 537 
* 16
* 12
cfn=(5020)
calls=2 521 
* 24
* 2
+1 10

fn=(5016)
660 20
+6 12
cfn=(5018)
calls=2 537 
* 16
* 14
cfn=(5018)
calls=2 537 
* 16
* 18
cfn=(5020)
calls=2 521 
* 24
* 2
+1 12

fl=(229)
fn=(4118) pg::Compiler::initCompiler(pg::FunctionType, std::__cxx11::basic_string<char, std::char_traits<char>, std::allocator<char> > const&)
181 16
+1 6
+1 6
+3 8
+5 4
cob=(2)
cfi=(51)
cfn=(1486) 0x000000000010eea0
calls=2 0 
* 596
* 48
cfi=(306) /home/corse/Documents/PgEngine/exemples/PgCompiler/chunk.h
cfn=(4120) pg::ObjFunction::ObjFunction()
calls=2 +39 
* 490
* 4
+3 8
cfi=(204)
cfn=(4160) std::vector<pg::Local, std::allocator<pg::Local> >::clear()
calls=2 1498 
* 60
+1 4
+1 4
+3 4
+2 14
cob=(2)
cfi=(51)
cfn=(4164) 0x000000000010ea40
calls=2 0 
* 1270
+1 8

fn=(4306) pg::Compiler::markInitialized()
160 12
+1 8
+3 11
cfi=(204)
cfn=(4394) std::vector<pg::Local, std::allocator<pg::Local> >::operator[](unsigned long)
calls=1 1043 
* 12
* 2
-2 1
+3 6

fn=(4714) pg::Compiler::endCompiler()
205 20
+2 6
cfi=(304) /home/corse/Documents/PgEngine/exemples/PgCompiler/parser.h
cfn=(4716) pg::Parser::emitReturn()
calls=2 -49 
* 4710
+3 10
+2 24
cob=(2)
cfi=(51)
cfn=(1996)
calls=2 0 
* 277
* 8
cfi=(303)
cfn=(4422) pg::Compiler::getCurrentChunk()
calls=2 59 
* 16
* 10
cfi=(227)
cfn=(4724) pg::disassembleChunk(pg::Chunk const&, std::__cxx11::basic_string<char, std::char_traits<char>, std::allocator<char> > const&)
calls=2 -79 
* 112977
* 6
cob=(2)
cfi=(51)
cfn=(2072)
calls=2 0 
* 16
* 4
+4 6
+1 4
+3 6
+2 2
+1 16

fn=(1536)
224 6
cfn=(1538) __static_initialization_and_destruction_0(int, int)
calls=1 * 
* 656
* 2

fn=(4310) pg::Compiler::beginScope()
64 4
+1 5
+1 3

fn=(4694) pg::Compiler::resolveUpvalue(pg::Token const&)
138 18
+1 12
+1 2
+2 12
cfn=(4418) pg::Compiler::resolveLocal(pg::Token const&)
calls=2 -46 
* 48
* 2
+1 4
+7 12
cfn=(4695) pg::Compiler::resolveUpvalue(pg::Token const&)'2
calls=2 -12 
* 28
* 2
+1 4
+5 2
+1 6

fn=(4695)
138 12
+1 8
+1 4
+17 4

fn=(4316) pg::Compiler::addLocal(pg::Token const&)
90 10
+1 7
cfi=(297)
cfn=(4050)
calls=1 +9 
* 153
* 6
cfi=(204)
cfn=(4318) std::vector<pg::Local, std::allocator<pg::Local> >::push_back(pg::Local&&)
calls=1 1203 
* 1326
* 3
cfi=(303)
cfn=(4392)
calls=1 -71 
* 31
+1 5
+1 7

fn=(1538)
224 14
fi=(195)
41 3
cob=(2)
cfi=(51)
cfn=(1334)
calls=1 -41 
* 4
* 7
cfi=(196)
cfn=(1338)
calls=1 533 
* 211
* 3
cob=(2)
cfi=(51)
cfn=(1382)
calls=1 -41 
* 4
* 7
cob=(2)
cfi=(51)
cfn=(1330)
calls=1 -41 
* 77
365 3
cfn=(1386)
calls=1 -47 
* 118
* 7
cob=(2)
cfi=(51)
cfn=(1330)
calls=1 0 
* 77
fi=(181)
74 3
cob=(2)
cfi=(51)
cfn=(830)
calls=1 -74 
* 27
* 7
cob=(2)
cfi=(51)
cfn=(1330)
calls=1 -74 
* 77
fe=(229)
224 7

fn=(4116) pg::Compiler::compile(std::queue<pg::Token, std::deque<pg::Token, std::allocator<pg::Token> > >)
12 10
+2 3
cob=(2)
cfi=(51)
cfn=(1334)
calls=1 -14 
* 4
* 6
cfi=(196)
cfn=(1338)
calls=1 533 
* 209
* 5
cfn=(4118)
calls=1 181 
* 1854
* 3
cob=(2)
cfi=(51)
cfn=(2072)
calls=1 -14 
* 8
* 3
cob=(2)
cfi=(51)
cfn=(1382)
calls=1 -14 
* 4
+6 6
cfi=(279)
cfn=(4002) std::queue<pg::Token, std::deque<pg::Token, std::allocator<pg::Token> > >::queue(std::queue<pg::Token, std::deque<pg::Token, std::allocator<pg::Token> > > const&)
calls=1 +76 
* 20879
* 4
cfi=(304)
cfn=(4174) pg::Parser::parse(std::queue<pg::Token, std::deque<pg::Token, std::allocator<pg::Token> > >)
calls=1 +29 
* 22661
* 3
cfi=(279)
cfn=(4228)
calls=1 +76 
* 4881
+1 5
cfi=(304)
cfn=(4260) pg::Parser::setCompiler(pg::Compiler*)
calls=1 189 
* 11
+2 1
+1 6
cfi=(231)
cfn=(4272) pg::Parser::declaration()
calls=2 509 
* 243814
-1 9
cfi=(304)
cfn=(4262) pg::Parser::isAtEnd() const
calls=3 +42 
* 306
* 15
cfi=(304)
cfn=(4270) pg::Parser::hasError() const
calls=2 175 
* 16
* 17
+3 3
cfi=(304)
cfn=(4270)
calls=1 175 
* 8
* 2
+3 3
cfn=(4714)
calls=1 205 
* 39990
* 1
+2 5
cfi=(204)
cfn=(4842) std::vector<pg::ObjFunction*, std::allocator<pg::ObjFunction*> >::push_back(pg::ObjFunction* const&)
calls=1 1187 
* 1124
+2 1
+1 6

fn=(4418)
96 90
+1 45
+2 54
cfi=(204)
cfn=(4394)
calls=6 1043 
* 72
* 24
cfi=(196)
cfn=(3738) __gnu_cxx::__enable_if<std::__is_char<char>::__value, bool>::__type std::operator==<char>(std::__cxx11::basic_string<char, std::char_traits<char>, std::allocator<char> > const&, std::__cxx11::basic_string<char, std::char_traits<char>, std::allocator<char> > const&)
calls=6 6234 
* 462
* 12
+2 28
cfi=(204)
cfn=(4394)
calls=4 1043 
* 48
* 20
+5 8
-9 24
+13 5
+1 54

fl=(279)
fn=(3752)
276 247
+1 76
cfi=(222)
cfn=(3754)
calls=19 77 
* 133
* 76
cfi=(222)
cfn=(3754)
calls=19 77 
* 133
* 76
cfi=(222)
cfn=(3756)
calls=19 77 
* 133
* 76
cfi=(222)
cfn=(1848)
calls=19 77 
* 133
* 114
cfi=(296)
cfn=(3758)
calls=19 164 
* 11721
* 133

fn=(4176) std::queue<pg::Token, std::deque<pg::Token, std::allocator<pg::Token> > >::operator=(std::queue<pg::Token, std::deque<pg::Token, std::allocator<pg::Token> > > const&)
96 11
cfi=(296)
cfn=(4178)
calls=1 -1 
* 22632
* 3

fn=(3928)
276 182
+1 56
cfi=(222)
cfn=(3754)
calls=14 77 
* 98
* 56
cfi=(222)
cfn=(3754)
calls=14 77 
* 98
* 56
cfi=(222)
cfn=(3930)
calls=14 77 
* 98
* 56
cfi=(222)
cfn=(1848)
calls=14 77 
* 98
* 84
cfi=(296)
cfn=(3932)
calls=14 164 
* 10780
* 98

fn=(4294) std::queue<pg::Token, std::deque<pg::Token, std::allocator<pg::Token> > >::pop()
298 265
+3 159
cfi=(280)
cfn=(4296) std::deque<pg::Token, std::allocator<pg::Token> >::pop_front()
calls=53 1532 
* 5884
+1 159

fn=(3916)
276 260
+1 80
cfi=(222)
cfn=(3754)
calls=20 77 
* 140
* 80
cfi=(222)
cfn=(3754)
calls=20 77 
* 140
* 80
cfi=(222)
cfn=(3918)
calls=20 77 
* 140
* 80
cfi=(222)
cfn=(3920)
calls=20 77 
* 140
* 120
cfi=(296)
cfn=(3922)
calls=20 164 
* 11172
* 140

fn=(4286) std::queue<pg::Token, std::deque<pg::Token, std::allocator<pg::Token> > >::empty() const
203 620
+1 372
cfi=(280)
cfn=(4288) std::deque<pg::Token, std::allocator<pg::Token> >::empty() const
calls=124 1311 
* 3348
* 248

fn=(3988)
276 13
+1 4
cfi=(222)
cfn=(3754)
calls=1 77 
* 7
* 4
cfi=(222)
cfn=(3754)
calls=1 77 
* 7
* 4
cfi=(222)
cfn=(3990)
calls=1 77 
* 7
* 4
cfi=(222)
cfn=(1848)
calls=1 77 
* 7
* 6
cfi=(296)
cfn=(3992)
calls=1 164 
* 1437
* 7

fn=(4228)
96 48
cfi=(280)
cfn=(4230) std::deque<pg::Token, std::allocator<pg::Token> >::~deque()
calls=6 1006 
* 23195
* 18

fn=(4266) std::queue<pg::Token, std::deque<pg::Token, std::allocator<pg::Token> > >::front() const
227 1365
+3 819
cfi=(280)
cfn=(4268) std::deque<pg::Token, std::allocator<pg::Token> >::front() const
calls=273 1416 
* 18564
+1 546

fn=(3256)
166 15
+1 42
cfi=(280)
cfn=(3258) std::deque<pg::Token, std::allocator<pg::Token> >::deque()
calls=3 834 
* 2391
* 9

fn=(4002)
96 33
cfi=(280)
cfn=(4004) std::deque<pg::Token, std::allocator<pg::Token> >::deque(std::deque<pg::Token, std::allocator<pg::Token> > const&)
calls=3 896 
* 62723
* 9

fl=(221)
fn=(4368) pg::Local* std::__uninitialized_move_if_noexcept_a<pg::Local*, pg::Local*, std::allocator<pg::Local> >(pg::Local*, pg::Local*, pg::Local*, std::allocator<pg::Local>&)
349 18
+6 6
cfi=(225)
cfn=(4370) pg::Local const* std::__make_move_if_noexcept_iterator<pg::Local, pg::Local const*>(pg::Local*)
calls=2 1723 
* 14
* 8
cfi=(225)
cfn=(4370)
calls=2 1723 
* 14
* 14
cfn=(4372) pg::Local* std::__uninitialized_copy_a<pg::Local const*, pg::Local*, pg::Local>(pg::Local const*, pg::Local const*, pg::Local*, std::allocator<pg::Local>&)
calls=2 -24 
* 102
+2 6

fn=(4376) pg::Local* std::__uninitialized_copy<false>::__uninit_copy<pg::Local const*, pg::Local*>(pg::Local const*, pg::Local const*, pg::Local*)
85 16
+3 4
+3 8
+2 4
+7 6

fn=(4478) unsigned char* std::__relocate_a<unsigned char*, unsigned char*, std::allocator<unsigned char> >(unsigned char*, unsigned char*, unsigned char*, std::allocator<unsigned char>&)
1040 260
+6 78
cfi=(220)
cfn=(4480) unsigned char* std::__niter_base<unsigned char*>(unsigned char*)
calls=26 313 
* 182
* 104
cfi=(220)
cfn=(4480)
calls=26 313 
* 182
* 104
cfi=(220)
cfn=(4480)
calls=26 313 
* 182
* 156
cfn=(4482) std::enable_if<std::__is_bitwise_relocatable<unsigned char, void>::value, unsigned char*>::type std::__relocate_a_1<unsigned char, unsigned char>(unsigned char*, unsigned char*, unsigned char*, std::allocator<unsigned char>&)
calls=26 -40 
* 714
+3 130

fn=(2524) std::shared_ptr<pg::Logger::LogSink>* std::__relocate_a<std::shared_ptr<pg::Logger::LogSink>*, std::shared_ptr<pg::Logger::LogSink>*, std::allocator<std::shared_ptr<pg::Logger::LogSink> > >(std::shared_ptr<pg::Logger::LogSink>*, std::shared_ptr<pg::Logger::LogSink>*, std::shared_ptr<pg::Logger::LogSink>*, std::allocator<std::shared_ptr<pg::Logger::LogSink> >&)
1040 20
+6 6
cfi=(220)
cfn=(2526) std::shared_ptr<pg::Logger::LogSink>* std::__niter_base<std::shared_ptr<pg::Logger::LogSink>*>(std::shared_ptr<pg::Logger::LogSink>*)
calls=2 313 
* 14
* 8
cfi=(220)
cfn=(2526)
calls=2 313 
* 14
* 8
cfi=(220)
cfn=(2526)
calls=2 313 
* 14
* 12
cfn=(2528) std::shared_ptr<pg::Logger::LogSink>* std::__relocate_a_1<std::shared_ptr<pg::Logger::LogSink>*, std::shared_ptr<pg::Logger::LogSink>*, std::allocator<std::shared_ptr<pg::Logger::LogSink> > >(std::shared_ptr<pg::Logger::LogSink>*, std::shared_ptr<pg::Logger::LogSink>*, std::shared_ptr<pg::Logger::LogSink>*, std::allocator<std::shared_ptr<pg::Logger::LogSink> >&)
calls=2 -28 
* 38
+3 10

fn=(4034) std::_Deque_iterator<pg::Token, pg::Token&, pg::Token*> std::uninitialized_copy<std::_Deque_iterator<pg::Token, pg::Token const&, pg::Token const*>, std::_Deque_iterator<pg::Token, pg::Token&, pg::Token*> >(std::_Deque_iterator<pg::Token, pg::Token const&, pg::Token const*>, std::_Deque_iterator<pg::Token, pg::Token const&, pg::Token const*>, std::_Deque_iterator<pg::Token, pg::Token&, pg::Token*>)
126 44
+19 4
+6 20
cfi=(280)
cfn=(3770)
calls=4 +17 
* 96
* 20
cfi=(280)
cfn=(4032)
calls=4 +17 
* 96
* 20
cfi=(280)
cfn=(4032)
calls=4 +17 
* 96
* 24
cfn=(4036) std::_Deque_iterator<pg::Token, pg::Token&, pg::Token*> std::__uninitialized_copy<false>::__uninit_copy<std::_Deque_iterator<pg::Token, pg::Token const&, pg::Token const*>, std::_Deque_iterator<pg::Token, pg::Token&, pg::Token*> >(std::_Deque_iterator<pg::Token, pg::Token const&, pg::Token const*>, std::_Deque_iterator<pg::Token, pg::Token const&, pg::Token const*>, std::_Deque_iterator<pg::Token, pg::Token&, pg::Token*>)
calls=4 -66 
* 70828
+1 24

fn=(4372)
331 16
+2 12
cfn=(4374) pg::Local* std::uninitialized_copy<pg::Local const*, pg::Local*>(pg::Local const*, pg::Local const*, pg::Local*)
calls=2 126 
* 70
* 4

fn=(4374)
126 14
+19 2
+6 12
cfn=(4376)
calls=2 -66 
* 38
+1 4

fn=(4540) int* std::__relocate_a<int*, int*, std::allocator<int> >(int*, int*, int*, std::allocator<int>&)
1040 260
+6 78
cfi=(220)
cfn=(4542) int* std::__niter_base<int*>(int*)
calls=26 313 
* 182
* 104
cfi=(220)
cfn=(4542)
calls=26 313 
* 182
* 104
cfi=(220)
cfn=(4542)
calls=26 313 
* 182
* 156
cfn=(4544) std::enable_if<std::__is_bitwise_relocatable<int, void>::value, int*>::type std::__relocate_a_1<int, int>(int*, int*, int*, std::allocator<int>&)
calls=26 -40 
* 767
+3 130

fn=(2528)
1018 18
+12 4
+1 8
+3 2
+1 6

fn=(4890) pg::ObjFunction** std::__relocate_a<pg::ObjFunction**, pg::ObjFunction**, std::allocator<pg::ObjFunction*> >(pg::ObjFunction**, pg::ObjFunction**, pg::ObjFunction**, std::allocator<pg::ObjFunction*>&)
1040 40
+6 12
cfi=(220)
cfn=(4892) pg::ObjFunction** std::__niter_base<pg::ObjFunction**>(pg::ObjFunction**)
calls=4 313 
* 28
* 16
cfi=(220)
cfn=(4892)
calls=4 313 
* 28
* 16
cfi=(220)
cfn=(4892)
calls=4 313 
* 28
* 24
cfn=(4894) std::enable_if<std::__is_bitwise_relocatable<pg::ObjFunction*, void>::value, pg::ObjFunction**>::type std::__relocate_a_1<pg::ObjFunction*, pg::ObjFunction*>(pg::ObjFunction**, pg::ObjFunction**, pg::ObjFunction**, std::allocator<pg::ObjFunction*>&)
calls=4 -40 
* 102
+3 20

fn=(4030)
331 48
+2 20
cfi=(280)
cfn=(3770)
calls=4 168 
* 96
* 20
cfi=(280)
cfn=(4032)
calls=4 168 
* 96
* 20
cfi=(280)
cfn=(4032)
calls=4 168 
* 96
* 24
cfn=(4034)
calls=4 126 
* 71272
* 24

fn=(4482)
1006 208
+3 78
+1 52
+1 66
cob=(2)
cfi=(51)
cfn=(3976) 0x000000000010f1d0
calls=11 0 
* 180
+1 78
+1 52

fn=(4666) pg::Value* std::__relocate_a<pg::Value*, pg::Value*, std::allocator<pg::Value> >(pg::Value*, pg::Value*, pg::Value*, std::allocator<pg::Value>&)
1040 160
+6 48
cfi=(220)
cfn=(4668) pg::Value* std::__niter_base<pg::Value*>(pg::Value*)
calls=16 313 
* 112
* 64
cfi=(220)
cfn=(4668)
calls=16 313 
* 112
* 64
cfi=(220)
cfn=(4668)
calls=16 313 
* 112
* 96
cfn=(4670) std::enable_if<std::__is_bitwise_relocatable<pg::Value, void>::value, pg::Value*>::type std::__relocate_a_1<pg::Value, pg::Value>(pg::Value*, pg::Value*, pg::Value*, std::allocator<pg::Value>&)
calls=16 -40 
* 466
+3 80

fn=(4894)
1006 32
+3 16
+1 8
+1 7
cob=(2)
cfi=(51)
cfn=(3976)
calls=1 0 
* 15
+1 16
+1 8

fn=(1498) tf::ObjectPool<tf::Node, 65536ul>::LocalHeap* std::__uninitialized_default_n_1<false>::__uninit_default_n<tf::ObjectPool<tf::Node, 65536ul>::LocalHeap*, unsigned long>(tf::ObjectPool<tf::Node, 65536ul>::LocalHeap*, unsigned long)
573 6
+2 2
+3 1
+1 96
cfi=(222)
cfn=(1500) tf::ObjectPool<tf::Node, 65536ul>::LocalHeap* std::__addressof<tf::ObjectPool<tf::Node, 65536ul>::LocalHeap>(tf::ObjectPool<tf::Node, 65536ul>::LocalHeap&)
calls=32 49 
* 224
* 64
cfi=(223)
cfn=(1502)
calls=32 109 
* 2720
-1 130
+2 1
+7 2

fn=(4036)
85 48
+3 20
cfi=(280)
cfn=(3770)
calls=4 +80 
* 96
+3 4
+1 648
cfi=(280)
cfn=(4042) std::_Deque_iterator<pg::Token, pg::Token const&, pg::Token const*>::operator*() const
calls=216 +88 
* 1728
* 864
cfi=(280)
cfn=(3774) std::_Deque_iterator<pg::Token, pg::Token&, pg::Token*>::operator*() const
calls=216 +88 
* 1728
* 432
cfi=(222)
cfn=(4044)
calls=216 -43 
* 1512
* 648
cfi=(223)
cfn=(4046)
calls=216 +17 
* 43252
-1 648
cfi=(280)
cfn=(4052) std::_Deque_iterator<pg::Token, pg::Token const&, pg::Token const*>::operator++()
calls=216 +97 
* 5520
* 648
cfi=(280)
cfn=(4054) std::_Deque_iterator<pg::Token, pg::Token&, pg::Token*>::operator++()
calls=216 +97 
* 5520
* 1100
cfi=(280)
cfn=(4038) std::operator!=(std::_Deque_iterator<pg::Token, pg::Token const&, pg::Token const*> const&, std::_Deque_iterator<pg::Token, pg::Token const&, pg::Token const*> const&)
calls=220 291 
* 5940
* 440
+2 4
+7 28

fn=(1494) tf::ObjectPool<tf::Node, 65536ul>::LocalHeap* std::__uninitialized_default_n_a<tf::ObjectPool<tf::Node, 65536ul>::LocalHeap*, unsigned long, tf::ObjectPool<tf::Node, 65536ul>::LocalHeap>(tf::ObjectPool<tf::Node, 65536ul>::LocalHeap*, unsigned long, std::allocator<tf::ObjectPool<tf::Node, 65536ul>::LocalHeap>&)
702 7
+2 5
cfn=(1496) tf::ObjectPool<tf::Node, 65536ul>::LocalHeap* std::__uninitialized_default_n<tf::ObjectPool<tf::Node, 65536ul>::LocalHeap*, unsigned long>(tf::ObjectPool<tf::Node, 65536ul>::LocalHeap*, unsigned long)
calls=1 -74 
* 3260
* 2

fn=(1496)
630 6
+5 1
+5 5
cfn=(1498)
calls=1 -67 
* 3246
+1 2

fn=(4544)
1006 208
+3 104
+1 52
+1 77
cob=(2)
cfi=(51)
cfn=(3976)
calls=11 0 
* 170
+1 104
+1 52

fn=(4670)
1006 128
+3 64
+1 32
+1 48
cob=(2)
cfi=(51)
cfn=(3976)
calls=6 0 
* 82
+1 80
+1 32

fl=(231)
fn=(1546) __static_initialization_and_destruction_0(int, int)
960 16
fi=(195)
41 3
cob=(2)
cfi=(51)
cfn=(1334)
calls=1 -41 
* 4
* 7
cfi=(196)
cfn=(1338)
calls=1 533 
* 211
* 3
cob=(2)
cfi=(51)
cfn=(1382)
calls=1 -41 
* 4
* 7
cob=(2)
cfi=(51)
cfn=(1330)
calls=1 -41 
* 77
365 3
cfn=(1386)
calls=1 -47 
* 118
* 7
cob=(2)
cfi=(51)
cfn=(1330)
calls=1 0 
* 77
fi=(181)
74 3
cob=(2)
cfi=(51)
cfn=(830)
calls=1 -74 
* 27
* 7
cob=(2)
cfi=(51)
cfn=(1330)
calls=1 -74 
* 77
fe=(231)
405 428
cfi=(205)
cfn=(1548) std::allocator<std::pair<pg::TokenType const, pg::ParseRule> >::allocator()
calls=1 156 
* 18
* 17
cfi=(232)
cfn=(1552)
calls=1 227 
* 127170
* 4
cfi=(205)
cfn=(1794) std::allocator<std::pair<pg::TokenType const, pg::ParseRule> >::~allocator()
calls=1 174 
* 18
* 7
cob=(2)
cfi=(51)
cfn=(1330)
calls=1 0 
* 77
960 10

fn=(4272)
509 16
+1 12
cfi=(304)
cfn=(4274) bool pg::Parser::match<pg::TokenType>(pg::TokenType const&)
calls=2 88 
* 1124
* 4
+2 3
cfn=(4942) pg::Parser::varDeclaration()
calls=1 +18 
* 23953
* 1
+2 6
cfi=(304)
cfn=(4274)
calls=1 88 
* 870
* 2
+2 3
cfn=(4302) pg::Parser::funDeclaration()
calls=1 +46 
* 210638
* 1
+7 6
cfi=(304)
cfn=(4312) pg::Parser::skipEOL()
calls=2 99 
* 7155
+2 8
+2 12

fn=(4273) pg::Parser::declaration()'2
509 16
+1 12
cfi=(304)
cfn=(4274)
calls=2 88 
* 508
* 4
+4 12
cfi=(304)
cfn=(4274)
calls=2 88 
* 508
* 4
+6 6
cfn=(4398) pg::Parser::statement()
calls=2 +64 
* 95817
+3 6
cfi=(304)
cfn=(4312)
calls=2 99 
* 3350
+2 8
+2 12

fn=(4302)
562 9
+1 4
cob=(2)
cfi=(51)
cfn=(1334)
calls=1 0 
* 4
* 6
cfi=(196)
cfn=(1338)
calls=1 -30 
* 306
* 6
cfi=(304)
cfn=(4304) void pg::Parser::consume<pg::TokenType>(std::__cxx11::basic_string<char, std::char_traits<char>, std::allocator<char> > const&, pg::TokenType const&)
calls=1 113 
* 878
* 3
cob=(2)
cfi=(51)
cfn=(2072)
calls=1 0 
* 104
* 3
cob=(2)
cfi=(51)
cfn=(1382)
calls=1 0 
* 4
+2 6
cfi=(297)
cfn=(4050)
calls=1 100 
* 173
+2 4
+5 3
cfi=(229)
cfn=(4306)
calls=1 160 
* 14
+2 6
cfn=(4308) pg::Parser::parseFunction(pg::FunctionType const&)
calls=1 797 
* 202058
+2 4
+2 6
cfi=(308)
cfn=(4696)
calls=1 88 
* 227
* 5
cfn=(4602) pg::Parser::writeConstant(pg::ElementType const&)
calls=1 906 
* 4275
* 3
cfi=(308)
cfn=(4674)
calls=1 122 
* 48
+1 6
cfn=(4420) pg::Parser::writeByte(pg::OpCode const&)
calls=1 911 
* 2444
+2 3
cfi=(297)
cfn=(4246)
calls=1 97 
* 20
* 6

fn=(4408) pg::Parser::getRule(pg::TokenType const&) const
792 240
+1 200
cfi=(232)
cfn=(4410)
calls=40 979 
* 22456
+1 80

fn=(4718) pg::Parser::writeConstant(pg::ObjFunction*)
901 12
+1 6
cfi=(303)
cfn=(4422)
calls=2 59 
* 16
* 16
cfi=(306)
cfn=(4720) pg::Chunk::addConstant(pg::ObjFunction*, int)
calls=2 121 
* 3818
+1 6

fn=(4682) pg::Parser::returnStatement()
773 18
+1 8
+5 16
cfi=(304)
cfn=(4684) bool pg::Parser::match<pg::TokenType, pg::TokenType>(pg::TokenType const&, pg::TokenType const&)
calls=2 88 
* 980
* 4
+6 6
cfi=(304)
cfn=(4404) pg::Parser::expression()
calls=2 129 
* 52082
+1 10
cob=(2)
cfi=(51)
cfn=(1334)
calls=2 0 
* 8
* 12
cfi=(196)
cfn=(1338)
calls=2 533 
* 638
* 12
cfi=(304)
cfn=(4688) void pg::Parser::consume<pg::TokenType, pg::TokenType>(std::__cxx11::basic_string<char, std::char_traits<char>, std::allocator<char> > const&, pg::TokenType const&, pg::TokenType const&)
calls=2 113 
* 2431
* 6
cob=(2)
cfi=(51)
cfn=(2072)
calls=2 0 
* 208
* 6
cob=(2)
cfi=(51)
cfn=(1382)
calls=2 0 
* 8
+1 12
cfn=(4420)
calls=2 911 
* 788
+2 14

fn=(4710) pg::argumentList(pg::Parser&)
375 27
+1 3
+2 18
cfi=(304)
cfn=(4276) bool pg::Parser::check<>(pg::TokenType const&)
calls=3 79 
* 714
* 9
+4 6
+5 9
cfi=(304)
cfn=(4312)
calls=3 99 
* 831
+1 9
cfi=(304)
cfn=(4405) pg::Parser::expression()'2
calls=3 129 
* 27522
+1 9
+1 18
cfi=(304)
cfn=(4274)
calls=3 88 
* 762
* 6
+3 12
cob=(2)
cfi=(51)
cfn=(1334)
calls=3 0 
* 12
* 18
cfi=(196)
cfn=(1338)
calls=3 533 
* 918
* 18
cfi=(304)
cfn=(4304)
calls=3 113 
* 2824
* 9
cob=(2)
cfi=(51)
cfn=(2072)
calls=3 0 
* 312
* 9
cob=(2)
cfi=(51)
cfn=(1382)
calls=3 0 
* 12
+2 3
+1 18

fn=(1544)
960 6
cfn=(1546)
calls=1 * 
* 128400
* 2

fn=(4308)
797 10
+1 3
cfi=(303)
cfn=(4078) pg::Compiler::Compiler()
calls=1 35 
* 1300
+2 8
cfi=(229)
cfn=(4118)
calls=1 181 
* 696
+1 3
cfi=(229)
cfn=(4310)
calls=1 64 
* 12
+2 3
cfi=(304)
cfn=(4312)
calls=1 99 
* 277
+1 4
cob=(2)
cfi=(51)
cfn=(1334)
calls=1 0 
* 4
* 6
cfi=(196)
cfn=(1338)
calls=1 533 
* 306
* 6
cfi=(304)
cfn=(4304)
calls=1 113 
* 837
* 3
cob=(2)
cfi=(51)
cfn=(2072)
calls=1 0 
* 104
* 3
cob=(2)
cfi=(51)
cfn=(1382)
calls=1 0 
* 4
+1 3
cfi=(304)
cfn=(4312)
calls=1 99 
* 277
+2 6
cfi=(304)
cfn=(4276)
calls=1 79 
* 238
* 3
+4 5
+1 5
+5 4
cob=(2)
cfi=(51)
cfn=(1334)
calls=1 0 
* 4
* 6
cfi=(196)
cfn=(1338)
calls=1 533 
* 306
* 6
cfi=(304)
cfn=(4304)
calls=1 113 
* 837
* 3
cob=(2)
cfi=(51)
cfn=(2072)
calls=1 0 
* 104
* 3
cob=(2)
cfi=(51)
cfn=(1382)
calls=1 0 
* 4
+2 6
cfi=(297)
cfn=(4050)
calls=1 100 
* 153
+2 5
cfn=(4314) pg::Parser::declareVariable(pg::Token const&)
calls=1 +31 
* 1562
+2 3
cfi=(229)
cfn=(4306)
calls=1 160 
* 38
+2 3
cfi=(297)
cfn=(4246)
calls=1 97 
* 20
* 6
cfi=(304)
cfn=(4274)
calls=1 88 
* 254
* 2
+3 3
cfi=(304)
cfn=(4312)
calls=1 99 
* 277
+1 4
cob=(2)
cfi=(51)
cfn=(1334)
calls=1 0 
* 4
* 6
cfi=(196)
cfn=(1338)
calls=1 533 
* 306
* 6
cfi=(304)
cfn=(4304)
calls=1 113 
* 837
* 3
cob=(2)
cfi=(51)
cfn=(2072)
calls=1 0 
* 104
* 3
cob=(2)
cfi=(51)
cfn=(1382)
calls=1 0 
* 4
+1 3
cfi=(304)
cfn=(4312)
calls=1 99 
* 1114
+1 4
cob=(2)
cfi=(51)
cfn=(1334)
calls=1 0 
* 4
* 6
cfi=(196)
cfn=(1338)
calls=1 533 
* 315
* 6
cfi=(304)
cfn=(4304)
calls=1 113 
* 837
* 3
cob=(2)
cfi=(51)
cfn=(2072)
calls=1 0 
* 104
* 3
cob=(2)
cfi=(51)
cfn=(1382)
calls=1 0 
* 4
+1 3
cfi=(304)
cfn=(4312)
calls=1 99 
* 1114
+2 3
cfn=(4396) pg::Parser::blockStatement()
calls=1 625 
* 103082
+2 3
cfi=(229)
cfn=(4714)
calls=1 205 
* 78128
* 1
+2 5
cfi=(204)
cfn=(4842)
calls=1 1187 
* 963
+2 6
cfn=(4420)
calls=1 +71 
* 2128
+1 3
cfi=(303)
cfn=(4422)
calls=1 59 
* 8
* 5
cfi=(306)
cfn=(4898) pg::Chunk::addConstantIndex(pg::ObjFunction*)
calls=1 138 
* 1066
* 1
+1 5
cfn=(4548) pg::Parser::writeByte(unsigned char)
calls=1 +74 
* 2629
+2 6
+5 3
cfi=(303)
cfn=(4902) pg::Compiler::~Compiler()
calls=1 36 
* 1475
* 6

fn=(4396)
625 9
+1 1
+2 6
cfi=(304)
cfn=(4312)
calls=2 99 
* 554
+1 6
cfn=(4273)
calls=2 509 
* 100263
-3 18
cfi=(304)
cfn=(4276)
calls=3 79 
* 705
* 15
cfi=(304)
cfn=(4262)
calls=2 65 
* 204
* 17
+6 4
cob=(2)
cfi=(51)
cfn=(1334)
calls=1 0 
* 4
* 6
cfi=(196)
cfn=(1338)
calls=1 -99 
* 306
* 6
cfi=(304)
cfn=(4304)
calls=1 113 
* 837
* 3
cob=(2)
cfi=(51)
cfn=(2072)
calls=1 0 
* 104
* 3
cob=(2)
cfi=(51)
cfn=(1382)
calls=1 0 
* 4
+1 7

fn=(4708) pg::call(pg::Parser&, bool)
399 21
+1 9
cfn=(4710)
calls=3 -25 
* 34108
* 3
+2 15
cfi=(304)
cfn=(4712) void pg::Parser::emitBytes<pg::OpCode, unsigned char>(pg::OpCode, unsigned char)
calls=3 161 
* 1989
+1 9

fn=(4398)
584 16
+1 12
cfi=(304)
cfn=(4274)
calls=2 88 
* 508
* 4
+6 12
cfi=(304)
cfn=(4274)
calls=2 88 
* 1360
* 4
+2 3
cfn=(4402) pg::Parser::ifStatement()
calls=1 +43 
* 41876
+22 1
-20 6
cfi=(304)
cfn=(4274)
calls=1 88 
* 254
* 2
+4 6
cfi=(304)
cfn=(4274)
calls=1 88 
* 254
* 2
+4 6
cfi=(304)
cfn=(4274)
calls=1 88 
* 254
* 2
+4 6
cfi=(304)
cfn=(4274)
calls=1 88 
* 864
* 2
+2 3
cfn=(4682)
calls=1 773 
* 50347
+6 13

fn=(4399) pg::Parser::statement()'2
584 8
+1 6
cfi=(304)
cfn=(4274)
calls=1 88 
* 254
* 2
+6 6
cfi=(304)
cfn=(4274)
calls=1 88 
* 254
* 2
+4 6
cfi=(304)
cfn=(4274)
calls=1 88 
* 254
* 2
+4 6
cfi=(304)
cfn=(4274)
calls=1 88 
* 254
* 2
+4 6
cfi=(304)
cfn=(4274)
calls=1 88 
* 254
* 2
+4 6
cfi=(304)
cfn=(4274)
calls=1 88 
* 864
* 2
+2 3
cfn=(4682)
calls=1 773 
* 6920
+6 7

fn=(4416) pg::variable(pg::Parser&, bool)
123 77
+1 42
cob=(2)
cfi=(51)
cfn=(1996)
calls=7 0 
* 907
+1 42
cfi=(229)
cfn=(4418)
calls=7 -29 
* 898
* 7
+4 14
+2 4
+1 8
+2 18
cfi=(229)
cfn=(4694)
calls=3 +4 
* 152
* 15
+8 15
cfi=(308)
cfn=(4696)
calls=3 -54 
* 681
* 15
cfn=(4602)
calls=3 906 
* 5866
* 9
cfi=(308)
cfn=(4674)
calls=3 -20 
* 144
+1 18
cfi=(304)
cfn=(4274)
calls=2 -55 
* 508
* 13
+7 18
cfn=(4420)
calls=3 911 
* 3672
+3 6
+4 32
cfi=(304)
cfn=(4274)
calls=4 -69 
* 1016
* 20
+8 20
cfn=(4420)
calls=4 911 
* 3310
+1 24
cfn=(4548)
calls=4 916 
* 3190
+2 16
cob=(2)
cfi=(51)
cfn=(2072)
calls=4 0 
* 32
* 9
cob=(2)
cfi=(51)
cfn=(2072)
calls=3 0 
* 24
* 49

fn=(4548)
916 112
+1 48
cfi=(303)
cfn=(4422)
calls=16 59 
* 128
* 128
cfi=(306)
cfn=(4550) pg::Chunk::addCode(unsigned char, int)
calls=16 151 
* 12163
+1 48

fn=(4572) pg::intNumber(pg::Parser&, bool)
11 44
+1 24
cfi=(196)
cfn=(4574) std::__cxx11::stoi(std::__cxx11::basic_string<char, std::char_traits<char>, std::allocator<char> > const&, unsigned long*, int)
calls=4 6620 
* 1063
* 4
+1 20
cfi=(308)
cfn=(4594)
calls=4 +75 
* 260
* 20
cfn=(4602)
calls=4 906 
* 10875
* 12
cfi=(308)
cfn=(4674)
calls=4 122 
* 144
+1 28

fn=(4690) pg::Parser::patchJump(int)
868 20
+2 6
cfi=(303)
cfn=(4422)
calls=2 59 
* 16
* 4
cfi=(204)
cfn=(4454) std::vector<unsigned char, std::allocator<unsigned char> >::size() const
calls=2 +48 
* 24
* 10
+2 6
+5 12
cfi=(303)
cfn=(4422)
calls=2 59 
* 16
* 12
cfi=(204)
cfn=(4692) std::vector<unsigned char, std::allocator<unsigned char> >::operator[](unsigned long)
calls=2 1043 
* 22
* 2
+1 12
cfi=(303)
cfn=(4422)
calls=2 59 
* 16
* 14
cfi=(204)
cfn=(4692)
calls=2 1043 
* 22
* 2
+1 12
cfi=(303)
cfn=(4422)
calls=2 59 
* 16
* 14
cfi=(204)
cfn=(4692)
calls=2 1043 
* 22
* 2
+1 10
cfi=(303)
cfn=(4422)
calls=2 59 
* 16
* 14
cfi=(204)
cfn=(4692)
calls=2 1043 
* 22
* 2
+1 14

fn=(4406) pg::Parser::parsePrecedence(pg::Precedence const&)
480 40
+1 12
cfi=(304)
cfn=(4282) pg::Parser::advance()
calls=4 53 
* 2402
+2 24
cfn=(4408)
calls=4 792 
* 3348
* 8
+2 8
+6 20
+2 24
cfn=(4416)
calls=4 123 
* 13648
+2 4
+2 12
cfi=(304)
cfn=(4282)
calls=4 53 
* 2320
+1 24
cfn=(4408)
calls=4 792 
* 2136
* 8
+1 24
cfn=(4708)
calls=2 399 
* 22547
cfn=(4570) pg::binary(pg::Parser&, bool)
calls=2 74 
* 33632
-4 56
cfi=(304)
cfn=(4284) pg::Parser::currentToken() const
calls=8 104 
* 2408
* 40
cfn=(4408)
calls=8 792 
* 5080
* 48
cfi=(297)
cfn=(4246)
calls=8 97 
* 160
* 16
+7 32
cfi=(304)
cfn=(4274)
calls=4 88 
* 1016
* 20
+4 24

fn=(4407) pg::Parser::parsePrecedence(pg::Precedence const&)'2
480 70
+1 21
cfi=(304)
cfn=(4282)
calls=7 53 
* 4455
+2 42
cfn=(4408)
calls=7 792 
* 4243
* 14
+2 14
+6 35
+2 42
cfn=(4416)
calls=3 123 
* 7243
cfn=(4572)
calls=4 11 
* 12494
+2 7
+2 9
cfi=(304)
cfn=(4282)
calls=3 53 
* 1740
+1 18
cfn=(4408)
calls=3 792 
* 1299
* 6
+1 18
cfn=(4571) pg::binary(pg::Parser&, bool)'2
calls=1 74 
* 5249
cfn=(4708)
calls=1 399 
* 13607
cfn=(4570)
calls=1 74 
* 5249
-4 70
cfi=(304)
cfn=(4284)
calls=10 104 
* 3010
* 50
cfn=(4408)
calls=10 792 
* 4734
* 60
cfi=(297)
cfn=(4246)
calls=10 97 
* 200
* 20
+7 32
cfi=(304)
cfn=(4274)
calls=3 88 
* 762
* 27
+4 42

fn=(4602)
906 54
+1 27
cfi=(303)
cfn=(4422)
calls=9 59 
* 72
* 72
cfi=(306)
cfn=(4604) pg::Chunk::addConstant(pg::ElementType const&, int)
calls=9 116 
* 23282
+1 27

fn=(4402)
636 9
+1 3
cfi=(304)
cfn=(4312)
calls=1 99 
* 277
+1 4
cob=(2)
cfi=(51)
cfn=(1334)
calls=1 0 
* 4
* 6
cfi=(196)
cfn=(1338)
calls=1 533 
* 306
* 6
cfi=(304)
cfn=(4304)
calls=1 113 
* 837
* 3
cob=(2)
cfi=(51)
cfn=(2072)
calls=1 0 
* 104
* 3
cob=(2)
cfi=(51)
cfn=(1382)
calls=1 0 
* 4
+1 3
cfi=(304)
cfn=(4312)
calls=1 99 
* 277
+2 3
cfi=(304)
cfn=(4404)
calls=1 129 
* 20089
+2 4
cob=(2)
cfi=(51)
cfn=(1334)
calls=1 0 
* 4
* 6
cfi=(196)
cfn=(1338)
calls=1 533 
* 306
* 6
cfi=(304)
cfn=(4304)
calls=1 113 
* 837
* 3
cob=(2)
cfi=(51)
cfn=(2072)
calls=1 0 
* 104
* 3
cob=(2)
cfi=(51)
cfn=(1382)
calls=1 0 
* 4
+1 3
cfi=(304)
cfn=(4312)
calls=1 99 
* 1114
+2 6
cfn=(4680) pg::Parser::emitJump(pg::OpCode const&)
calls=1 857 
* 3485
* 1
+1 6
cfn=(4420)
calls=1 911 
* 394
+2 3
cfn=(4399)
calls=1 -65 
* 9120
+2 6
cfn=(4680)
calls=1 857 
* 3483
* 1
+2 5
cfn=(4690)
calls=1 868 
* 180
+1 6
cfn=(4420)
calls=1 911 
* 394
+2 6
cfi=(304)
cfn=(4274)
calls=1 88 
* 254
* 2
+5 5
cfn=(4690)
calls=1 868 
* 180
+1 7

fn=(4570)
74 33
+1 18
cfi=(297)
cfn=(4050)
calls=3 +25 
* 459
+1 15
cfn=(4408)
calls=3 792 
* 1703
* 9
+1 15
cfn=(4407)
calls=3 480 
* 33235
+2 48
+3 6
cfn=(4420)
calls=1 911 
* 394
+1 1
+2 6
cfn=(4420)
calls=1 911 
* 394
+1 1
+20 6
cfn=(4420)
calls=1 911 
* 2444
+1 1
+13 12
cfi=(297)
cfn=(4246)
calls=3 -23 
* 60
* 21

fn=(4571)
74 11
+1 6
cfi=(297)
cfn=(4050)
calls=1 +25 
* 153
+1 5
cfn=(4408)
calls=1 792 
* 433
* 3
+1 5
cfn=(4407)
calls=1 480 
* 4185
+2 16
+6 6
cfn=(4420)
calls=1 911 
* 394
+1 1
+34 4
cfi=(297)
cfn=(4246)
calls=1 -23 
* 20
* 7

fn=(4680)
857 12
+1 10
cfn=(4420)
calls=2 +53 
* 788
+1 8
cfn=(4548)
calls=2 +57 
* 492
+1 8
cfn=(4548)
calls=2 +56 
* 2542
+1 8
cfn=(4548)
calls=2 +55 
* 2544
+1 8
cfn=(4548)
calls=2 +54 
* 492
+2 6
cfi=(303)
cfn=(4422)
calls=2 59 
* 16
* 4
cfi=(204)
cfn=(4454)
calls=2 +54 
* 24
* 2
+1 4

fn=(4420)
911 150
+1 75
cfi=(303)
cfn=(4422)
calls=25 59 
* 200
* 200
cfi=(306)
cfn=(4424) pg::Chunk::addCode(pg::OpCode const&, int)
calls=25 143 
* 19208
+1 75

fn=(4942)
530 9
+1 4
cob=(2)
cfi=(51)
cfn=(1334)
calls=1 0 
* 4
* 6
cfi=(196)
cfn=(1338)
calls=1 +2 
* 306
* 6
cfi=(304)
cfn=(4304)
calls=1 113 
* 878
* 3
cob=(2)
cfi=(51)
cfn=(2072)
calls=1 0 
* 104
* 3
cob=(2)
cfi=(51)
cfn=(1382)
calls=1 0 
* 4
+2 6
cfi=(297)
cfn=(4050)
calls=1 100 
* 173
+2 4
+5 6
cfi=(304)
cfn=(4274)
calls=1 88 
* 829
* 2
+2 3
cfi=(304)
cfn=(4404)
calls=1 129 
* 17050
* 1
+7 3
cob=(2)
cfi=(51)
cfn=(1334)
calls=1 0 
* 4
* 6
cfi=(196)
cfn=(1338)
calls=1 -16 
* 315
* 5
cfi=(304)
cfn=(4944) pg::Parser::consumeEnd(std::__cxx11::basic_string<char, std::char_traits<char>, std::allocator<char> > const&)
calls=1 124 
* 863
* 3
cob=(2)
cfi=(51)
cfn=(2072)
calls=1 0 
* 104
* 3
cob=(2)
cfi=(51)
cfn=(1382)
calls=1 0 
* 4
+2 4
+6 6
cfi=(308)
cfn=(4696)
calls=1 88 
* 227
* 5
cfn=(4602)
calls=1 906 
* 2518
* 3
cfi=(308)
cfn=(4674)
calls=1 122 
* 48
+1 6
cfn=(4420)
calls=1 911 
* 394
+1 4
cfi=(297)
cfn=(4246)
calls=1 97 
* 20
* 7

fn=(4314)
852 6
+1 5
cfi=(229)
cfn=(4316)
calls=1 90 
* 1548
+1 3

fl=(236)
fn=(1598)
67 14

fl=(237)
fn=(1934) std::__cxx11::basic_string<char, std::char_traits<char>, std::allocator<char> > const& std::__pair_get<0ul>::__const_get<std::__cxx11::basic_string<char, std::char_traits<char>, std::allocator<char> > const, pg::TokenType>(std::pair<std::__cxx11::basic_string<char, std::char_traits<char>, std::allocator<char> > const, pg::TokenType> const&)
188 112
+1 84

fn=(1932)
233 140
+1 84
cfn=(1934)
calls=28 -46 
* 196
* 56

fn=(4968)
233 100
+1 60
cfn=(4970) void* const& std::__pair_get<0ul>::__const_get<void* const, int>(std::pair<void* const, int> const&)
calls=20 -46 
* 140
* 40

fn=(1620)
233 1750
+1 1050
cfn=(1622) pg::TokenType const& std::__pair_get<0ul>::__const_get<pg::TokenType const, pg::ParseRule>(std::pair<pg::TokenType const, pg::ParseRule> const&)
calls=350 -46 
* 2450
* 700

fn=(1622)
188 1400
+1 1050

fn=(5152)
233 1213925
+1 728355
cfn=(5154) std::__cxx11::basic_string<char, std::char_traits<char>, std::allocator<char> > const& std::__pair_get<0ul>::__const_get<std::__cxx11::basic_string<char, std::char_traits<char>, std::allocator<char> > const, pg::Value>(std::pair<std::__cxx11::basic_string<char, std::char_traits<char>, std::allocator<char> > const, pg::Value> const&)
calls=242785 -46 
* 1699495
* 485570

fn=(4970)
188 80
+1 60

fn=(5154)
188 971140
+1 728355

fl=(217) /usr/include/c++/11/bits/std_mutex.h
fn=(2532) std::lock_guard<std::recursive_mutex>::~lock_guard()
234 5
+1 4
cfi=(262) /usr/include/c++/11/mutex
cfn=(2534) std::recursive_mutex::unlock()
calls=1 123 
* 76
* 3

fn=(1442) std::__mutex_base::__mutex_base()
65 429

fn=(2340) std::lock_guard<std::recursive_mutex>::lock_guard(std::recursive_mutex&)
228 9
+1 4
cfi=(262)
cfn=(2342) std::recursive_mutex::lock()
calls=1 106 
* 88
* 3

fn=(1440) std::mutex::mutex()
91 264
cfn=(1442)
calls=33 -26 
* 429
* 99

fl=(287) /usr/include/c++/11/bits/fs_dir.h
fn=(3454) std::filesystem::file_status::type() const
72 16

fl=(196)
fn=(2970) std::__cxx11::basic_string<char, std::char_traits<char>, std::allocator<char> > std::operator+<char, std::char_traits<char>, std::allocator<char> >(std::__cxx11::basic_string<char, std::char_traits<char>, std::allocator<char> > const&, char const*)
6132 32
+3 20
cob=(2)
cfi=(51)
cfn=(1996)
calls=4 0 
* 1254
+1 20
cob=(2)
cfi=(51)
cfn=(2876) 0x000000000010f350
calls=4 0 
* 1776
+1 4
+1 16

fn=(4574)
6620 40
cob=(2)
cfi=(51)
cfn=(4576) 0x000000000010ebf0
calls=4 0 
* 20
* 40
cfi=(307)
cfn=(4580)
calls=4 54 
* 955
+1 8

fn=(2950) std::__cxx11::to_string(int)
6661 80
+1 24
+1 32
+1 32
cfi=(275) /usr/include/c++/11/bits/charconv.h
cfn=(2952) unsigned int std::__detail::__to_chars_len<unsigned int>(unsigned int, int)
calls=8 47 
* 218
* 8
+1 24
cob=(2)
cfi=(51)
cfn=(1334)
calls=8 0 
* 32
* 80
cfn=(2954)
calls=8 553 
* 1449
* 24
cob=(2)
cfi=(51)
cfn=(1382)
calls=8 0 
* 32
+1 40
cob=(2)
cfi=(51)
cfn=(2964)
calls=8 0 
* 48
* 48
cfi=(275)
cfn=(2968) void std::__detail::__to_chars_10_impl<unsigned int>(char*, unsigned int, unsigned int)
calls=8 72 
* 286
+1 8
+1 56

fn=(1338)
533 1782
+1 648
cob=(2)
cfi=(51)
cfn=(1340) 0x000000000010ee00
calls=162 0 
* 810
* 972
cob=(2)
cfi=(51)
cfn=(1344) 0x000000000010eef0
calls=162 0 
* 810
+2 810
cfi=(197) /usr/include/c++/11/bits/char_traits.h
cfn=(1348) std::char_traits<char>::length(char const*)
calls=162 393 
* 5316
* 648
+3 972
cfi=(198) /usr/include/c++/11/bits/basic_string.tcc
cfn=(1352) void std::__cxx11::basic_string<char, std::char_traits<char>, std::allocator<char> >::_M_construct<char const*>(char const*, char const*, std::forward_iterator_tag)
calls=162 206 
* 23346
+1 1134

fn=(1942)
6875 1699838
+1 728502
cob=(2)
cfi=(51)
cfn=(1944)
calls=242834 0 
* 1214170
* 971336
cob=(2)
cfi=(51)
cfn=(1948) 0x000000000010f030
calls=242834 0 
* 1214170
* 1457004
cfi=(238)
cfn=(1952)
calls=242834 196 
* 15784276
* 728502

fn=(2954)
553 280
+1 112
cob=(2)
cfi=(51)
cfn=(1340)
calls=28 0 
* 140
* 168
cob=(2)
cfi=(51)
cfn=(1344)
calls=28 0 
* 140
+1 168
cob=(2)
cfi=(51)
cfn=(2956) 0x000000000010efb0
calls=28 0 
* 1649
* 112

fn=(2990) bool std::operator!=<char, std::char_traits<char>, std::allocator<char> >(std::__cxx11::basic_string<char, std::char_traits<char>, std::allocator<char> > const&, char const*)
6327 24
+2 20
cfn=(2992)
calls=4 -81 
* 252
* 12

fn=(3738)
6234 1942408
+2 728403
cob=(2)
cfi=(51)
cfn=(2974) 0x000000000010ed70
calls=242801 0 
* 1214005
* 971204
cob=(2)
cfi=(51)
cfn=(2974)
calls=242801 0 
* 1214005
+1 1213999
cob=(2)
cfi=(51)
cfn=(2974)
calls=242799 0 
* 1213995
* 971196
cob=(2)
cfi=(51)
cfn=(1948)
calls=242799 0 
* 1213995
* 971196
cob=(2)
cfi=(51)
cfn=(1948)
calls=242799 0 
* 1213995
* 971196
cfi=(197)
cfn=(3740) std::char_traits<char>::compare(char const*, char const*, unsigned long)
calls=242799 372 
* 10197522
* 971198
+1 1214005

fn=(2856) std::__cxx11::basic_string<char, std::char_traits<char>, std::allocator<char> > std::operator+<char, std::char_traits<char>, std::allocator<char> >(char const*, std::__cxx11::basic_string<char, std::char_traits<char>, std::allocator<char> >&&)
6194 28
+2 20
cob=(2)
cfi=(51)
cfn=(2858) 0x000000000010eb00
calls=4 0 
* 2961
* 8
cfi=(222)
cfn=(2868)
calls=4 104 
* 28
* 20
cob=(2)
cfi=(51)
cfn=(2870) 0x000000000010ece0
calls=4 0 
* 76
* 12

fn=(2992)
6248 42
+2 35
cob=(2)
cfi=(51)
cfn=(2994) 0x000000000010eb40
calls=7 0 
* 336
* 28

fn=(2972) std::__cxx11::basic_string<char, std::char_traits<char>, std::allocator<char> > std::operator+<char, std::char_traits<char>, std::allocator<char> >(std::__cxx11::basic_string<char, std::char_traits<char>, std::allocator<char> >&&, std::__cxx11::basic_string<char, std::char_traits<char>, std::allocator<char> >&&)
6172 32
+5 4
+2 4
+3 8
+3 12
cob=(2)
cfi=(51)
cfn=(2974)
calls=4 0 
* 20
* 16
cob=(2)
cfi=(51)
cfn=(2974)
calls=4 0 
* 20
* 8
+1 12
cob=(2)
cfi=(51)
cfn=(2978) 0x000000000010ea30
calls=4 0 
* 32
* 20
+3 20
cob=(2)
cfi=(51)
cfn=(2982) 0x000000000010f380
calls=4 0 
* 248
* 8
cfi=(222)
cfn=(2868)
calls=4 104 
* 28
* 20
cob=(2)
cfi=(51)
cfn=(2870)
calls=4 0 
* 76
+1 16

fn=(3360)
664 11
+1 6
cob=(2)
cfi=(51)
cfn=(3362) 0x000000000010f120
calls=1 0 
* 6
* 6
cob=(2)
cfi=(51)
cfn=(3366) 0x000000000010ebc0
calls=1 0 
* 6
* 6
cob=(2)
cfi=(51)
cfn=(3370) 0x000000000010f340
calls=1 0 
* 131
* 7

fn=(2874) std::__cxx11::basic_string<char, std::char_traits<char>, std::allocator<char> > std::operator+<char, std::char_traits<char>, std::allocator<char> >(std::__cxx11::basic_string<char, std::char_traits<char>, std::allocator<char> >&&, char const*)
6206 98
+2 70
cob=(2)
cfi=(51)
cfn=(2876)
calls=14 0 
* 1056
* 28
cfi=(222)
cfn=(2868)
calls=14 104 
* 98
* 70
cob=(2)
cfi=(51)
cfn=(2870)
calls=14 0 
* 266
* 42

fl=(273) /home/corse/Documents/PgEngine/exemples/PgCompiler/vm.h
fn=(5048) pg::VM::readByte()
275 22821824
+2 34232736
+1 11410912

fn=(5178) pg::VM::readUint32()
259 1213925
+8 728355
cfn=(5048)
calls=242785 +8 
* 2913420
* 728355
+1 728355
cfn=(5048)
calls=242785 +7 
* 2913420
* 728355
+1 728355
cfn=(5048)
calls=242785 +6 
* 2913420
* 728355
+1 728355
cfn=(5048)
calls=242785 +5 
* 2913420
* 485570
+2 242785
+1 485570

fn=(5180) pg::isValueTrue(pg::Value const&)
42 1213925
+1 971140
+1 728355
+9 485570

fn=(5164) pg::IndexableStack::operator[](unsigned long) const
131 4370130
cfn=(5166) pg::IndexableStack::stack_data() const
calls=485570 -48 
* 3398990
* 2913420

fn=(4996) pg::VM::pop()
227 11653704
+6 7769136
cfn=(4998) pg::IndexableStack::pop()
calls=1942284 109 
* 100998768
* 7769136
+1 7769136

fn=(4998)
109 24278540
+2 9711416
+3 7283562
cfn=(4976) pg::IndexableStack::stack_data()
calls=2427854 -36 
* 16994978
* 24278540
+1 12139270
+2 9711416
+1 21850686

fn=(5162) pg::VM::peek(unsigned long) const
236 3398990
+6 2913420
cfn=(5010) pg::IndexableStack::size() const
calls=485570 -94 
* 3884560
* 2427850
cfn=(5164)
calls=485570 131 
* 10682540
+1 1456710

fn=(5066) pg::VM::retainValue(pg::Value const&)
462 8497490
+2 3399000
+1 3398992
+3 1
+1 12
+4 4
+6 3
+1 6
cfi=(232)
cfn=(3068)
calls=1 979 
* 400
* 3
+2 3
+1 7647741

fn=(5306) pg::VM::~VM()
167 8
+3 6
cfi=(232)
cfn=(5308)
calls=1 325 
* 65
* 4
cfi=(232)
cfn=(5156)
calls=1 347 
* 53
* 11
cfi=(235)
cfn=(5314)
calls=3 342 
* 147
* 3
+2 18
cfi=(228)
cfn=(5116) pg::VM::releaseAndDelete(pg::Value const&)
calls=3 1319 
* 3361
-2 9
cfi=(235)
cfn=(5318)
calls=3 350 
* 99
* 20
cfi=(235)
cfn=(5312)
calls=4 309 
* 52
* 8
+5 5
cfn=(5324) pg::IndexableStack::empty() const
calls=1 -28 
* 10
* 3
+5 4
cfi=(312)
cfn=(5326)
calls=1 25 
* 710
* 4
cob=(2)
cfi=(51)
cfn=(2072)
calls=1 0 
* 8
* 4
cfi=(232)
cfn=(5396)
calls=1 -78 
* 754
* 4
cfi=(232)
cfn=(5414)
calls=1 -78 
* 1463
* 6

fn=(2684) pg::VM::VM()
164 16
cfn=(2686) pg::IndexableStack::IndexableStack()
calls=1 -93 
* 9
* 4
cfi=(232)
cfn=(2688)
calls=1 -23 
* 146
* 4
cfi=(232)
cfn=(2704)
calls=1 -23 
* 146
* 4
cob=(2)
cfi=(51)
cfn=(1400)
calls=1 0 
* 8
* 4
cfi=(244)
cfn=(2724)
calls=1 9 
* 28414
* 8

fn=(5118) pg::VM::releaseValue(pg::Value const&)
486 19665639
+2 10682592
+1 3884558
+3 242792
+1 2913504
+2 971148
+1 4
+1 12
+2 4
+4 728376
+1 1456746
cfi=(232)
cfn=(5120)
calls=242791 868 
* 50259570
* 242791
+1 971164
cfi=(232)
cfn=(5124)
calls=242791 347 
* 12867923
* 1456746
cfi=(235)
cfn=(5128)
calls=242791 309 
* 3156283
* 485582
+1 12
cfi=(235)
cfn=(3170)
calls=4 346 
* 156
* 12
+1 12
cfi=(235)
cfn=(3170)
calls=4 346 
* 156
* 20
+1 18
cfi=(232)
cfn=(5188)
calls=3 745 
* 2531
+1 6
+4 242789
+1 10925355

fn=(5172) pg::VM::checkBooleanBinaryOp()
321 971140
+9 242785
+1 485570

fn=(3064) pg::VM::defineNative(std::__cxx11::basic_string<char, std::char_traits<char>, std::allocator<char> > const&, pg::Value (*)(int, pg::Value*))
426 13
+2 2
cob=(2)
cfi=(51)
cfn=(1486)
calls=1 0 
* 197
* 2
+1 3
+3 1
+1 2
+2 5
cfn=(3066) pg::VM::trackNewValue(pg::Value const&)
calls=1 +82 
* 1898
* 11
cfi=(232)
cfn=(3174)
calls=1 979 
* 1952
* 2
+1 10

fn=(4060) pg::VM::listOptimizationPasses() const
416 5
+2 4
cfi=(244)
cfn=(4062)
calls=1 100 
* 9562
+1 3

fn=(5008) pg::IndexableStack::data()
151 7769128
cfn=(4976)
calls=971141 -73 
* 6797987
* 1942282

fn=(5166)
83 1942280
+2 485570
+1 971140

fn=(5324)
147 10

fn=(3066)
517 40
+2 32
+4 4
+1 48
+2 4
+1 8
+2 4
+4 12
+1 24
cfi=(232)
cfn=(3068)
calls=4 979 
* 5770
* 4
+2 12
+1 36

fn=(5010)
148 15538248

fn=(5044) pg::VM::updateChunkCache()
286 2427855
+2 4370139
+1 2913426
cfi=(204)
cfn=(5004) std::vector<unsigned char, std::allocator<unsigned char> >::data()
calls=485571 1168 
* 10196991
* 971142
+2 1456713

fn=(5170) pg::IndexableStack::operator[](unsigned long)
130 4370130
cfn=(4976)
calls=485570 -52 
* 3398990
* 2913420

fn=(4972) pg::VM::push(pg::Value const&)
212 14567124
+2 14567124
cfn=(4974) pg::IndexableStack::push(pg::Value const&)
calls=2427854 90 
* 99542014
+1 7283562

fn=(5046) pg::VM::checkIpAgainstStack(unsigned char)
280 26220816
+2 52441632
cfi=(204)
cfn=(4454)
calls=3277602 918 
* 39331224
* 6555204
+1 9832806

fn=(2686)
71 9

fn=(4974)
90 19422832
+2 9711416
+3 7283562
cfn=(4976)
calls=2427854 -17 
* 16994978
* 31562102
+1 14567124

fn=(4976)
78 25249676
+2 6312419
+1 12624838

fl=(298)
fn=(3786)
3901 70
+9 14
cfi=(299)
cfn=(3788)
calls=14 324 
* 602
* 70
cfi=(220)
cfn=(3794) __gnu_cxx::__normal_iterator<char const*, std::__cxx11::basic_string<char, std::char_traits<char>, std::allocator<char> > > std::__find_if<__gnu_cxx::__normal_iterator<char const*, std::__cxx11::basic_string<char, std::char_traits<char>, std::allocator<char> > >, __gnu_cxx::__ops::_Iter_pred<pg::(anonymous namespace)::isNumber(std::__cxx11::basic_string<char, std::char_traits<char>, std::allocator<char> > const&)::{lambda(unsigned char)#1}> >(__gnu_cxx::__normal_iterator<char const*, std::__cxx11::basic_string<char, std::char_traits<char>, std::allocator<char> > >, __gnu_cxx::__normal_iterator<char const*, std::__cxx11::basic_string<char, std::char_traits<char>, std::allocator<char> > >, __gnu_cxx::__ops::_Iter_pred<pg::(anonymous namespace)::isNumber(std::__cxx11::basic_string<char, std::char_traits<char>, std::allocator<char> > const&)::{lambda(unsigned char)#1}>)
calls=14 2112 
* 2393
+2 28

fl=(234)
fn=(1560) std::initializer_list<std::pair<pg::TokenType const, pg::ParseRule> >::size() const
71 8

fn=(1556)
79 9
cfn=(1558)
calls=1 -4 
* 8
* 4
cfn=(1560)
calls=1 -8 
* 8
* 5

fn=(1878)
79 9
cfn=(1880)
calls=1 -4 
* 8
* 4
cfn=(1882) std::initializer_list<std::pair<std::__cxx11::basic_string<char, std::char_traits<char>, std::allocator<char> > const, pg::TokenType> >::size() const
calls=1 -8 
* 8
* 9

fn=(1880)
75 16

fn=(1558)
75 16

fn=(1882)
71 8

fl=(303)
fn=(4364) pg::Local::Local(pg::Local&&)
20 11
cfi=(297)
cfn=(4050)
calls=1 +80 
* 153
* 11

fn=(4902)
36 12
+1 8
+3 8
cfi=(204)
cfn=(4904) std::vector<pg::Local, std::allocator<pg::Local> >::~vector()
calls=2 678 
* 471
* 6
cfi=(304)
cfn=(4922) pg::Parser::~Parser()
calls=2 +3 
* 6754
* 8

fn=(4422)
59 536

fn=(4392)
20 16
cfi=(297)
cfn=(4246)
calls=2 +77 
* 40
* 6

fn=(4078)
35 16
cfi=(304)
cfn=(4080) pg::Parser::Parser()
calls=2 +7 
* 2570
* 20
cfi=(204)
cfn=(4094) std::vector<pg::Local, std::allocator<pg::Local> >::vector()
calls=2 487 
* 134
* 14

fl=(274) /home/corse/Documents/PgEngine/exemples/PgCompiler/bytecode_rewriter.h
fn=(2756) pg::BytecodeRewriter::BytecodeRewriter()
117 8
cfi=(204)
cfn=(2758) std::vector<pg::RewriteRule, std::allocator<pg::RewriteRule> >::vector()
calls=1 487 
* 67
* 4
cfi=(204)
cfn=(2770) std::vector<pg::AdvancedRewriteRule, std::allocator<pg::AdvancedRewriteRule> >::vector()
calls=1 487 
* 67
* 3

fn=(5334) pg::BytecodeRewriter::~BytecodeRewriter()
117 9
cfi=(204)
cfn=(5336) std::vector<pg::AdvancedRewriteRule, std::allocator<pg::AdvancedRewriteRule> >::~vector()
calls=1 678 
* 141
* 3
cfi=(204)
cfn=(5356) std::vector<pg::RewriteRule, std::allocator<pg::RewriteRule> >::~vector()
calls=1 678 
* 141
* 3

fl=(284) /usr/include/c++/11/bits/fs_ops.h
fn=(3450) std::filesystem::exists(std::filesystem::file_status)
129 8
cfn=(3452) std::filesystem::status_known(std::filesystem::file_status)
calls=1 364 
* 20
* 5
cfi=(287)
cfn=(3454)
calls=1 -57 
* 8
* 6

fn=(3424) std::filesystem::exists(std::filesystem::__cxx11::path const&)
134 8
cob=(2)
cfi=(51)
cfn=(3426) 0x000000000010eba0
calls=1 0 
* 2715
* 2
cfn=(3450)
calls=1 -5 
* 47
* 2

fn=(3452)
364 8
cfi=(287)
cfn=(3454)
calls=1 72 
* 8
* 4

fl=(275)
fn=(2968)
72 48
+11 24
+1 8
+2 20
+1 12
+1 18
+1 18
+1 2
-6 20
+8 16
+2 9
+1 24
+1 15
+4 3
-1 25
+1 24

fn=(2952)
47 40
+5 8
+1 24
+1 32
+1 32
+3 30
+1 24
+1 12
+5 16

fl=(227)
fn=(1528)
327 6
cfn=(1530) __static_initialization_and_destruction_0(int, int)
calls=1 * 
* 656
* 2

fn=(4808) pg::printValue(pg::Value const&)
9 108
+1 48
+2 9
+1 6
+2 5
cob=(2)
cfi=(51)
cfn=(2944) 0x000000000010ee90
calls=1 -15 
* 222
* 6
cob=(2)
cfi=(51)
cfn=(2916) 0x000000000010ee50
calls=1 -15 
* 193
* 5
cob=(2)
cfi=(51)
cfn=(2944)
calls=1 -15 
* 222
+31 1
-27 10
cob=(2)
cfi=(51)
cfn=(2944)
calls=2 -19 
* 438
+27 2
-24 36
+4 36
+12 36
+6 45
cfi=(309) /home/corse/Documents/PgEngine/exemples/PgCompiler/object.h
cfn=(4810) pg::valueToElement(pg::Value const&)
calls=9 227 
* 1817
* 45
cfi=(250)
cfn=(4812) pg::ElementType::toString[abi:cxx11]() const
calls=9 587 
* 2171
* 45
cob=(2)
cfi=(51)
cfn=(2916)
calls=9 -44 
* 1731
* 27
cob=(2)
cfi=(51)
cfn=(2072)
calls=9 -44 
* 72
* 27
cfi=(308)
cfn=(4674)
calls=9 +78 
* 384
+2 81

fn=(4816) pg::(anonymous namespace)::longJumpInstruction(std::__cxx11::basic_string<char, std::char_traits<char>, std::allocator<char> > const&, pg::Chunk const&, int, int)
120 18
+1 14
cfi=(204)
cfn=(4778) std::vector<unsigned char, std::allocator<unsigned char> >::operator[](unsigned long) const
calls=2 1061 
* 22
* 8
+1 14
cfi=(204)
cfn=(4778)
calls=2 1061 
* 22
* 6
-1 2
+2 14
cfi=(204)
cfn=(4778)
calls=2 1061 
* 22
* 6
-1 2
+2 14
cfi=(204)
cfn=(4778)
calls=2 1061 
* 22
* 8
+2 10
cob=(2)
cfi=(51)
cfn=(4782) 0x000000000010eb60
calls=2 0 
* 254
* 6
cfi=(310)
cfn=(4728)
calls=2 226 
* 14
* 6
cob=(2)
cfi=(51)
cfn=(4730) 0x000000000010efa0
calls=2 0 
* 18
* 10
cob=(2)
cfi=(51)
cfn=(2916)
calls=2 0 
* 437
* 10
cob=(2)
cfi=(51)
cfn=(2944)
calls=2 0 
* 444
* 10
cob=(2)
cfi=(51)
cfn=(4734) 0x000000000010f270
calls=2 0 
* 716
* 10
cob=(2)
cfi=(51)
cfn=(2944)
calls=2 0 
* 442
* 20
cob=(2)
cfi=(51)
cfn=(4818) 0x000000000010f080
calls=2 0 
* 2886
* 8
cob=(2)
cfi=(51)
cfn=(2998) 0x000000000010eee0
calls=2 0 
* 630
+2 4
+1 6

fn=(4726) pg::disassembleInstruction(pg::Chunk const&, int)
143 360
+1 72
cfi=(310)
cfn=(4728)
calls=36 +82 
* 252
* 144
cob=(2)
cfi=(51)
cfn=(4730)
calls=36 0 
* 324
* 180
cob=(2)
cfi=(51)
cfn=(4734)
calls=36 0 
* 21067
* 180
cob=(2)
cfi=(51)
cfn=(2944)
calls=36 0 
* 7992
+2 310
cfi=(204)
cfn=(4776) std::vector<int, std::allocator<int> >::operator[](unsigned long) const
calls=34 1061 
* 408
* 306
cfi=(204)
cfn=(4776)
calls=34 1061 
* 408
* 239
+1 145
cob=(2)
cfi=(51)
cfn=(2944)
calls=29 0 
* 6409
* 29
+2 14
cfi=(310)
cfn=(4728)
calls=7 +77 
* 49
* 28
cob=(2)
cfi=(51)
cfn=(4730)
calls=7 0 
* 63
* 56
cfi=(204)
cfn=(4776)
calls=7 1061 
* 84
* 28
cob=(2)
cfi=(51)
cfn=(4734)
calls=7 0 
* 3362
* 35
cob=(2)
cfi=(51)
cfn=(2944)
calls=7 0 
* 1554
+2 216
cfi=(204)
cfn=(4778)
calls=36 1061 
* 396
* 72
+2 360
+3 12
cob=(2)
cfi=(51)
cfn=(1334)
calls=4 0 
* 16
* 24
cfi=(196)
cfn=(1338)
calls=4 533 
* 836
* 20
cfn=(4814) pg::(anonymous namespace)::simpleInstruction(std::__cxx11::basic_string<char, std::char_traits<char>, std::allocator<char> > const&, int)
calls=4 51 
* 2088
* 20
cob=(2)
cfi=(51)
cfn=(2072)
calls=4 0 
* 32
* 12
cob=(2)
cfi=(51)
cfn=(1382)
calls=4 0 
* 16
* 4
+3 33
cob=(2)
cfi=(51)
cfn=(1334)
calls=11 0 
* 44
* 66
cfi=(196)
cfn=(1338)
calls=11 533 
* 2299
* 66
cfn=(4804) pg::(anonymous namespace)::constantInstruction(std::__cxx11::basic_string<char, std::char_traits<char>, std::allocator<char> > const&, pg::Chunk const&, int)
calls=11 57 
* 27547
* 55
cob=(2)
cfi=(51)
cfn=(2072)
calls=11 0 
* 88
* 33
cob=(2)
cfi=(51)
cfn=(1382)
calls=11 0 
* 44
* 11
+9 3
cob=(2)
cfi=(51)
cfn=(1334)
calls=1 0 
* 4
* 6
cfi=(196)
cfn=(1338)
calls=1 533 
* 211
* 5
cfn=(4814)
calls=1 51 
* 524
* 5
cob=(2)
cfi=(51)
cfn=(2072)
calls=1 0 
* 8
* 3
cob=(2)
cfi=(51)
cfn=(1382)
calls=1 0 
* 4
* 1
+3 6
cob=(2)
cfi=(51)
cfn=(1334)
calls=2 0 
* 8
* 12
cfi=(196)
cfn=(1338)
calls=2 533 
* 418
* 10
cfn=(4814)
calls=2 51 
* 1044
* 10
cob=(2)
cfi=(51)
cfn=(2072)
calls=2 0 
* 16
* 6
cob=(2)
cfi=(51)
cfn=(1382)
calls=2 0 
* 8
* 2
+36 3
cob=(2)
cfi=(51)
cfn=(1334)
calls=1 0 
* 4
* 6
cfi=(196)
cfn=(1338)
calls=1 533 
* 211
* 5
cfn=(4814)
calls=1 51 
* 524
* 5
cob=(2)
cfi=(51)
cfn=(2072)
calls=1 0 
* 8
* 3
cob=(2)
cfi=(51)
cfn=(1382)
calls=1 0 
* 4
* 1
+6 6
cob=(2)
cfi=(51)
cfn=(1334)
calls=2 0 
* 8
* 12
cfi=(196)
cfn=(1338)
calls=2 533 
* 422
* 10
cfn=(4814)
calls=2 51 
* 1048
* 10
cob=(2)
cfi=(51)
cfn=(2072)
calls=2 0 
* 16
* 6
cob=(2)
cfi=(51)
cfn=(1382)
calls=2 0 
* 8
* 2
+3 6
cob=(2)
cfi=(51)
cfn=(1334)
calls=2 0 
* 8
* 12
cfi=(196)
cfn=(1338)
calls=2 533 
* 612
* 10
cfn=(4814)
calls=2 51 
* 1040
* 10
cob=(2)
cfi=(51)
cfn=(2072)
calls=2 0 
* 208
* 6
cob=(2)
cfi=(51)
cfn=(1382)
calls=2 0 
* 8
* 2
+3 9
cob=(2)
cfi=(51)
cfn=(1334)
calls=3 0 
* 12
* 18
cfi=(196)
cfn=(1338)
calls=3 533 
* 627
* 15
cfn=(4814)
calls=3 51 
* 1566
* 15
cob=(2)
cfi=(51)
cfn=(2072)
calls=3 0 
* 24
* 9
cob=(2)
cfi=(51)
cfn=(1382)
calls=3 0 
* 12
* 3
+6 12
cob=(2)
cfi=(51)
cfn=(1334)
calls=4 0 
* 16
* 24
cfi=(196)
cfn=(1338)
calls=4 533 
* 836
* 24
cfn=(4780) pg::(anonymous namespace)::byteInstruction(std::__cxx11::basic_string<char, std::char_traits<char>, std::allocator<char> > const&, pg::Chunk const&, int)
calls=4 101 
* 6304
* 20
cob=(2)
cfi=(51)
cfn=(2072)
calls=4 0 
* 32
* 12
cob=(2)
cfi=(51)
cfn=(1382)
calls=4 0 
* 16
* 4
+9 3
cob=(2)
cfi=(51)
cfn=(1334)
calls=1 0 
* 4
* 6
cfi=(196)
cfn=(1338)
calls=1 533 
* 306
* 6
cfn=(4816)
calls=1 120 
* 4118
* 5
cob=(2)
cfi=(51)
cfn=(2072)
calls=1 0 
* 104
* 3
cob=(2)
cfi=(51)
cfn=(1382)
calls=1 0 
* 4
* 1
+6 3
cob=(2)
cfi=(51)
cfn=(1334)
calls=1 0 
* 4
* 6
cfi=(196)
cfn=(1338)
calls=1 533 
* 209
* 6
cfn=(4816)
calls=1 120 
* 2017
* 5
cob=(2)
cfi=(51)
cfn=(2072)
calls=1 0 
* 8
* 3
cob=(2)
cfi=(51)
cfn=(1382)
calls=1 0 
* 4
* 1
+36 9
cob=(2)
cfi=(51)
cfn=(1334)
calls=3 0 
* 12
* 18
cfi=(196)
cfn=(1338)
calls=3 533 
* 633
* 18
cfn=(4780)
calls=3 101 
* 4875
* 15
cob=(2)
cfi=(51)
cfn=(2072)
calls=3 0 
* 24
* 9
cob=(2)
cfi=(51)
cfn=(1382)
calls=3 0 
* 12
* 3
+4 1
+1 8
cfi=(204)
cfn=(4778)
calls=1 1061 
* 11
* 2
+1 5
cob=(2)
cfi=(51)
cfn=(4782)
calls=1 0 
* 127
* 3
cfi=(310)
cfn=(4728)
calls=1 -56 
* 7
* 3
cob=(2)
cfi=(51)
cfn=(4730)
calls=1 0 
* 9
* 5
cob=(2)
cfi=(51)
cfn=(2944)
calls=1 0 
* 302
* 5
cob=(2)
cfi=(51)
cfn=(2944)
calls=1 0 
* 222
* 5
cob=(2)
cfi=(51)
cfn=(4734)
calls=1 0 
* 353
* 5
cob=(2)
cfi=(51)
cfn=(2944)
calls=1 0 
* 224
+1 5
cfi=(204)
cfn=(4640) std::vector<pg::Value, std::allocator<pg::Value> >::size() const
calls=1 918 
* 13
* 4
+6 6
cfi=(204)
cfn=(4806) std::vector<pg::Value, std::allocator<pg::Value> >::operator[](unsigned long) const
calls=1 1061 
* 12
* 1
+1 3
cfn=(4808)
calls=1 9 
* 678
+3 5
cob=(2)
cfi=(51)
cfn=(2944)
calls=1 0 
* 222
* 4
cob=(2)
cfi=(51)
cfn=(2998)
calls=1 0 
* 315
+2 6
cfi=(204)
cfn=(4806)
calls=1 1061 
* 12
* 5
+6 6
cfi=(204)
cfn=(4806)
calls=1 1061 
* 12
* 2
+2 6
+7 2
+16 252

fn=(1530)
327 14
fi=(195)
41 3
cob=(2)
cfi=(51)
cfn=(1334)
calls=1 -41 
* 4
* 7
cfi=(196)
cfn=(1338)
calls=1 533 
* 211
* 3
cob=(2)
cfi=(51)
cfn=(1382)
calls=1 -41 
* 4
* 7
cob=(2)
cfi=(51)
cfn=(1330)
calls=1 -41 
* 77
365 3
cfn=(1386)
calls=1 -47 
* 118
* 7
cob=(2)
cfi=(51)
cfn=(1330)
calls=1 0 
* 77
fi=(181)
74 3
cob=(2)
cfi=(51)
cfn=(830)
calls=1 -74 
* 27
* 7
cob=(2)
cfi=(51)
cfn=(1330)
calls=1 -74 
* 77
fe=(227)
327 7

fn=(4814)
51 90
+1 75
cob=(2)
cfi=(51)
cfn=(2916)
calls=15 -52 
* 2824
* 60
cob=(2)
cfi=(51)
cfn=(2998)
calls=15 -52 
* 4725
+1 30
+1 30

fn=(4724)
133 12
+1 10
cob=(2)
cfi=(51)
cfn=(2944)
calls=2 0 
* 448
* 10
cob=(2)
cfi=(51)
cfn=(2916)
calls=2 0 
* 381
* 10
cob=(2)
cfi=(51)
cfn=(2944)
calls=2 0 
* 448
* 8
cob=(2)
cfi=(51)
cfn=(2998)
calls=2 0 
* 630
+2 4
+2 216
cfn=(4726)
calls=36 +5 
* 109998
* 72
-2 108
cfi=(204)
cfn=(4454)
calls=36 918 
* 432
* 6
cfi=(204)
cfn=(4454)
calls=2 918 
* 24
* 152
+4 8

fn=(4804)
57 88
+1 77
cfi=(204)
cfn=(4778)
calls=11 1061 
* 121
* 22
+2 55
cob=(2)
cfi=(51)
cfn=(4782)
calls=11 -60 
* 1397
* 33
cfi=(310)
cfn=(4728)
calls=11 226 
* 77
* 33
cob=(2)
cfi=(51)
cfn=(4730)
calls=11 -60 
* 99
* 55
cob=(2)
cfi=(51)
cfn=(2916)
calls=11 -60 
* 2871
* 55
cob=(2)
cfi=(51)
cfn=(2944)
calls=11 -60 
* 2442
* 55
cob=(2)
cfi=(51)
cfn=(4734)
calls=11 -60 
* 3853
* 55
cob=(2)
cfi=(51)
cfn=(2944)
calls=11 -60 
* 2464
+2 55
cfi=(204)
cfn=(4640)
calls=11 918 
* 143
* 44
+6 66
cfi=(204)
cfn=(4806)
calls=11 1061 
* 132
* 11
+1 33
cfn=(4808)
calls=11 -60 
* 7150
+3 55
cob=(2)
cfi=(51)
cfn=(2944)
calls=11 -72 
* 2442
* 44
cob=(2)
cfi=(51)
cfn=(2998)
calls=11 -72 
* 3465
+2 22
+1 33

fn=(4780)
101 56
+1 49
cfi=(204)
cfn=(4778)
calls=7 1061 
* 77
* 14
+2 35
cob=(2)
cfi=(51)
cfn=(4782)
calls=7 0 
* 889
* 21
cfi=(310)
cfn=(4728)
calls=7 226 
* 49
* 21
cob=(2)
cfi=(51)
cfn=(4730)
calls=7 0 
* 63
* 35
cob=(2)
cfi=(51)
cfn=(2916)
calls=7 0 
* 1913
* 35
cob=(2)
cfi=(51)
cfn=(2944)
calls=7 0 
* 1568
* 35
cob=(2)
cfi=(51)
cfn=(4734)
calls=7 0 
* 2462
* 35
cob=(2)
cfi=(51)
cfn=(2944)
calls=7 0 
* 1554
* 28
cob=(2)
cfi=(51)
cfn=(2998)
calls=7 0 
* 2205
+2 14
+1 21

fl=(248)
fn=(1824)
152 6
cfn=(1826) __static_initialization_and_destruction_0(int, int)
calls=1 * 
* 814
* 2

fn=(2886) pg::Logger::LogSink::operator<<(pg::Logger::Info const&)
97 90
+1 10
+4 60
cfi=(232)
cfn=(2888)
calls=10 325 
* 650
* 40
cfi=(232)
cfn=(2892)
calls=10 347 
* 530
* 140
cfi=(235)
cfn=(2898)
calls=40 342 
* 1960
* 40
+1 440
cfi=(261)
cfn=(2902) pg::Logger::LogSink::FilterLogLevel::isFiltered(pg::Logger::Info const&) const
calls=40 337 
* 720
* 80
+1 6
-2 18
cfi=(235)
cfn=(2904)
calls=6 350 
* 198
* 102
cfi=(235)
cfn=(2904)
calls=34 350 
* 1122
* 250
cfi=(235)
cfn=(2896)
calls=50 309 
* 650
* 100
+4 20
+1 36
cfn=(2908) pg::TerminalSink::processLog(pg::Logger::Info const&)
calls=4 +17 
* 28221
+1 60

fn=(1826)
152 14
fi=(181)
-78 3
cob=(2)
cfi=(51)
cfn=(830)
calls=1 -74 
* 27
* 7
cob=(2)
cfi=(51)
cfn=(1330)
calls=1 -74 
* 77
fi=(195)
-33 3
cob=(2)
cfi=(51)
cfn=(1334)
calls=1 -41 
* 4
* 7
cfi=(196)
cfn=(1338)
calls=1 533 
* 211
* 3
cob=(2)
cfi=(51)
cfn=(1382)
calls=1 -41 
* 4
* 7
cob=(2)
cfi=(51)
cfn=(1330)
calls=1 -41 
* 77
365 3
cfn=(1386)
calls=1 -47 
* 118
* 7
cob=(2)
cfi=(51)
cfn=(1330)
calls=1 0 
* 77
fi=(207)
670 4
fe=(248)
17 3
cfi=(204)
cfn=(1828) std::vector<std::shared_ptr<pg::Logger::LogSink>, std::allocator<std::shared_ptr<pg::Logger::LogSink> > >::vector()
calls=1 487 
* 67
* 7
cob=(2)
cfi=(51)
cfn=(1330)
calls=1 -17 
* 77
152 7

fn=(2910) pg::(anonymous namespace)::logLevelString(pg::Logger::InfoLevel const&)
32 40
+1 12
cob=(2)
cfi=(51)
cfn=(1334)
calls=4 -33 
* 16
* 24
cfi=(196)
cfn=(1338)
calls=4 533 
* 776
* 12
cob=(2)
cfi=(51)
cfn=(1382)
calls=4 -33 
* 16
+2 48
+15 20
cob=(2)
cfi=(51)
cfn=(2912)
calls=4 -50 
* 444
+1 4
+23 4
+1 28

fn=(2908)
124 40
+1 16
+2 16
+3 24
cfn=(2910)
calls=4 -98 
* 1444
* 20
cob=(2)
cfi=(51)
cfn=(2916)
calls=4 0 
* 3789
* 20
cob=(2)
cfi=(51)
cfn=(2944)
calls=4 0 
* 888
* 24
cob=(2)
cfi=(51)
cfn=(2916)
calls=4 0 
* 757
* 20
cob=(2)
cfi=(51)
cfn=(2944)
calls=4 0 
* 896
* 52
cfn=(2948) pg::(anonymous namespace)::logPositionString(std::__cxx11::basic_string<char, std::char_traits<char>, std::allocator<char> > const&, std::__cxx11::basic_string<char, std::char_traits<char>, std::allocator<char> > const&, std::__cxx11::basic_string<char, std::char_traits<char>, std::allocator<char> > const&, int)
calls=4 -52 
* 6908
* 16
cob=(2)
cfi=(51)
cfn=(2916)
calls=4 0 
* 788
* 20
cob=(2)
cfi=(51)
cfn=(2944)
calls=4 0 
* 888
* 24
cob=(2)
cfi=(51)
cfn=(2916)
calls=4 0 
* 746
* 12
cob=(2)
cfi=(51)
cfn=(2072)
calls=4 0 
* 416
* 12
cob=(2)
cfi=(51)
cfn=(2072)
calls=4 0 
* 32
+3 20
cob=(2)
cfi=(51)
cfn=(2944)
calls=4 0 
* 884
* 16
cob=(2)
cfi=(51)
cfn=(2998)
calls=4 0 
* 9405
+4 28

fn=(2948)
78 52
+1 20
cfi=(196)
cfn=(2950)
calls=4 6661 
* 1750
* 24
cfi=(196)
cfn=(2970)
calls=4 6132 
* 3122
* 24
cfi=(196)
cfn=(2972)
calls=4 6172 
* 604
* 24
cfi=(196)
cfn=(2874)
calls=4 6206 
* 548
* 12
cob=(2)
cfi=(51)
cfn=(2072)
calls=4 -79 
* 32
* 12
cob=(2)
cfi=(51)
cfn=(2072)
calls=4 -79 
* 32
* 12
cob=(2)
cfi=(51)
cfn=(2072)
calls=4 -79 
* 32
+2 20
cob=(2)
cfi=(51)
cfn=(2986) 0x000000000010f020
calls=4 -81 
* 220
+2 20
cfi=(196)
cfn=(2990)
calls=4 6327 
* 308
* 8
+3 4
+1 28

fl=(282)
fn=(3344) pg::TextFile::TextFile()
15 8
cob=(2)
cfi=(51)
cfn=(1400)
calls=1 -15 
* 8
* 4
cob=(2)
cfi=(51)
cfn=(1400)
calls=1 -15 
* 8
* 3

fn=(3690) pg::TextFile::TextFile(pg::TextFile&&)
15 11
cob=(2)
cfi=(51)
cfn=(2870)
calls=1 -15 
* 19
* 7
cob=(2)
cfi=(51)
cfn=(2870)
calls=1 -15 
* 19
* 3

fn=(3692)
15 27
cob=(2)
cfi=(51)
cfn=(2072)
calls=3 -15 
* 120
* 9
cob=(2)
cfi=(51)
cfn=(2072)
calls=3 -15 
* 120
* 9

fl=(201) /usr/include/c++/11/bits/stl_iterator_base_types.h
fn=(4208) std::iterator_traits<std::_Deque_iterator<pg::Token, pg::Token const&, pg::Token const*> >::iterator_category std::__iterator_category<std::_Deque_iterator<pg::Token, pg::Token const&, pg::Token const*> >(std::_Deque_iterator<pg::Token, pg::Token const&, pg::Token const*> const&)
238 4
+1 2

fn=(1358) std::iterator_traits<char const*>::iterator_category std::__iterator_category<char const*>(char const* const&)
238 648
+1 324

fn=(3796) std::iterator_traits<__gnu_cxx::__normal_iterator<char const*, std::__cxx11::basic_string<char, std::char_traits<char>, std::allocator<char> > > >::iterator_category std::__iterator_category<__gnu_cxx::__normal_iterator<char const*, std::__cxx11::basic_string<char, std::char_traits<char>, std::allocator<char> > > >(__gnu_cxx::__normal_iterator<char const*, std::__cxx11::basic_string<char, std::char_traits<char>, std::allocator<char> > > const&)
238 56
+1 28

fn=(2010) std::iterator_traits<char*>::iterator_category std::__iterator_category<char*>(char* const&)
238 1944192
+1 972096

fl=(239)
fn=(1658)
159 280
+3 70
+1 140

fn=(1764)
149 45
+1 27
cfi=(222)
cfn=(1766) std::__detail::_Hash_node_base** std::addressof<std::__detail::_Hash_node_base*>(std::__detail::_Hash_node_base*&)
calls=9 -5 
* 153
* 18

fn=(3110)
159 16
+3 4
+1 8

fn=(2386)
159 4
+3 1
+1 2

fn=(2598)
159 16
+3 4
+1 8

fn=(5208)
149 20
+1 12
cfi=(222)
cfn=(5210) std::__detail::_Hash_node<std::pair<void* const, int>, false>* std::addressof<std::__detail::_Hash_node<std::pair<void* const, int>, false> >(std::__detail::_Hash_node<std::pair<void* const, int>, false>&)
calls=4 -5 
* 68
* 8

fn=(5432)
149 15
+1 9
cfi=(222)
cfn=(5434) std::__detail::_Hash_node<std::pair<std::__cxx11::basic_string<char, std::char_traits<char>, std::allocator<char> > const, pg::Value>, true>* std::addressof<std::__detail::_Hash_node<std::pair<std::__cxx11::basic_string<char, std::char_traits<char>, std::allocator<char> > const, pg::Value>, true> >(std::__detail::_Hash_node<std::pair<std::__cxx11::basic_string<char, std::char_traits<char>, std::allocator<char> > const, pg::Value>, true>&)
calls=3 -5 
* 51
* 6

fn=(5636)
149 350
+1 210
cfi=(222)
cfn=(5638) std::__detail::_Hash_node<std::pair<pg::TokenType const, pg::ParseRule>, false>* std::addressof<std::__detail::_Hash_node<std::pair<pg::TokenType const, pg::ParseRule>, false> >(std::__detail::_Hash_node<std::pair<pg::TokenType const, pg::ParseRule>, false>&)
calls=70 -5 
* 1190
* 140

fn=(1980)
159 72
+3 18
+1 36

fn=(5574)
149 20
+1 12
cfi=(222)
cfn=(5576) std::__detail::_Hash_node<std::pair<std::__cxx11::basic_string<char, std::char_traits<char>, std::allocator<char> > const, pg::Logger::LogSink::Filter*>, true>* std::addressof<std::__detail::_Hash_node<std::pair<std::__cxx11::basic_string<char, std::char_traits<char>, std::allocator<char> > const, pg::Logger::LogSink::Filter*>, true> >(std::__detail::_Hash_node<std::pair<std::__cxx11::basic_string<char, std::char_traits<char>, std::allocator<char> > const, pg::Logger::LogSink::Filter*>, true>&)
calls=4 -5 
* 68
* 8

fn=(1704)
159 36
+3 9
+1 18

fn=(3204)
159 12
+3 3
+1 6

fn=(5516)
149 90
+1 54
cfi=(222)
cfn=(5518) std::__detail::_Hash_node<std::pair<std::__cxx11::basic_string<char, std::char_traits<char>, std::allocator<char> > const, pg::TokenType>, true>* std::addressof<std::__detail::_Hash_node<std::pair<std::__cxx11::basic_string<char, std::char_traits<char>, std::allocator<char> > const, pg::TokenType>, true> >(std::__detail::_Hash_node<std::pair<std::__cxx11::basic_string<char, std::char_traits<char>, std::allocator<char> > const, pg::TokenType>, true>&)
calls=18 -5 
* 306
* 36

fl=(200)
fn=(4210) std::iterator_traits<std::_Deque_iterator<pg::Token, pg::Token const&, pg::Token const*> >::difference_type std::__distance<std::_Deque_iterator<pg::Token, pg::Token const&, pg::Token const*> >(std::_Deque_iterator<pg::Token, pg::Token const&, pg::Token const*>, std::_Deque_iterator<pg::Token, pg::Token const&, pg::Token const*>, std::random_access_iterator_tag)
98 6
+6 5
cfi=(280)
cfn=(4212) std::operator-(std::_Deque_iterator<pg::Token, pg::Token const&, pg::Token const*> const&, std::_Deque_iterator<pg::Token, pg::Token const&, pg::Token const*> const&)
calls=1 353 
* 68
+1 2

fn=(4206)
138 9
+4 3
cfi=(201)
cfn=(4208)
calls=1 +96 
* 6
-1 5
cfi=(280)
cfn=(4032)
calls=1 +27 
* 24
* 5
cfi=(280)
cfn=(4032)
calls=1 +27 
* 24
* 5
cfn=(4210)
calls=1 -43 
* 81
+2 5

fn=(1356) std::iterator_traits<char const*>::difference_type std::distance<char const*>(char const*, char const*)
138 972
+4 486
cfi=(201)
cfn=(1358)
calls=162 +96 
* 972
-1 810
cfn=(1360) std::iterator_traits<char const*>::difference_type std::__distance<char const*>(char const*, char const*, std::random_access_iterator_tag)
calls=162 -43 
* 1458
+2 324

fn=(2008) std::iterator_traits<char*>::difference_type std::distance<char*>(char*, char*)
138 2916288
+4 1458144
cfi=(201)
cfn=(2010)
calls=486048 +96 
* 2916288
-1 2430240
cfn=(2012) std::iterator_traits<char*>::difference_type std::__distance<char*>(char*, char*, std::random_access_iterator_tag)
calls=486048 -43 
* 4374432
+2 972096

fn=(2012)
98 2430240
+6 972096
+1 972096

fn=(1360)
98 810
+6 324
+1 324

fl=(228)
fn=(5002) pg::VM::call(pg::Closure*, int)
1246 2670646
+1 1456716
+7 971144
+7 3156218
+2 728358
+1 971144
cfi=(204)
cfn=(5004)
calls=242786 -96 
* 5098506
* 485572
+1 971144
cfi=(273)
cfn=(5008)
calls=242786 151 
* 4127362
* 1213930
cfi=(273)
cfn=(5010)
calls=242786 148 
* 1942288
* 1699502
+2 242786
+1 1456716

fn=(1532)
1520 6
cfn=(1534) __static_initialization_and_destruction_0(int, int)
calls=1 * 
* 656
* 2

fn=(5184) pg::VM::closeUpvalues(pg::Value*)
1203 1699502
+1 1213930
+7 971144

fn=(5186) pg::VM::addValues(pg::Value const&, pg::Value const&)
1326 1578096
+2 971136
+1 849744
cfi=(309)
cfn=(4614) pg::makeIntValue(long)
calls=121392 111 
* 2792016
* 728352
+27 1699488

fn=(5218) pg::VM::deleteValue(pg::Value const&)
1293 18
+2 36
+8 24
cfi=(309)
cfn=(5220) pg::Closure::~Closure()
calls=2 21 
* 288
* 10
cob=(2)
cfi=(51)
cfn=(1774) 0x000000000010eeb0
calls=2 0 
* 198
+1 2
+5 13
cob=(2)
cfi=(51)
cfn=(1774)
calls=1 0 
* 99
+1 1
-6 4
+6 1
+5 9

fn=(5030) pg::VM::run()
93 13
+2 12
+2 6
cfi=(204)
cfn=(5032) std::vector<unsigned char, std::allocator<unsigned char> >::empty() const
calls=1 1007 
* 123
* 2
+4 3
cfi=(273)
cfn=(5044)
calls=1 286 
* 46
+5 12624840
cfi=(273)
cfn=(5046)
calls=3156210 280 
* 129404610
* 6312420
+18 9468630
cfi=(273)
cfn=(5048)
calls=3156210 275 
* 37874520
* 3156210
+1 6312420
+3 31562100
+10 728358
cfi=(273)
cfn=(4996)
calls=242786 +89 
* 16995020
* 971144
+1 1699502
cfn=(5184)
calls=242786 1203 
* 3884576
+1 1213930
+2 971144
+2 5
cfn=(5116)
calls=1 1319 
* 59
+2 3
cfi=(273)
cfn=(4996)
calls=1 +81 
* 70
* 4
+1 5
cfn=(5116)
calls=1 1319 
* 2177
+2 2
+4 728355
+1 2913420
+1 728355
cfi=(273)
cfn=(5044)
calls=242785 286 
* 11168110
+2 242785
+2 971140
cfi=(273)
cfn=(4998)
calls=242785 -50 
* 12624820
* 971140
+1 1213925
cfn=(5116)
calls=242785 1319 
* 8740260
-3 1942280
cfi=(273)
cfn=(5008)
calls=485570 -6 
* 8254690
* 2427850
cfi=(273)
cfn=(5010)
calls=485570 -9 
* 3884560
* 3884560
+6 1213925
cfi=(273)
cfn=(5066)
calls=242785 462 
* 6555195
* 2185065
cfi=(273)
cfn=(4972)
calls=242785 +49 
* 13595960
+1 1213925
cfn=(5116)
calls=242785 1319 
* 8740260
* 242785
+6 2185074
cfn=(5050) pg::VM::readConstant()
calls=728358 1049 
* 44429838
* 2913432
+1 3641790
cfi=(273)
cfn=(4972)
calls=728358 +41 
* 40788048
+1 728358
+25 364176
cfi=(273)
cfn=(4996)
calls=121392 +30 
* 8497440
* 485568
+1 364176
cfi=(273)
cfn=(4996)
calls=121392 +29 
* 8497440
* 485568
+1 728352
cfn=(5186)
calls=121392 1326 
* 8618832
* 1092528
cfi=(273)
cfn=(4972)
calls=121392 +13 
* 6797952
+1 606960
cfn=(5116)
calls=121392 1319 
* 4370112
+1 606960
cfn=(5116)
calls=121392 1319 
* 4370112
+1 121392
+5 728352
cfi=(273)
cfn=(4996)
calls=242784 +20 
* 16994880
* 971136
+1 728352
cfi=(273)
cfn=(4996)
calls=242784 +19 
* 16994880
* 971136
+1 1456704
cfn=(5182) pg::VM::subtractValues(pg::Value const&, pg::Value const&)
calls=242784 1359 
* 17480448
* 2185056
cfi=(273)
cfn=(4972)
calls=242784 +3 
* 13595904
+1 1213920
cfn=(5116)
calls=242784 1319 
* 8740224
+1 1213920
cfn=(5116)
calls=242784 1319 
* 8740224
+1 242784
321 728355
cfi=(273)
cfn=(5172)
calls=242785 * 
* 1699495
* 728355
cfi=(273)
cfn=(4996)
calls=242785 -94 
* 16994950
* 1699495
cfi=(273)
cfn=(4996)
calls=242785 -94 
* 16994950
* 2427850
cfn=(5174) pg::VM::lessValues(pg::Value const&, pg::Value const&)
calls=242785 1493 
* 17966090
* 2185065
cfi=(273)
cfn=(4972)
calls=242785 212 
* 13595960
* 1213925
cfn=(5116)
calls=242785 1319 
* 8740260
* 1213925
cfn=(5116)
calls=242785 1319 
* 8740260
* 242785
+13 728355
cfi=(273)
cfn=(4996)
calls=242785 227 
* 16994950
* 971140
+1 1213925
cfn=(5116)
calls=242785 1319 
* 9711400
+2 242785
+11 6
cfi=(273)
cfn=(4996)
calls=2 227 
* 140
* 8
+1 10
cfi=(309)
cfn=(4810)
calls=2 227 
* 554
+1 6
cfi=(273)
cfn=(4996)
calls=2 227 
* 140
* 8
+2 6
cfi=(308)
cfn=(5064)
calls=2 -69 
* 20
* 6
+7 10
cfi=(273)
cfn=(5066)
calls=2 462 
* 486
* 24
cfi=(250)
cfn=(4812)
calls=2 587 
* 448
* 8
cfi=(232)
cfn=(5070)
calls=2 983 
* 2644
* 10
cob=(2)
cfi=(51)
cfn=(2072)
calls=2 0 
* 16
+1 10
cfn=(5116)
calls=2 1319 
* 1459
+1 10
cfn=(5116)
calls=2 1319 
* 652
+1 2
+1 6
cfi=(308)
cfn=(4674)
calls=2 122 
* 96
* 4
+10 728355
cfi=(273)
cfn=(4996)
calls=242785 227 
* 16994950
* 971140
+1 1213925
cfi=(309)
cfn=(4810)
calls=242785 227 
* 67251445
+2 728355
cfi=(308)
cfn=(5064)
calls=242785 -93 
* 2427850
* 728355
+6 1699495
cfi=(250)
cfn=(4812)
calls=242785 587 
* 54383840
* 971140
cfi=(232)
cfn=(5130)
calls=242785 868 
* 141058085
* 971140
cob=(2)
cfi=(51)
cfn=(2072)
calls=242785 0 
* 1942280
+1 971140
cfi=(232)
cfn=(5156)
calls=242785 -36 
* 12867605
* 1456710
cfi=(235)
cfn=(5160)
calls=242785 -80 
* 3156205
* 485570
+6 728355
cfi=(235)
cfn=(3250)
calls=242785 -43 
* 9468615
* 1213925
cfi=(273)
cfn=(4972)
calls=242785 212 
* 13595960
+1 1213925
cfn=(5116)
calls=242785 1319 
* 85217535
+1 242785
+1 728355
cfi=(308)
cfn=(4674)
calls=242785 122 
* 11653680
* 485570
+39 1820886
cfi=(273)
cfn=(5048)
calls=606962 275 
* 7283544
* 606962
+2 1213924
+5 6069620
cfi=(273)
cfn=(5066)
calls=606962 +24 
* 16387974
* 5462658
cfi=(273)
cfn=(4972)
calls=606962 212 
* 33989872
+1 606962
+64 728355
cfi=(273)
cfn=(5178)
calls=242785 259 
* 19180015
* 242785
+7 971140
cfi=(273)
cfn=(5162)
calls=242785 236 
* 12382035
* 971140
+2 728355
cfi=(273)
cfn=(5180)
calls=242785 42 
* 3398990
* 728355
+2 971136
+1 485568
cfi=(273)
cfn=(5046)
calls=121392 280 
* 4977072
* 242784
945 728355
cfi=(273)
cfn=(5048)
calls=242785 275 
* 2913420
* 485570
+3 1456710
cfi=(273)
cfn=(5162)
calls=242785 236 
* 12382035
* 971140
+2 1456710
cfn=(5168) pg::VM::callValue(pg::Value const&, int)
calls=242785 1214 
* 35446610
* 728355
+6 971140
+2 1456710
cfi=(273)
cfn=(5010)
calls=242785 148 
* 1942280
* 2427850
cfi=(273)
cfn=(5170)
calls=242785 130 
* 5341270
* 1699495
cfi=(273)
cfn=(5010)
calls=242785 148 
* 1942280
* 2670635
cfi=(273)
cfn=(5170)
calls=242785 130 
* 5341270
* 1213925
-2 1213925
+4 971140
cfi=(273)
cfn=(4998)
calls=242785 109 
* 12624820
* 1213925
+3 971140
cfi=(273)
cfn=(5008)
calls=242785 151 
* 4127345
* 1213925
cfi=(273)
cfn=(5010)
calls=242785 148 
* 1942280
* 4370130
+2 2913420
+1 728355
cfi=(273)
cfn=(5044)
calls=242785 286 
* 11168110
* 242785
+6 3
cfn=(5050)
calls=1 +77 
* 61
* 4
+1 3
+5 2
+1 2
cob=(2)
cfi=(51)
cfn=(1486)
calls=1 0 
* 467
* 5
cfi=(230)
cfn=(4978) pg::Closure::Closure(pg::ObjFunction*)
calls=1 7 
* 142
* 1
+1 3
cfi=(309)
cfn=(5000) pg::makeClosureValue(pg::Closure*)
calls=1 143 
* 23
* 9
cfi=(273)
cfn=(3066)
calls=1 517 
* 1482
* 9
cfi=(273)
cfn=(4972)
calls=1 212 
* 56
+2 6
+13 1
521 485570
1043 1942282
+3 12

fn=(5050)
1049 6555231
+1 2185077
cfi=(273)
cfn=(5048)
calls=728359 275 
* 8740308
* 728359
+9 6555231
cfi=(204)
cfn=(5052) std::vector<pg::Value, std::allocator<pg::Value> >::operator[](unsigned long)
calls=728359 -16 
* 8740308
* 2913436
+3 2913436
+1 5098513

fn=(5168)
1214 2913420
+1 1456710
+3 1699495
cfn=(5002)
calls=242785 +28 
* 27191920
* 242785
+25 1942280

fn=(1534)
1520 14
fi=(195)
41 3
cob=(2)
cfi=(51)
cfn=(1334)
calls=1 -41 
* 4
* 7
cfi=(196)
cfn=(1338)
calls=1 533 
* 211
* 3
cob=(2)
cfi=(51)
cfn=(1382)
calls=1 -41 
* 4
* 7
cob=(2)
cfi=(51)
cfn=(1330)
calls=1 -41 
* 77
365 3
cfn=(1386)
calls=1 -47 
* 118
* 7
cob=(2)
cfi=(51)
cfn=(1330)
calls=1 0 
* 77
fi=(181)
74 3
cob=(2)
cfi=(51)
cfn=(830)
calls=1 -74 
* 27
* 7
cob=(2)
cfi=(51)
cfn=(1330)
calls=1 -74 
* 77
fe=(228)
1520 7

fn=(4076) pg::VM::interpret(std::queue<pg::Token, std::deque<pg::Token, std::allocator<pg::Token> > > const&)
14 11
+3 3
cfi=(303)
cfn=(4078)
calls=1 +18 
* 1454
+2 1
cob=(2)
cfi=(51)
cfn=(4106) 0x000000000010f070
calls=1 -19 
* 881
* 1
+2 5
cfi=(279)
cfn=(4002)
calls=1 +75 
* 20957
* 5
cfi=(229)
cfn=(4116)
calls=1 -9 
* 335886
* 4
cfi=(279)
cfn=(4228)
calls=1 +75 
* 5443
+2 2
+3 3
cfi=(309)
cfn=(4722) pg::makeFuncValue(pg::ObjFunction*)
calls=1 127 
* 23
* 9
cfi=(273)
cfn=(3066)
calls=1 517 
* 1309
* 9
cfi=(273)
cfn=(4972)
calls=1 212 
* 56
+1 2
cob=(2)
cfi=(51)
cfn=(1486)
calls=1 -27 
* 59
* 5
cfi=(230)
cfn=(4978)
calls=1 -20 
* 142
* 1
+1 3
cfi=(273)
cfn=(4996)
calls=1 227 
* 70
* 3
+1 3
cfi=(309)
cfn=(5000)
calls=1 143 
* 23
* 9
cfi=(273)
cfn=(3066)
calls=1 517 
* 1309
* 9
cfi=(273)
cfn=(4972)
calls=1 212 
* 56
+1 6
cfn=(5002)
calls=1 1246 
* 112
+2 1
cob=(2)
cfi=(51)
cfn=(4106)
calls=1 -32 
* 30
* 1
+3 5
cob=(2)
cfi=(51)
cfn=(2944)
calls=1 -35 
* 217
* 1
+1 5
cfi=(311)
cfn=(5012)
calls=1 1042 
* 110
* 4
cfi=(311)
cfn=(5022)
calls=1 267 
* 53
* 4
cfi=(311)
cfn=(5018)
calls=1 537 
* 8
* 3
cob=(2)
cfi=(51)
cfn=(5026) 0x000000000010f2e0
calls=1 -36 
* 436
* 1
+1 4
cob=(2)
cfi=(51)
cfn=(2944)
calls=1 -37 
* 224
+1 4
cob=(2)
cfi=(51)
cfn=(2998)
calls=1 -38 
* 315
+33 1
cob=(2)
cfi=(51)
cfn=(4106)
calls=1 -71 
* 30
* 1
+1 3
cfn=(5030)
calls=1 +21 
* 1398332036
* 1
+1 1
cob=(2)
cfi=(51)
cfn=(4106)
calls=1 -73 
* 30
* 1
+3 5
cob=(2)
cfi=(51)
cfn=(2944)
calls=1 -76 
* 217
* 1
+1 5
cfi=(311)
cfn=(5012)
calls=1 1042 
* 110
* 4
cfi=(311)
cfn=(5022)
calls=1 267 
* 53
* 4
cfi=(311)
cfn=(5018)
calls=1 537 
* 8
* 3
cob=(2)
cfi=(51)
cfn=(5026)
calls=1 -77 
* 464
* 1
+1 4
cob=(2)
cfi=(51)
cfn=(2944)
calls=1 -78 
* 224
+1 4
cob=(2)
cfi=(51)
cfn=(2998)
calls=1 -79 
* 315
+2 1
+9 3
cfi=(303)
cfn=(4902)
calls=1 -54 
* 5792
* 9

fn=(5174)
1493 3156205
+1 1942280
+1 2185065
cfi=(309)
cfn=(5176) pg::makeBoolValue(bool)
calls=242785 103 
* 5826840
* 1456710
+9 3398990

fn=(5116)
1319 13110426
+1 10925355
cfi=(273)
cfn=(5118)
calls=2185071 486 
* 121156501
* 4370142
+1 15
cfn=(5218)
calls=3 -28 
* 703
+2 6555213

fn=(5182)
1359 3156192
+2 1942272
+1 1942272
cfi=(309)
cfn=(4614)
calls=242784 111 
* 5584032
* 1456704
+25 3398976

fl=(306)
fn=(4122) pg::Chunk::Chunk()
68 16
cfi=(204)
cfn=(4124) std::vector<unsigned char, std::allocator<unsigned char> >::vector()
calls=2 487 
* 134
* 8
cfi=(204)
cfn=(4136) std::vector<pg::Value, std::allocator<pg::Value> >::vector()
calls=2 487 
* 134
* 8
cfi=(204)
cfn=(4148) std::vector<int, std::allocator<int> >::vector()
calls=2 487 
* 134
* 6

fn=(4616) pg::Chunk::addConstant(pg::Value const&, int)
88 132
+2 66
cfi=(204)
cfn=(4618) std::vector<pg::Value, std::allocator<pg::Value> >::push_back(pg::Value const&)
calls=11 1187 
* 8147
+1 44
cfi=(204)
cfn=(4640)
calls=11 918 
* 143
* 22
+4 22
+7 22
+7 77
cfn=(4424)
calls=11 +34 
* 10345
+1 77
cfn=(4550)
calls=11 +41 
* 4591
+3 33
cfi=(204)
cfn=(4454)
calls=11 918 
* 132
* 11
+1 88

fn=(5246) pg::Chunk::~Chunk()
77 16
+2 12
cfi=(204)
cfn=(4642) std::vector<pg::Value, std::allocator<pg::Value> >::begin()
calls=2 811 
* 62
* 8
cfi=(204)
cfn=(4620) std::vector<pg::Value, std::allocator<pg::Value> >::end()
calls=2 829 
* 64
* 40
cfi=(225)
cfn=(5250) __gnu_cxx::__normal_iterator<pg::Value*, std::vector<pg::Value, std::allocator<pg::Value> > >::operator*() const
calls=12 1042 
* 96
* 12
+2 68
+2 40
cfi=(308)
cfn=(4674)
calls=5 +39 
* 240
* 25
cob=(2)
cfi=(51)
cfn=(1774)
calls=5 -83 
* 495
-4 36
cfi=(225)
cfn=(5252) __gnu_cxx::__normal_iterator<pg::Value*, std::vector<pg::Value, std::allocator<pg::Value> > >::operator++()
calls=12 1052 
* 144
* 70
cfi=(225)
cfn=(5248) bool __gnu_cxx::operator!=<pg::Value*, std::vector<pg::Value, std::allocator<pg::Value> > >(__gnu_cxx::__normal_iterator<pg::Value*, std::vector<pg::Value, std::allocator<pg::Value> > > const&, __gnu_cxx::__normal_iterator<pg::Value*, std::vector<pg::Value, std::allocator<pg::Value> > > const&)
calls=14 1179 
* 476
* 28
+7 8
cfi=(204)
cfn=(5254) std::vector<int, std::allocator<int> >::~vector()
calls=2 678 
* 536
* 8
cfi=(204)
cfn=(5270) std::vector<pg::Value, std::allocator<pg::Value> >::~vector()
calls=2 678 
* 538
* 6
cfi=(204)
cfn=(5286) std::vector<unsigned char, std::allocator<unsigned char> >::~vector()
calls=2 678 
* 532
* 12

fn=(4604)
116 90
+2 27
cfi=(309)
cfn=(4606) pg::elementToValue(pg::ElementType const&)
calls=9 +60 
* 2794
* 90
cfn=(4616)
calls=9 -30 
* 20236
+1 45

fn=(5244) pg::ObjFunction::~ObjFunction()
230 18
cob=(2)
cfi=(51)
cfn=(2072)
calls=2 0 
* 16
* 6
cfn=(5246)
calls=2 77 
* 3572
* 6

fn=(4120)
230 16
cfn=(4122)
calls=2 68 
* 440
* 8
cob=(2)
cfi=(51)
cfn=(1400)
calls=2 0 
* 16
* 10

fn=(4424)
143 360
+2 288
cfi=(204)
cfn=(4426) std::vector<unsigned char, std::allocator<unsigned char> >::push_back(unsigned char&&)
calls=36 1203 
* 16311
+1 216
cfi=(204)
cfn=(4492) std::vector<int, std::allocator<int> >::push_back(int const&)
calls=36 1187 
* 11622
+2 108
cfi=(204)
cfn=(4454)
calls=36 918 
* 432
* 36
+1 180

fn=(4720)
121 20
+2 6
cfi=(309)
cfn=(4722)
calls=2 +4 
* 46
* 20
cfn=(4616)
calls=2 -35 
* 3716
+1 10

fn=(4898)
138 9
+2 3
cfi=(309)
cfn=(4722)
calls=1 -13 
* 23
* 9
cfn=(4900) pg::Chunk::addConstantIndex(pg::Value const&)
calls=1 -13 
* 1017
+1 5

fn=(4900)
127 8
+2 6
cfi=(204)
cfn=(4618)
calls=1 1187 
* 975
+1 4
cfi=(204)
cfn=(4640)
calls=1 918 
* 13
* 2
+1 2
+4 2
+1 5

fn=(4550)
151 216
+2 135
cfi=(204)
cfn=(4552) std::vector<unsigned char, std::allocator<unsigned char> >::push_back(unsigned char const&)
calls=27 1187 
* 8008
+1 162
cfi=(204)
cfn=(4492)
calls=27 1187 
* 7747
+2 81
cfi=(204)
cfn=(4454)
calls=27 918 
* 324
* 27
+1 54

fl=(270) /usr/include/c++/11/bits/vector.tcc
fn=(4322) pg::Local& std::vector<pg::Local, std::allocator<pg::Local> >::emplace_back<pg::Local>(pg::Local&&)
109 7
+3 6
+9 3
cfi=(222)
cfn=(4324)
calls=1 -44 
* 7
* 4
cfi=(204)
cfn=(4326) std::vector<pg::Local, std::allocator<pg::Local> >::end()
calls=1 829 
* 32
* 6
cfn=(4330) void std::vector<pg::Local, std::allocator<pg::Local> >::_M_realloc_insert<pg::Local>(__gnu_cxx::__normal_iterator<pg::Local*, std::vector<pg::Local, std::allocator<pg::Local> > >, pg::Local&&)
calls=1 426 
* 1127
+2 3
cfi=(204)
cfn=(4386) std::vector<pg::Local, std::allocator<pg::Local> >::back()
calls=1 1143 
* 104
+2 3

fn=(4438) void std::vector<unsigned char, std::allocator<unsigned char> >::_M_realloc_insert<unsigned char>(__gnu_cxx::__normal_iterator<unsigned char*, std::vector<unsigned char, std::allocator<unsigned char> > >, unsigned char&&)
426 88
+10 40
cfi=(204)
cfn=(4440) std::vector<unsigned char, std::allocator<unsigned char> >::_M_check_len(unsigned long, char const*) const
calls=8 1756 
* 2322
* 8
+1 24
+1 24
+1 24
cfi=(204)
cfn=(4456) std::vector<unsigned char, std::allocator<unsigned char> >::begin()
calls=8 811 
* 248
* 48
cfi=(225)
cfn=(4458) __gnu_cxx::__normal_iterator<unsigned char*, std::vector<unsigned char, std::allocator<unsigned char> > >::difference_type __gnu_cxx::operator-<unsigned char*, std::vector<unsigned char, std::allocator<unsigned char> > >(__gnu_cxx::__normal_iterator<unsigned char*, std::vector<unsigned char, std::allocator<unsigned char> > > const&, __gnu_cxx::__normal_iterator<unsigned char*, std::vector<unsigned char, std::allocator<unsigned char> > > const&)
calls=8 1268 
* 272
* 8
+1 40
cfi=(204)
cfn=(4462) std::_Vector_base<unsigned char, std::allocator<unsigned char> >::_M_allocate(unsigned long)
calls=8 -97 
* 1084
* 8
+1 16
+8 24
cfi=(222)
cfn=(4432)
calls=8 77 
* 56
* 64
cfi=(219)
cfn=(4468)
calls=8 +62 
* 496
+7 8
+6 24
cfi=(204)
cfn=(4472) std::_Vector_base<unsigned char, std::allocator<unsigned char> >::_M_get_Tp_allocator()
calls=8 276 
* 56
* 8
-1 24
cfi=(225)
cfn=(4460) __gnu_cxx::__normal_iterator<unsigned char*, std::vector<unsigned char, std::allocator<unsigned char> > >::base() const
calls=8 1105 
* 56
* 48
cfi=(204)
cfn=(4474) std::vector<unsigned char, std::allocator<unsigned char> >::_S_relocate(unsigned char*, unsigned char*, unsigned char*, std::allocator<unsigned char>&)
calls=8 +4 
* 963
* 8
+3 8
+3 24
cfi=(204)
cfn=(4472)
calls=8 276 
* 56
* 8
-1 24
cfi=(225)
cfn=(4460)
calls=8 1105 
* 56
* 48
cfi=(204)
cfn=(4474)
calls=8 -1 
* 824
* 8
+34 8
+1 24
-1 32
cfi=(204)
cfn=(4484) std::_Vector_base<unsigned char, std::allocator<unsigned char> >::_M_deallocate(unsigned char*, unsigned long)
calls=8 350 
* 906
+2 24
+1 24
+1 40
+1 56

fn=(4554) void std::vector<unsigned char, std::allocator<unsigned char> >::_M_realloc_insert<unsigned char const&>(__gnu_cxx::__normal_iterator<unsigned char*, std::vector<unsigned char, std::allocator<unsigned char> > >, unsigned char const&)
426 55
+10 25
cfi=(204)
cfn=(4440)
calls=5 1756 
* 1450
* 5
+1 15
+1 15
+1 15
cfi=(204)
cfn=(4456)
calls=5 811 
* 155
* 30
cfi=(225)
cfn=(4458)
calls=5 1268 
* 170
* 5
+1 25
cfi=(204)
cfn=(4462)
calls=5 -97 
* 1076
* 5
+1 10
+8 15
cfi=(222)
cfn=(4556)
calls=5 77 
* 35
* 40
cfi=(219)
cfn=(4558)
calls=5 +62 
* 310
+7 5
+6 15
cfi=(204)
cfn=(4472)
calls=5 276 
* 35
* 5
-1 15
cfi=(225)
cfn=(4460)
calls=5 1105 
* 35
* 30
cfi=(204)
cfn=(4474)
calls=5 +4 
* 622
* 5
+3 5
+3 15
cfi=(204)
cfn=(4472)
calls=5 276 
* 35
* 5
-1 15
cfi=(225)
cfn=(4460)
calls=5 1105 
* 35
* 30
cfi=(204)
cfn=(4474)
calls=5 -1 
* 515
* 5
+34 5
+1 15
-1 20
cfi=(204)
cfn=(4484)
calls=5 350 
* 735
+2 15
+1 15
+1 25
+1 35

fn=(4848) void std::vector<pg::ObjFunction*, std::allocator<pg::ObjFunction*> >::_M_realloc_insert<pg::ObjFunction* const&>(__gnu_cxx::__normal_iterator<pg::ObjFunction**, std::vector<pg::ObjFunction*, std::allocator<pg::ObjFunction*> > >, pg::ObjFunction* const&)
426 22
+10 10
cfi=(204)
cfn=(4850) std::vector<pg::ObjFunction*, std::allocator<pg::ObjFunction*> >::_M_check_len(unsigned long, char const*) const
calls=2 1756 
* 589
* 2
+1 6
+1 6
+1 6
cfi=(204)
cfn=(4866) std::vector<pg::ObjFunction*, std::allocator<pg::ObjFunction*> >::begin()
calls=2 811 
* 62
* 12
cfi=(225)
cfn=(4868) __gnu_cxx::__normal_iterator<pg::ObjFunction**, std::vector<pg::ObjFunction*, std::allocator<pg::ObjFunction*> > >::difference_type __gnu_cxx::operator-<pg::ObjFunction**, std::vector<pg::ObjFunction*, std::allocator<pg::ObjFunction*> > >(__gnu_cxx::__normal_iterator<pg::ObjFunction**, std::vector<pg::ObjFunction*, std::allocator<pg::ObjFunction*> > > const&, __gnu_cxx::__normal_iterator<pg::ObjFunction**, std::vector<pg::ObjFunction*, std::allocator<pg::ObjFunction*> > > const&)
calls=2 1268 
* 70
* 2
+1 10
cfi=(204)
cfn=(4872) std::_Vector_base<pg::ObjFunction*, std::allocator<pg::ObjFunction*> >::_M_allocate(unsigned long)
calls=2 -97 
* 236
* 2
+1 4
+8 6
cfi=(222)
cfn=(4878)
calls=2 77 
* 14
* 2
+1 4
-1 12
cfi=(219)
cfn=(4880)
calls=2 +62 
* 124
+7 2
+6 6
cfi=(204)
cfn=(4884) std::_Vector_base<pg::ObjFunction*, std::allocator<pg::ObjFunction*> >::_M_get_Tp_allocator()
calls=2 276 
* 14
* 2
-1 6
cfi=(225)
cfn=(4870) __gnu_cxx::__normal_iterator<pg::ObjFunction**, std::vector<pg::ObjFunction*, std::allocator<pg::ObjFunction*> > >::base() const
calls=2 1105 
* 14
* 12
cfi=(204)
cfn=(4886) std::vector<pg::ObjFunction*, std::allocator<pg::ObjFunction*> >::_S_relocate(pg::ObjFunction**, pg::ObjFunction**, pg::ObjFunction**, std::allocator<pg::ObjFunction*>&)
calls=2 +4 
* 232
* 2
+3 2
+3 6
cfi=(204)
cfn=(4884)
calls=2 276 
* 14
* 2
-1 6
cfi=(225)
cfn=(4870)
calls=2 1105 
* 14
* 12
cfi=(204)
cfn=(4886)
calls=2 -1 
* 210
* 2
+34 2
+1 8
-1 8
cfi=(204)
cfn=(4896) std::_Vector_base<pg::ObjFunction*, std::allocator<pg::ObjFunction*> >::_M_deallocate(pg::ObjFunction**, unsigned long)
calls=2 350 
* 160
+2 6
+1 6
+1 12
+1 14

fn=(2470) void std::vector<std::shared_ptr<pg::Logger::LogSink>, std::allocator<std::shared_ptr<pg::Logger::LogSink> > >::_M_realloc_insert<std::shared_ptr<pg::Logger::LogSink> const&>(__gnu_cxx::__normal_iterator<std::shared_ptr<pg::Logger::LogSink>*, std::vector<std::shared_ptr<pg::Logger::LogSink>, std::allocator<std::shared_ptr<pg::Logger::LogSink> > > >, std::shared_ptr<pg::Logger::LogSink> const&)
426 11
+10 5
cfi=(204)
cfn=(2472) std::vector<std::shared_ptr<pg::Logger::LogSink>, std::allocator<std::shared_ptr<pg::Logger::LogSink> > >::_M_check_len(unsigned long, char const*) const
calls=1 1756 
* 295
* 1
+1 3
+1 3
+1 3
cfi=(204)
cfn=(2490) std::vector<std::shared_ptr<pg::Logger::LogSink>, std::allocator<std::shared_ptr<pg::Logger::LogSink> > >::begin()
calls=1 811 
* 31
* 6
cfi=(225)
cfn=(2492) __gnu_cxx::__normal_iterator<std::shared_ptr<pg::Logger::LogSink>*, std::vector<std::shared_ptr<pg::Logger::LogSink>, std::allocator<std::shared_ptr<pg::Logger::LogSink> > > >::difference_type __gnu_cxx::operator-<std::shared_ptr<pg::Logger::LogSink>*, std::vector<std::shared_ptr<pg::Logger::LogSink>, std::allocator<std::shared_ptr<pg::Logger::LogSink> > > >(__gnu_cxx::__normal_iterator<std::shared_ptr<pg::Logger::LogSink>*, std::vector<std::shared_ptr<pg::Logger::LogSink>, std::allocator<std::shared_ptr<pg::Logger::LogSink> > > > const&, __gnu_cxx::__normal_iterator<std::shared_ptr<pg::Logger::LogSink>*, std::vector<std::shared_ptr<pg::Logger::LogSink>, std::allocator<std::shared_ptr<pg::Logger::LogSink> > > > const&)
calls=1 1268 
* 35
* 1
+1 5
cfi=(204)
cfn=(2496) std::_Vector_base<std::shared_ptr<pg::Logger::LogSink>, std::allocator<std::shared_ptr<pg::Logger::LogSink> > >::_M_allocate(unsigned long)
calls=1 -97 
* 264
* 1
+1 2
+8 3
cfi=(222)
cfn=(2502)
calls=1 77 
* 7
* 1
+1 3
-1 6
cfi=(219)
cfn=(2504)
calls=1 +62 
* 147
+7 1
+6 3
cfi=(204)
cfn=(2518) std::_Vector_base<std::shared_ptr<pg::Logger::LogSink>, std::allocator<std::shared_ptr<pg::Logger::LogSink> > >::_M_get_Tp_allocator()
calls=1 276 
* 7
* 1
-1 3
cfi=(225)
cfn=(2494) __gnu_cxx::__normal_iterator<std::shared_ptr<pg::Logger::LogSink>*, std::vector<std::shared_ptr<pg::Logger::LogSink>, std::allocator<std::shared_ptr<pg::Logger::LogSink> > > >::base() const
calls=1 1105 
* 7
* 6
cfi=(204)
cfn=(2520) std::vector<std::shared_ptr<pg::Logger::LogSink>, std::allocator<std::shared_ptr<pg::Logger::LogSink> > >::_S_relocate(std::shared_ptr<pg::Logger::LogSink>*, std::shared_ptr<pg::Logger::LogSink>*, std::shared_ptr<pg::Logger::LogSink>*, std::allocator<std::shared_ptr<pg::Logger::LogSink> >&)
calls=1 +4 
* 104
* 1
+3 1
+3 3
cfi=(204)
cfn=(2518)
calls=1 276 
* 7
* 1
-1 3
cfi=(225)
cfn=(2494)
calls=1 1105 
* 7
* 6
cfi=(204)
cfn=(2520)
calls=1 -1 
* 104
* 1
+34 1
+1 4
-1 4
cfi=(204)
cfn=(2530) std::_Vector_base<std::shared_ptr<pg::Logger::LogSink>, std::allocator<std::shared_ptr<pg::Logger::LogSink> > >::_M_deallocate(std::shared_ptr<pg::Logger::LogSink>*, unsigned long)
calls=1 350 
* 12
+2 3
+1 3
+1 7
+1 7

fn=(4330)
426 11
+10 5
cfi=(204)
cfn=(4332) std::vector<pg::Local, std::allocator<pg::Local> >::_M_check_len(unsigned long, char const*) const
calls=1 1756 
* 295
* 1
+1 3
+1 3
+1 3
cfi=(204)
cfn=(4348) std::vector<pg::Local, std::allocator<pg::Local> >::begin()
calls=1 811 
* 31
* 6
cfi=(225)
cfn=(4350) __gnu_cxx::__normal_iterator<pg::Local*, std::vector<pg::Local, std::allocator<pg::Local> > >::difference_type __gnu_cxx::operator-<pg::Local*, std::vector<pg::Local, std::allocator<pg::Local> > >(__gnu_cxx::__normal_iterator<pg::Local*, std::vector<pg::Local, std::allocator<pg::Local> > > const&, __gnu_cxx::__normal_iterator<pg::Local*, std::vector<pg::Local, std::allocator<pg::Local> > > const&)
calls=1 1268 
* 35
* 1
+1 5
cfi=(204)
cfn=(4354) std::_Vector_base<pg::Local, std::allocator<pg::Local> >::_M_allocate(unsigned long)
calls=1 -97 
* 120
* 1
+1 2
+8 3
cfi=(222)
cfn=(4324)
calls=1 77 
* 7
* 1
+1 3
-1 6
cfi=(219)
cfn=(4360)
calls=1 +62 
* 245
+7 1
+19 3
cfi=(204)
cfn=(4366) std::_Vector_base<pg::Local, std::allocator<pg::Local> >::_M_get_Tp_allocator()
calls=1 276 
* 7
* 1
-1 3
cfi=(225)
cfn=(4352) __gnu_cxx::__normal_iterator<pg::Local*, std::vector<pg::Local, std::allocator<pg::Local> > >::base() const
calls=1 1105 
* 7
* 6
cfi=(221)
cfn=(4368)
calls=1 349 
* 91
* 1
+3 1
+5 3
cfi=(204)
cfn=(4366)
calls=1 276 
* 7
* 1
-1 3
cfi=(225)
cfn=(4352)
calls=1 1105 
* 7
* 6
cfi=(221)
cfn=(4368)
calls=1 349 
* 91
* 1
+17 3
cfi=(204)
cfn=(4366)
calls=1 276 
* 7
* 6
cfi=(219)
cfn=(4378)
calls=1 845 
* 43
+2 1
+1 4
-1 4
cfi=(204)
cfn=(4384) std::_Vector_base<pg::Local, std::allocator<pg::Local> >::_M_deallocate(pg::Local*, unsigned long)
calls=1 350 
* 12
+2 3
+1 3
+1 7
+1 7

fn=(4430) unsigned char& std::vector<unsigned char, std::allocator<unsigned char> >::emplace_back<unsigned char>(unsigned char&&)
109 252
+3 216
+3 84
cfi=(222)
cfn=(4432)
calls=28 -38 
* 196
* 196
cfi=(219)
cfn=(4468)
calls=28 511 
* 1736
+2 168
+4 24
cfi=(222)
cfn=(4432)
calls=8 -44 
* 56
* 32
cfi=(204)
cfn=(4434) std::vector<unsigned char, std::allocator<unsigned char> >::end()
calls=8 829 
* 256
* 48
cfn=(4438)
calls=8 426 
* 8259
+2 108
cfi=(204)
cfn=(4486) std::vector<unsigned char, std::allocator<unsigned char> >::back()
calls=36 1143 
* 3708
+2 108

fn=(4498) void std::vector<int, std::allocator<int> >::_M_realloc_insert<int const&>(__gnu_cxx::__normal_iterator<int*, std::vector<int, std::allocator<int> > >, int const&)
426 143
+10 65
cfi=(204)
cfn=(4500) std::vector<int, std::allocator<int> >::_M_check_len(unsigned long, char const*) const
calls=13 1756 
* 3824
* 13
+1 39
+1 39
+1 39
cfi=(204)
cfn=(4516) std::vector<int, std::allocator<int> >::begin()
calls=13 811 
* 403
* 78
cfi=(225)
cfn=(4518) __gnu_cxx::__normal_iterator<int*, std::vector<int, std::allocator<int> > >::difference_type __gnu_cxx::operator-<int*, std::vector<int, std::allocator<int> > >(__gnu_cxx::__normal_iterator<int*, std::vector<int, std::allocator<int> > > const&, __gnu_cxx::__normal_iterator<int*, std::vector<int, std::allocator<int> > > const&)
calls=13 1268 
* 455
* 13
+1 65
cfi=(204)
cfn=(4522) std::_Vector_base<int, std::allocator<int> >::_M_allocate(unsigned long)
calls=13 -97 
* 2126
* 13
+1 26
+8 39
cfi=(222)
cfn=(4528)
calls=13 77 
* 91
* 13
+1 26
-1 78
cfi=(219)
cfn=(4530)
calls=13 +62 
* 806
+7 13
+6 39
cfi=(204)
cfn=(4534) std::_Vector_base<int, std::allocator<int> >::_M_get_Tp_allocator()
calls=13 276 
* 91
* 13
-1 39
cfi=(225)
cfn=(4520) __gnu_cxx::__normal_iterator<int*, std::vector<int, std::allocator<int> > >::base() const
calls=13 1105 
* 91
* 78
cfi=(204)
cfn=(4536) std::vector<int, std::allocator<int> >::_S_relocate(int*, int*, int*, std::allocator<int>&)
calls=13 +4 
* 1612
* 13
+3 13
+3 39
cfi=(204)
cfn=(4534)
calls=13 276 
* 91
* 13
-1 39
cfi=(225)
cfn=(4520)
calls=13 1105 
* 91
* 78
cfi=(204)
cfn=(4536)
calls=13 -1 
* 1365
* 13
+34 13
+1 52
-1 52
cfi=(204)
cfn=(4546) std::_Vector_base<int, std::allocator<int> >::_M_deallocate(int*, unsigned long)
calls=13 350 
* 1652
+2 39
+1 39
+1 78
+1 91

fn=(4624) void std::vector<pg::Value, std::allocator<pg::Value> >::_M_realloc_insert<pg::Value const&>(__gnu_cxx::__normal_iterator<pg::Value*, std::vector<pg::Value, std::allocator<pg::Value> > >, pg::Value const&)
426 88
+10 40
cfi=(204)
cfn=(4626) std::vector<pg::Value, std::allocator<pg::Value> >::_M_check_len(unsigned long, char const*) const
calls=8 1756 
* 2354
* 8
+1 24
+1 24
+1 24
cfi=(204)
cfn=(4642)
calls=8 811 
* 248
* 48
cfi=(225)
cfn=(4644) __gnu_cxx::__normal_iterator<pg::Value*, std::vector<pg::Value, std::allocator<pg::Value> > >::difference_type __gnu_cxx::operator-<pg::Value*, std::vector<pg::Value, std::allocator<pg::Value> > >(__gnu_cxx::__normal_iterator<pg::Value*, std::vector<pg::Value, std::allocator<pg::Value> > > const&, __gnu_cxx::__normal_iterator<pg::Value*, std::vector<pg::Value, std::allocator<pg::Value> > > const&)
calls=8 1268 
* 280
* 8
+1 40
cfi=(204)
cfn=(4648) std::_Vector_base<pg::Value, std::allocator<pg::Value> >::_M_allocate(unsigned long)
calls=8 -97 
* 960
* 8
+1 16
+8 24
cfi=(222)
cfn=(4654)
calls=8 77 
* 56
* 8
+1 24
-1 48
cfi=(219)
cfn=(4656)
calls=8 +62 
* 528
+7 8
+6 24
cfi=(204)
cfn=(4660) std::_Vector_base<pg::Value, std::allocator<pg::Value> >::_M_get_Tp_allocator()
calls=8 276 
* 56
* 8
-1 24
cfi=(225)
cfn=(4646) __gnu_cxx::__normal_iterator<pg::Value*, std::vector<pg::Value, std::allocator<pg::Value> > >::base() const
calls=8 1105 
* 56
* 48
cfi=(204)
cfn=(4662) std::vector<pg::Value, std::allocator<pg::Value> >::_S_relocate(pg::Value*, pg::Value*, pg::Value*, std::allocator<pg::Value>&)
calls=8 +4 
* 978
* 8
+3 8
+3 24
cfi=(204)
cfn=(4660)
calls=8 276 
* 56
* 8
-1 24
cfi=(225)
cfn=(4646)
calls=8 1105 
* 56
* 48
cfi=(204)
cfn=(4662)
calls=8 -1 
* 848
* 8
+34 8
+1 32
-1 32
cfi=(204)
cfn=(4672) std::_Vector_base<pg::Value, std::allocator<pg::Value> >::_M_deallocate(pg::Value*, unsigned long)
calls=8 350 
* 918
+2 24
+1 24
+1 56
+1 56

fl=(261)
fn=(2284) pg::Logger::getLogger()
473 73
cob=(2)
cfi=(51)
cfn=(2286) 0x000000000010f2c0
calls=1 0 
* 19
* 7
cob=(2)
cfi=(51)
cfn=(1486)
calls=1 0 
* 203
* 8
cfn=(2290) pg::Logger::Logger()
calls=1 145 
* 37
* 4
cfi=(263)
cfn=(2296) std::unique_ptr<pg::Logger, std::default_delete<pg::Logger> >::unique_ptr<std::default_delete<pg::Logger>, void>(pg::Logger*)
calls=1 281 
* 146
* 7
cob=(2)
cfi=(51)
cfn=(1330)
calls=1 0 
* 77
* 3
cob=(2)
cfi=(51)
cfn=(2322) 0x000000000010ed40
calls=1 0 
* 8
* 42

fn=(2822)
76 52
cob=(2)
cfi=(51)
cfn=(1334)
calls=4 -76 
* 16
* 24
cfi=(196)
cfn=(1338)
calls=4 533 
* 776
* 12
cob=(2)
cfi=(51)
cfn=(1382)
calls=4 -76 
* 16
* 28

fn=(2902)
337 200
+2 440
+1 80

fn=(3456) pg::Strfy::operator<<(std::__cxx11::basic_string<char, std::char_traits<char>, std::allocator<char> > const&)
85 6
+2 5
cob=(2)
cfi=(51)
cfn=(2986)
calls=1 -87 
* 218
+1 1
+1 2

fn=(2290)
145 8
cfi=(262)
cfn=(2292) std::recursive_mutex::recursive_mutex()
calls=1 -46 
* 26
* 3

fn=(2416) pg::Logger::LogSink::LogSink()
235 12
cfi=(232)
cfn=(2418)
calls=1 -94 
* 146
* 3

fn=(2552) pg::Logger::LogSink::Filter::Filter()
239 40

fn=(2824)
105 30
+2 25
cob=(2)
cfi=(51)
cfn=(2826) 0x000000000010ee70
calls=5 0 
* 5587
+1 5
+1 10

fn=(3316) pg::Logger::Logging::Logging(int, std::__cxx11::basic_string<char, std::char_traits<char>, std::allocator<char> > const&, std::__cxx11::basic_string<char, std::char_traits<char>, std::allocator<char> > const&, void const*, std::__cxx11::basic_string<char, std::char_traits<char>, std::allocator<char> > const&, std::__cxx11::basic_string<char, std::char_traits<char>, std::allocator<char> > const&, std::__cxx11::basic_string<char, std::char_traits<char>, std::allocator<char> > const&, pg::Logger::InfoLevel const&)
190 60
+1 27
cob=(2)
cfi=(51)
cfn=(1996)
calls=3 0 
* 846
* 18
cob=(2)
cfi=(51)
cfn=(1996)
calls=3 0 
* 408
* 27
cob=(2)
cfi=(51)
cfn=(1996)
calls=3 0 
* 363
* 18
cob=(2)
cfi=(51)
cfn=(1996)
calls=3 0 
* 408
* 18
cob=(2)
cfi=(51)
cfn=(1996)
calls=3 0 
* 363
* 12
+2 3
cfn=(2284)
calls=3 473 
* 48
* 3
+5 27
cob=(2)
cfi=(51)
cfn=(1996)
calls=3 0 
* 1134
* 18
cfi=(198)
cfn=(3318) std::__cxx11::basic_string<char, std::char_traits<char>, std::allocator<char> > std::operator+<char, std::char_traits<char>, std::allocator<char> >(char const*, std::__cxx11::basic_string<char, std::char_traits<char>, std::allocator<char> > const&)
calls=3 1169 
* 1167
* 18
cfi=(196)
cfn=(2874)
calls=3 6206 
* 354
* 9
cob=(2)
cfi=(51)
cfn=(2072)
calls=3 0 
* 24
* 27
cob=(2)
cfi=(51)
cfn=(1996)
calls=3 0 
* 363
* 21
cob=(2)
cfi=(51)
cfn=(1996)
calls=3 0 
* 408
* 21
cob=(2)
cfi=(51)
cfn=(1996)
calls=3 0 
* 363
* 9
+3 9
cfi=(263)
cfn=(2326) std::unique_ptr<pg::Logger, std::default_delete<pg::Logger> >::operator->() const
calls=3 413 
* 204
* 15
cfi=(204)
cfn=(2490)
calls=3 811 
* 93
* 12
cfi=(204)
cfn=(2466) std::vector<std::shared_ptr<pg::Logger::LogSink>, std::allocator<std::shared_ptr<pg::Logger::LogSink> > >::end()
calls=3 829 
* 96
* 15
cfi=(225)
cfn=(2882) __gnu_cxx::__normal_iterator<std::shared_ptr<pg::Logger::LogSink>*, std::vector<std::shared_ptr<pg::Logger::LogSink>, std::allocator<std::shared_ptr<pg::Logger::LogSink> > > >::operator*() const
calls=3 1042 
* 24
* 3
+1 9
cfi=(268)
cfn=(2884)
calls=3 977 
* 90
* 21
cfi=(248)
cfn=(2886)
calls=3 97 
* 2187
-1 9
cfi=(225)
cfn=(3058) __gnu_cxx::__normal_iterator<std::shared_ptr<pg::Logger::LogSink>*, std::vector<std::shared_ptr<pg::Logger::LogSink>, std::allocator<std::shared_ptr<pg::Logger::LogSink> > > >::operator++()
calls=3 1052 
* 36
* 30
cfi=(225)
cfn=(2880) bool __gnu_cxx::operator!=<std::shared_ptr<pg::Logger::LogSink>*, std::vector<std::shared_ptr<pg::Logger::LogSink>, std::allocator<std::shared_ptr<pg::Logger::LogSink> > > >(__gnu_cxx::__normal_iterator<std::shared_ptr<pg::Logger::LogSink>*, std::vector<std::shared_ptr<pg::Logger::LogSink>, std::allocator<std::shared_ptr<pg::Logger::LogSink> > > > const&, __gnu_cxx::__normal_iterator<std::shared_ptr<pg::Logger::LogSink>*, std::vector<std::shared_ptr<pg::Logger::LogSink>, std::allocator<std::shared_ptr<pg::Logger::LogSink> > > > const&)
calls=6 1179 
* 204
* 12
+2 9
cfn=(3060) pg::Logger::Info::~Info()
calls=3 -31 
* 780
* 21

fn=(2554) pg::Logger::LogSink::addFilter(std::__cxx11::basic_string<char, std::char_traits<char>, std::allocator<char> > const&, pg::Logger::LogSink::Filter*)
354 60
cfi=(232)
cfn=(2556)
calls=4 979 
* 6454
* 20

fn=(2282) std::shared_ptr<pg::Logger::LogSink> pg::Logger::registerSink<pg::TerminalSink>()
494 9
+2 1
cfn=(2284)
calls=1 -23 
* 538
* 1
+2 3
cfi=(263)
cfn=(2326)
calls=1 -85 
* 68
* 5
cfi=(217)
cfn=(2340)
calls=1 228 
* 104
+3 3
cfi=(267)
cfn=(2354) std::shared_ptr<pg::TerminalSink> std::make_shared<pg::TerminalSink>()
calls=1 875 
* 1035
* 5
cfi=(267)
cfn=(2448) std::shared_ptr<pg::Logger::LogSink>::shared_ptr<pg::TerminalSink, void>(std::shared_ptr<pg::TerminalSink>&&)
calls=1 313 
* 78
* 3
cfi=(267)
cfn=(2458) std::shared_ptr<pg::TerminalSink>::~shared_ptr()
calls=1 122 
* 35
+3 5
cfi=(204)
cfn=(2464) std::vector<std::shared_ptr<pg::Logger::LogSink>, std::allocator<std::shared_ptr<pg::Logger::LogSink> > >::push_back(std::shared_ptr<pg::Logger::LogSink> const&)
calls=1 1187 
* 1196
+2 1
+1 3
cfi=(217)
cfn=(2532)
calls=1 234 
* 88
-1 1
+1 7

fn=(2852) pg::Strfy::getData[abi:cxx11]() const
133 44
cob=(2)
cfi=(51)
cfn=(1996)
calls=4 0 
* 1238
* 12

fn=(2854) pg::Logger::_single_log(int, std::__cxx11::basic_string<char, std::char_traits<char>, std::allocator<char> > const&, std::__cxx11::basic_string<char, std::char_traits<char>, std::allocator<char> > const&, void const*, std::__cxx11::basic_string<char, std::char_traits<char>, std::allocator<char> > const&, std::__cxx11::basic_string<char, std::char_traits<char>, std::allocator<char> > const&, std::__cxx11::basic_string<char, std::char_traits<char>, std::allocator<char> > const&, pg::Logger::InfoLevel const&)
399 72
+7 32
cob=(2)
cfi=(51)
cfn=(1996)
calls=4 0 
* 1254
* 20
cob=(2)
cfi=(51)
cfn=(1996)
calls=4 0 
* 546
* 24
cfi=(196)
cfn=(2856)
calls=4 6194 
* 3153
* 24
cfi=(196)
cfn=(2874)
calls=4 6206 
* 472
* 12
cob=(2)
cfi=(51)
cfn=(2072)
calls=4 0 
* 32
* 12
cob=(2)
cfi=(51)
cfn=(2072)
calls=4 0 
* 32
* 32
cob=(2)
cfi=(51)
cfn=(1996)
calls=4 0 
* 484
* 24
cob=(2)
cfi=(51)
cfn=(1996)
calls=4 0 
* 549
* 24
cob=(2)
cfi=(51)
cfn=(1996)
calls=4 0 
* 1540
* 12
+3 20
cfi=(204)
cfn=(2490)
calls=4 811 
* 124
* 16
cfi=(204)
cfn=(2466)
calls=4 829 
* 128
* 20
cfi=(225)
cfn=(2882)
calls=4 1042 
* 32
* 4
+1 12
cfi=(268)
cfn=(2884)
calls=4 977 
* 120
* 28
cfi=(248)
cfn=(2886)
calls=4 97 
* 31169
-1 12
cfi=(225)
cfn=(3058)
calls=4 1052 
* 48
* 40
cfi=(225)
cfn=(2880)
calls=8 1179 
* 272
* 16
+2 12
cfn=(3060)
calls=4 172 
* 1424
* 24

fn=(2414) pg::TerminalSink::TerminalSink()
514 8
cfn=(2416)
calls=1 235 
* 161
* 6

fn=(2550) pg::Logger::LogSink::FilterLogLevel::FilterLogLevel(pg::Logger::InfoLevel const&, bool)
335 44
cfn=(2552)
calls=4 -96 
* 40
* 52

fn=(2850)
425 72
+2 20
cfn=(2852)
calls=4 133 
* 1294
* 44
cfn=(2854)
calls=4 -28 
* 41871
* 16
cob=(2)
cfi=(51)
cfn=(2072)
calls=4 0 
* 416
+1 28

fn=(3062)
72 32
cob=(2)
cfi=(51)
cfn=(2072)
calls=4 -72 
* 416
* 12

fn=(3314) pg::Logger::_log(int, std::__cxx11::basic_string<char, std::char_traits<char>, std::allocator<char> > const&, std::__cxx11::basic_string<char, std::char_traits<char>, std::allocator<char> > const&, void const*, std::__cxx11::basic_string<char, std::char_traits<char>, std::allocator<char> > const&, std::__cxx11::basic_string<char, std::char_traits<char>, std::allocator<char> > const&, std::__cxx11::basic_string<char, std::char_traits<char>, std::allocator<char> > const&, pg::Logger::InfoLevel const&)
442 30
+2 42
cfn=(3316)
calls=3 190 
* 10464
* 3
+1 9

fn=(5552) pg::TerminalSink::~TerminalSink()
516 12
cfn=(5554) pg::Logger::LogSink::~LogSink()
calls=1 349 
* 1888
* 3

fn=(5554)
349 13
cfi=(232)
cfn=(5556)
calls=1 102 
* 1872
* 3

fn=(3060)
172 90
cob=(2)
cfi=(51)
cfn=(2072)
calls=10 0 
* 464
* 40
cob=(2)
cfi=(51)
cfn=(2072)
calls=10 0 
* 80
* 40
cob=(2)
cfi=(51)
cfn=(2072)
calls=10 0 
* 80
* 40
cob=(2)
cfi=(51)
cfn=(2072)
calls=10 0 
* 1040
* 40
cob=(2)
cfi=(51)
cfn=(2072)
calls=10 0 
* 1040
* 30

fn=(3688) pg::Logger::Logging::~Logging()
205 24
+2 3
cfn=(2284)
calls=3 473 
* 48
* 3
+5 30
cob=(2)
cfi=(51)
cfn=(1996)
calls=3 0 
* 702
* 21
cfi=(198)
cfn=(3318)
calls=3 1169 
* 1167
* 18
cfi=(196)
cfn=(2874)
calls=3 6206 
* 354
* 9
cob=(2)
cfi=(51)
cfn=(2072)
calls=3 0 
* 24
* 30
cob=(2)
cfi=(51)
cfn=(1996)
calls=3 0 
* 363
* 21
cob=(2)
cfi=(51)
cfn=(1996)
calls=3 0 
* 408
* 21
cob=(2)
cfi=(51)
cfn=(1996)
calls=3 0 
* 363
* 9
+3 9
cfi=(263)
cfn=(2326)
calls=3 413 
* 204
* 15
cfi=(204)
cfn=(2490)
calls=3 811 
* 93
* 12
cfi=(204)
cfn=(2466)
calls=3 829 
* 96
* 15
cfi=(225)
cfn=(2882)
calls=3 1042 
* 24
* 3
+1 9
cfi=(268)
cfn=(2884)
calls=3 977 
* 90
* 21
cfi=(248)
cfn=(2886)
calls=3 97 
* 2187
-1 9
cfi=(225)
cfn=(3058)
calls=3 1052 
* 36
* 30
cfi=(225)
cfn=(2880)
calls=6 1179 
* 204
* 12
+2 9
cfn=(3060)
calls=3 -45 
* 780
-11 6
+11 6
cob=(2)
cfi=(51)
cfn=(2072)
calls=3 0 
* 24
-11 6
+11 6
cob=(2)
cfi=(51)
cfn=(2072)
calls=3 0 
* 24
-11 6
+11 6
cob=(2)
cfi=(51)
cfn=(2072)
calls=3 0 
* 24
-11 6
+11 6
cob=(2)
cfi=(51)
cfn=(2072)
calls=3 0 
* 24
-11 6
+11 6
cob=(2)
cfi=(51)
cfn=(2072)
calls=3 0 
* 331
* 18

fl=(240)
fn=(2408) __gnu_cxx::__aligned_buffer<pg::TerminalSink>::_M_addr()
102 12
+2 3
+1 6

fn=(3212) __gnu_cxx::__aligned_buffer<std::pair<std::__cxx11::basic_string<char, std::char_traits<char>, std::allocator<char> > const, pg::Value> >::_M_addr()
102 971188
+2 242797
+1 485594

fn=(4960)
118 100
+1 60
cfn=(4962) __gnu_cxx::__aligned_buffer<std::pair<void* const, int> >::_M_addr() const
calls=20 -11 
* 140
* 40

fn=(2606) __gnu_cxx::__aligned_buffer<std::pair<std::__cxx11::basic_string<char, std::char_traits<char>, std::allocator<char> > const, pg::Logger::LogSink::Filter*> >::_M_addr()
102 208
+2 52
+1 104

fn=(1664)
114 900
+1 540
cfn=(1666) __gnu_cxx::__aligned_buffer<std::pair<pg::TokenType const, pg::ParseRule> >::_M_addr()
calls=180 -13 
* 1260
* 360

fn=(1748)
118 1400
+1 840
cfn=(1750) __gnu_cxx::__aligned_buffer<std::pair<pg::TokenType const, pg::ParseRule> >::_M_addr() const
calls=280 -11 
* 1960
* 560

fn=(1986)
114 205
+1 123
cfn=(1988) __gnu_cxx::__aligned_buffer<std::pair<std::__cxx11::basic_string<char, std::char_traits<char>, std::allocator<char> > const, pg::TokenType> >::_M_addr()
calls=41 -13 
* 287
* 82

fn=(3118) __gnu_cxx::__aligned_buffer<std::pair<void* const, int> >::_M_addr()
102 84
+2 21
+1 42

fn=(3732)
118 50
+1 30
cfn=(3734) __gnu_cxx::__aligned_buffer<std::pair<std::__cxx11::basic_string<char, std::char_traits<char>, std::allocator<char> > const, pg::TokenType> >::_M_addr() const
calls=10 -11 
* 70
* 20

fn=(1988)
102 164
+2 41
+1 82

fn=(3116)
114 105
+1 63
cfn=(3118)
calls=21 -13 
* 147
* 42

fn=(3734)
108 40
+2 10
+1 20

fn=(2406)
114 15
+1 9
cfn=(2408)
calls=3 -13 
* 21
* 6

fn=(2604)
114 260
+1 156
cfn=(2606)
calls=52 -13 
* 364
* 104

fn=(5144)
118 1213925
+1 728355
cfn=(5146) __gnu_cxx::__aligned_buffer<std::pair<std::__cxx11::basic_string<char, std::char_traits<char>, std::allocator<char> > const, pg::Value> >::_M_addr() const
calls=242785 -11 
* 1699495
* 485570

fn=(1666)
102 720
+2 180
+1 360

fn=(1750)
108 1120
+2 280
+1 560

fn=(5146)
108 971140
+2 242785
+1 485570

fn=(3210)
114 1213985
+1 728391
cfn=(3212)
calls=242797 -13 
* 1699579
* 485594

fn=(4962)
108 80
+2 20
+1 40

fl=(230)
fn=(1540)
11 6
cfn=(1542) __static_initialization_and_destruction_0(int, int)
calls=1 * 
* 542
* 2

fn=(1542)
11 14
fi=(195)
+30 3
cob=(2)
cfi=(51)
cfn=(1334)
calls=1 -41 
* 4
* 7
cfi=(196)
cfn=(1338)
calls=1 533 
* 211
* 3
cob=(2)
cfi=(51)
cfn=(1382)
calls=1 -41 
* 4
* 7
cob=(2)
cfi=(51)
cfn=(1330)
calls=1 -41 
* 77
365 3
cfn=(1386)
calls=1 -47 
* 118
* 7
cob=(2)
cfi=(51)
cfn=(1330)
calls=1 0 
* 77
fe=(230)
11 7

fn=(4978)
7 28
cfi=(204)
cfn=(4980) std::vector<pg::ObjUpvalue*, std::allocator<pg::ObjUpvalue*> >::vector()
calls=2 487 
* 134
+2 16
cfi=(204)
cfn=(4992) std::vector<pg::ObjUpvalue*, std::allocator<pg::ObjUpvalue*> >::resize(unsigned long)
calls=2 937 
* 98
+1 8

fl=(246)
fn=(1818) __static_initialization_and_destruction_0(int, int)
157 14
fi=(195)
41 3
cob=(2)
cfi=(51)
cfn=(1334)
calls=1 -41 
* 4
* 7
cfi=(196)
cfn=(1338)
calls=1 533 
* 211
* 3
cob=(2)
cfi=(51)
cfn=(1382)
calls=1 -41 
* 4
* 7
cob=(2)
cfi=(51)
cfn=(1330)
calls=1 -41 
* 77
365 3
cfn=(1386)
calls=1 -47 
* 118
* 7
cob=(2)
cfi=(51)
cfn=(1330)
calls=1 0 
* 77
fe=(246)
157 7

fn=(1816)
157 6
cfn=(1818)
calls=1 * 
* 542
* 2

fl=(242)
fn=(1858)
352 55
+1 20
cob=(2)
cfi=(51)
cfn=(1334)
calls=5 0 
* 20
* 15
cfi=(222)
cfn=(1860) char const (&std::forward<char const (&) [4]>(std::remove_reference<char const (&) [4]>::type&)) [4]
calls=5 77 
* 35
* 30
cfi=(196)
cfn=(1338)
calls=5 533 
* 1070
* 15
cob=(2)
cfi=(51)
cfn=(1382)
calls=5 0 
* 20
* 15
cfi=(222)
cfn=(1848)
calls=5 77 
* 35
* 50

fn=(1866)
352 22
+1 8
cob=(2)
cfi=(51)
cfn=(1334)
calls=2 0 
* 8
* 6
cfi=(222)
cfn=(1868) char const (&std::forward<char const (&) [7]>(std::remove_reference<char const (&) [7]>::type&)) [7]
calls=2 77 
* 14
* 12
cfi=(196)
cfn=(1338)
calls=2 533 
* 422
* 6
cob=(2)
cfi=(51)
cfn=(1382)
calls=2 0 
* 8
* 6
cfi=(222)
cfn=(1848)
calls=2 77 
* 14
* 20

fn=(2048)
352 126
+1 54
cfi=(222)
cfn=(2050) std::__detail::_Node_iterator<std::pair<std::__cxx11::basic_string<char, std::char_traits<char>, std::allocator<char> > const, pg::TokenType>, false, true>& std::forward<std::__detail::_Node_iterator<std::pair<std::__cxx11::basic_string<char, std::char_traits<char>, std::allocator<char> > const, pg::TokenType>, false, true>&>(std::remove_reference<std::__detail::_Node_iterator<std::pair<std::__cxx11::basic_string<char, std::char_traits<char>, std::allocator<char> > const, pg::TokenType>, false, true>&>::type&)
calls=18 77 
* 126
* 108
cfi=(222)
cfn=(1734) bool&& std::forward<bool>(std::remove_reference<bool>::type&)
calls=18 77 
* 126
* 108

fn=(1994) std::pair<std::__cxx11::basic_string<char, std::char_traits<char>, std::allocator<char> > const, pg::TokenType>::pair(std::pair<std::__cxx11::basic_string<char, std::char_traits<char>, std::allocator<char> > const, pg::TokenType> const&)
314 198
cob=(2)
cfi=(51)
cfn=(1996)
calls=18 0 
* 3963
* 126

fn=(5570) std::pair<std::__cxx11::basic_string<char, std::char_traits<char>, std::allocator<char> > const, pg::Logger::LogSink::Filter*>::~pair()
211 32
cob=(2)
cfi=(51)
cfn=(2072)
calls=4 0 
* 32
* 12

fn=(1854)
352 33
+1 12
cob=(2)
cfi=(51)
cfn=(1334)
calls=3 0 
* 12
* 9
cfi=(222)
cfn=(1856) char const (&std::forward<char const (&) [3]>(std::remove_reference<char const (&) [3]>::type&)) [3]
calls=3 77 
* 21
* 18
cfi=(196)
cfn=(1338)
calls=3 533 
* 642
* 9
cob=(2)
cfi=(51)
cfn=(1382)
calls=3 0 
* 12
* 9
cfi=(222)
cfn=(1848)
calls=3 77 
* 21
* 30

fn=(1862)
352 11
+1 4
cob=(2)
cfi=(51)
cfn=(1334)
calls=1 0 
* 4
* 3
cfi=(222)
cfn=(1864) char const (&std::forward<char const (&) [9]>(std::remove_reference<char const (&) [9]>::type&)) [9]
calls=1 77 
* 7
* 6
cfi=(196)
cfn=(1338)
calls=1 533 
* 209
* 3
cob=(2)
cfi=(51)
cfn=(1382)
calls=1 0 
* 4
* 3
cfi=(222)
cfn=(1848)
calls=1 77 
* 7
* 10

fn=(5428) std::pair<std::__cxx11::basic_string<char, std::char_traits<char>, std::allocator<char> > const, pg::Value>::~pair()
211 24
cob=(2)
cfi=(51)
cfn=(2072)
calls=3 0 
* 24
* 9

fn=(1730)
352 490
+1 210
cfi=(222)
cfn=(1732) std::__detail::_Node_iterator<std::pair<pg::TokenType const, pg::ParseRule>, false, false>& std::forward<std::__detail::_Node_iterator<std::pair<pg::TokenType const, pg::ParseRule>, false, false>&>(std::remove_reference<std::__detail::_Node_iterator<std::pair<pg::TokenType const, pg::ParseRule>, false, false>&>::type&)
calls=70 77 
* 490
* 420
cfi=(222)
cfn=(1734)
calls=70 77 
* 490
* 420

fn=(1850)
352 33
+1 12
cob=(2)
cfi=(51)
cfn=(1334)
calls=3 0 
* 12
* 9
cfi=(222)
cfn=(1852) char const (&std::forward<char const (&) [6]>(std::remove_reference<char const (&) [6]>::type&)) [6]
calls=3 77 
* 21
* 18
cfi=(196)
cfn=(1338)
calls=3 533 
* 633
* 9
cob=(2)
cfi=(51)
cfn=(1382)
calls=3 0 
* 12
* 9
cfi=(222)
cfn=(1848)
calls=3 77 
* 21
* 30

fn=(2070)
211 288
cob=(2)
cfi=(51)
cfn=(2072)
calls=36 0 
* 288
* 108

fn=(1844)
352 44
+1 16
cob=(2)
cfi=(51)
cfn=(1334)
calls=4 0 
* 16
* 12
cfi=(222)
cfn=(1846) char const (&std::forward<char const (&) [5]>(std::remove_reference<char const (&) [5]>::type&)) [5]
calls=4 77 
* 28
* 24
cfi=(196)
cfn=(1338)
calls=4 533 
* 844
* 12
cob=(2)
cfi=(51)
cfn=(1382)
calls=4 0 
* 16
* 12
cfi=(222)
cfn=(1848)
calls=4 77 
* 28
* 40

fl=(297)
fn=(4246)
97 3168
cob=(2)
cfi=(51)
cfn=(2072)
calls=352 -97 
* 2816
* 1056

fn=(4292) pg::Token::operator=(pg::Token const&)
104 901
cob=(2)
cfi=(51)
cfn=(4164)
calls=53 0 
* 3140
* 795

fn=(3764) pg::Token::Token(pg::TokenType const&, std::__cxx11::basic_string<char, std::char_traits<char>, std::allocator<char> > const&, unsigned int, unsigned int, unsigned int)
99 1120
cob=(2)
cfi=(51)
cfn=(1996)
calls=56 -99 
* 7005
* 672

fn=(4050)
100 5032
cob=(2)
cfi=(51)
cfn=(1996)
calls=296 0 
* 36986
* 4440

fl=(225)
fn=(3810)
1163 98
+3 42
cfn=(3802) __gnu_cxx::__normal_iterator<char const*, std::__cxx11::basic_string<char, std::char_traits<char>, std::allocator<char> > >::base() const
calls=14 -61 
* 98
* 56
cfn=(3802)
calls=14 -61 
* 98
* 84

fn=(1512) __gnu_cxx::__normal_iterator<tf::ObjectPool<tf::Node, 65536ul>::LocalHeap*, std::vector<tf::ObjectPool<tf::Node, 65536ul>::LocalHeap, std::allocator<tf::ObjectPool<tf::Node, 65536ul>::LocalHeap> > >::__normal_iterator(tf::ObjectPool<tf::Node, 65536ul>::LocalHeap* const&)
1027 20
+1 28

fn=(4350)
1268 7
+3 3
cfn=(4352)
calls=1 1105 
* 7
* 4
cfn=(4352)
calls=1 1105 
* 7
* 7

fn=(4460)
1105 208
+1 156

fn=(4870)
1105 64
+1 48

fn=(5248)
1179 98
+3 42
cfn=(4646)
calls=14 -77 
* 98
* 56
cfn=(4646)
calls=14 -77 
* 98
* 84

fn=(3058)
1052 40
+2 50
+1 10
+1 20

fn=(3802)
1105 336
+1 252

fn=(4074) __gnu_cxx::__normal_iterator<std::unique_ptr<pg::BytecodePass, std::default_delete<pg::BytecodePass> > const*, std::vector<std::unique_ptr<pg::BytecodePass, std::default_delete<pg::BytecodePass> >, std::allocator<std::unique_ptr<pg::BytecodePass, std::default_delete<pg::BytecodePass> > > > >::base() const
1105 8
+1 6

fn=(4352)
1105 16
+1 12

fn=(4388) __gnu_cxx::__normal_iterator<pg::Local*, std::vector<pg::Local, std::allocator<pg::Local> > >::operator-(long) const
1100 9
+1 12
cfn=(4328) __gnu_cxx::__normal_iterator<pg::Local*, std::vector<pg::Local, std::allocator<pg::Local> > >::__normal_iterator(pg::Local* const&)
calls=1 -74 
* 12
* 6

fn=(4644)
1268 56
+3 24
cfn=(4646)
calls=8 1105 
* 56
* 32
cfn=(4646)
calls=8 1105 
* 56
* 56

fn=(2880)
1179 140
+3 60
cfn=(2494)
calls=20 -77 
* 140
* 80
cfn=(2494)
calls=20 -77 
* 140
* 120

fn=(3954) __gnu_cxx::__normal_iterator<char const*, std::__cxx11::basic_string<char, std::char_traits<char>, std::allocator<char> > >::operator++()
1052 20
+2 25
+1 5
+1 10

fn=(4370)
1723 16
+1 12

fn=(4490) __gnu_cxx::__normal_iterator<unsigned char*, std::vector<unsigned char, std::allocator<unsigned char> > >::operator*() const
1042 144
+1 144

fn=(4868)
1268 14
+3 6
cfn=(4870)
calls=2 1105 
* 14
* 8
cfn=(4870)
calls=2 1105 
* 14
* 14

fn=(5036) __gnu_cxx::__normal_iterator<unsigned char const*, std::vector<unsigned char, std::allocator<unsigned char> > >::__normal_iterator(unsigned char const* const&)
1027 10
+1 14

fn=(1520) __gnu_cxx::__normal_iterator<tf::ObjectPool<tf::Node, 65536ul>::LocalHeap*, std::vector<tf::ObjectPool<tf::Node, 65536ul>::LocalHeap, std::allocator<tf::ObjectPool<tf::Node, 65536ul>::LocalHeap> > >::operator*() const
1042 256
+1 256

fn=(4328)
1027 20
+1 28

fn=(4390) __gnu_cxx::__normal_iterator<pg::Local*, std::vector<pg::Local, std::allocator<pg::Local> > >::operator*() const
1042 4
+1 4

fn=(4458)
1268 91
+3 39
cfn=(4460)
calls=13 1105 
* 91
* 52
cfn=(4460)
calls=13 1105 
* 91
* 78

fn=(4496) __gnu_cxx::__normal_iterator<int*, std::vector<int, std::allocator<int> > >::__normal_iterator(int* const&)
1027 130
+1 182

fn=(4646)
1105 240
+1 180

fn=(4924) bool __gnu_cxx::operator!=<pg::ObjFunction**, std::vector<pg::ObjFunction*, std::allocator<pg::ObjFunction*> > >(__gnu_cxx::__normal_iterator<pg::ObjFunction**, std::vector<pg::ObjFunction*, std::allocator<pg::ObjFunction*> > > const&, __gnu_cxx::__normal_iterator<pg::ObjFunction**, std::vector<pg::ObjFunction*, std::allocator<pg::ObjFunction*> > > const&)
1179 28
+3 12
cfn=(4870)
calls=4 -77 
* 28
* 16
cfn=(4870)
calls=4 -77 
* 28
* 24

fn=(5040) bool __gnu_cxx::operator==<unsigned char const*, std::vector<unsigned char, std::allocator<unsigned char> > >(__gnu_cxx::__normal_iterator<unsigned char const*, std::vector<unsigned char, std::allocator<unsigned char> > > const&, __gnu_cxx::__normal_iterator<unsigned char const*, std::vector<unsigned char, std::allocator<unsigned char> > > const&)
1163 7
+3 3
cfn=(5042) __gnu_cxx::__normal_iterator<unsigned char const*, std::vector<unsigned char, std::allocator<unsigned char> > >::base() const
calls=1 -61 
* 7
* 4
cfn=(5042)
calls=1 -61 
* 7
* 6

fn=(1522) __gnu_cxx::__normal_iterator<tf::ObjectPool<tf::Node, 65536ul>::LocalHeap*, std::vector<tf::ObjectPool<tf::Node, 65536ul>::LocalHeap, std::allocator<tf::ObjectPool<tf::Node, 65536ul>::LocalHeap> > >::operator++()
1052 256
+2 320
+1 64
+1 128

fn=(2492)
1268 7
+3 3
cfn=(2494)
calls=1 1105 
* 7
* 4
cfn=(2494)
calls=1 1105 
* 7
* 7

fn=(3806)
1042 60
+1 60

fn=(4436) __gnu_cxx::__normal_iterator<unsigned char*, std::vector<unsigned char, std::allocator<unsigned char> > >::__normal_iterator(unsigned char* const&)
1027 490
+1 686

fn=(1516) bool __gnu_cxx::operator!=<tf::ObjectPool<tf::Node, 65536ul>::LocalHeap*, std::vector<tf::ObjectPool<tf::Node, 65536ul>::LocalHeap, std::allocator<tf::ObjectPool<tf::Node, 65536ul>::LocalHeap> > >(__gnu_cxx::__normal_iterator<tf::ObjectPool<tf::Node, 65536ul>::LocalHeap*, std::vector<tf::ObjectPool<tf::Node, 65536ul>::LocalHeap, std::allocator<tf::ObjectPool<tf::Node, 65536ul>::LocalHeap> > > const&, __gnu_cxx::__normal_iterator<tf::ObjectPool<tf::Node, 65536ul>::LocalHeap*, std::vector<tf::ObjectPool<tf::Node, 65536ul>::LocalHeap, std::allocator<tf::ObjectPool<tf::Node, 65536ul>::LocalHeap> > > const&)
1179 462
+3 198
cfn=(1518) __gnu_cxx::__normal_iterator<tf::ObjectPool<tf::Node, 65536ul>::LocalHeap*, std::vector<tf::ObjectPool<tf::Node, 65536ul>::LocalHeap, std::allocator<tf::ObjectPool<tf::Node, 65536ul>::LocalHeap> > >::base() const
calls=66 -77 
* 462
* 264
cfn=(1518)
calls=66 -77 
* 462
* 396

fn=(1518)
1105 528
+1 396

fn=(2468) __gnu_cxx::__normal_iterator<std::shared_ptr<pg::Logger::LogSink>*, std::vector<std::shared_ptr<pg::Logger::LogSink>, std::allocator<std::shared_ptr<pg::Logger::LogSink> > > >::__normal_iterator(std::shared_ptr<pg::Logger::LogSink>* const&)
1027 110
+1 154

fn=(2494)
1105 176
+1 132

fn=(2882)
1042 40
+1 40

fn=(4072) bool __gnu_cxx::operator==<std::unique_ptr<pg::BytecodePass, std::default_delete<pg::BytecodePass> > const*, std::vector<std::unique_ptr<pg::BytecodePass, std::default_delete<pg::BytecodePass> >, std::allocator<std::unique_ptr<pg::BytecodePass, std::default_delete<pg::BytecodePass> > > > >(__gnu_cxx::__normal_iterator<std::unique_ptr<pg::BytecodePass, std::default_delete<pg::BytecodePass> > const*, std::vector<std::unique_ptr<pg::BytecodePass, std::default_delete<pg::BytecodePass> >, std::allocator<std::unique_ptr<pg::BytecodePass, std::default_delete<pg::BytecodePass> > > > > const&, __gnu_cxx::__normal_iterator<std::unique_ptr<pg::BytecodePass, std::default_delete<pg::BytecodePass> > const*, std::vector<std::unique_ptr<pg::BytecodePass, std::default_delete<pg::BytecodePass> >, std::allocator<std::unique_ptr<pg::BytecodePass, std::default_delete<pg::BytecodePass> > > > > const&)
1163 7
+3 3
cfn=(4074)
calls=1 -61 
* 7
* 4
cfn=(4074)
calls=1 -61 
* 7
* 6

fn=(4488) __gnu_cxx::__normal_iterator<unsigned char*, std::vector<unsigned char, std::allocator<unsigned char> > >::operator-(long) const
1100 324
+1 396
cfn=(4436)
calls=36 -74 
* 432
* 216

fn=(4518)
1268 91
+3 39
cfn=(4520)
calls=13 1105 
* 91
* 52
cfn=(4520)
calls=13 1105 
* 91
* 91

fn=(4520)
1105 208
+1 156

fn=(4622) __gnu_cxx::__normal_iterator<pg::Value*, std::vector<pg::Value, std::allocator<pg::Value> > >::__normal_iterator(pg::Value* const&)
1027 100
+1 140

fn=(5250)
1042 48
+1 48

fn=(4846) __gnu_cxx::__normal_iterator<pg::ObjFunction**, std::vector<pg::ObjFunction*, std::allocator<pg::ObjFunction*> > >::__normal_iterator(pg::ObjFunction** const&)
1027 40
+1 56

fn=(5252)
1052 48
+2 60
+1 12
+1 24

fn=(5302) __gnu_cxx::__normal_iterator<pg::ObjFunction**, std::vector<pg::ObjFunction*, std::allocator<pg::ObjFunction*> > >::operator++()
1052 8
+2 10
+1 2
+1 4

fn=(3800) __gnu_cxx::__normal_iterator<char const*, std::__cxx11::basic_string<char, std::char_traits<char>, std::allocator<char> > >::difference_type __gnu_cxx::operator-<char const*, std::__cxx11::basic_string<char, std::char_traits<char>, std::allocator<char> > >(__gnu_cxx::__normal_iterator<char const*, std::__cxx11::basic_string<char, std::char_traits<char>, std::allocator<char> > > const&, __gnu_cxx::__normal_iterator<char const*, std::__cxx11::basic_string<char, std::char_traits<char>, std::allocator<char> > > const&)
1268 196
+3 84
cfn=(3802)
calls=28 1105 
* 196
* 112
cfn=(3802)
calls=28 1105 
* 196
* 168

fn=(4068) __gnu_cxx::__normal_iterator<std::unique_ptr<pg::BytecodePass, std::default_delete<pg::BytecodePass> > const*, std::vector<std::unique_ptr<pg::BytecodePass, std::default_delete<pg::BytecodePass> >, std::allocator<std::unique_ptr<pg::BytecodePass, std::default_delete<pg::BytecodePass> > > > >::__normal_iterator(std::unique_ptr<pg::BytecodePass, std::default_delete<pg::BytecodePass> > const* const&)
1027 10
+1 14

fn=(5042)
1105 8
+1 6

fn=(5242) __gnu_cxx::__normal_iterator<pg::ObjFunction**, std::vector<pg::ObjFunction*, std::allocator<pg::ObjFunction*> > >::operator*() const
1042 8
+1 8

fl=(263)
fn=(2742) std::__uniq_ptr_impl<pg::BytecodeRewriter, std::default_delete<pg::BytecodeRewriter> >::__uniq_ptr_impl()
154 8
cfi=(264)
cfn=(2744) std::tuple<pg::BytecodeRewriter*, std::default_delete<pg::BytecodeRewriter> >::tuple<true, true>()
calls=1 1049 
* 52
* 3

fn=(2800) std::__uniq_ptr_data<pg::BytecodeRewriter, std::default_delete<pg::BytecodeRewriter>, true, true>::operator=(std::__uniq_ptr_data<pg::BytecodeRewriter, std::default_delete<pg::BytecodeRewriter>, true, true>&&)
212 11
cfn=(2802) std::__uniq_ptr_impl<pg::BytecodeRewriter, std::default_delete<pg::BytecodeRewriter> >::operator=(std::__uniq_ptr_impl<pg::BytecodeRewriter, std::default_delete<pg::BytecodeRewriter> >&&)
calls=1 -47 
* 354
* 3

fn=(5328) std::unique_ptr<pg::BytecodeRewriter, std::default_delete<pg::BytecodeRewriter> >::get_deleter()
426 5
+1 3
cfn=(2808) std::__uniq_ptr_impl<pg::BytecodeRewriter, std::default_delete<pg::BytecodeRewriter> >::_M_deleter()
calls=1 174 
* 47
* 2

fn=(5462) std::unique_ptr<pg::Logger, std::default_delete<pg::Logger> >::get_deleter()
426 5
+1 3
cfn=(5464) std::__uniq_ptr_impl<pg::Logger, std::default_delete<pg::Logger> >::_M_deleter()
calls=1 174 
* 47
* 2

fn=(2804) std::__uniq_ptr_impl<pg::BytecodeRewriter, std::default_delete<pg::BytecodeRewriter> >::release()
185 5
+2 3
cfn=(2788) std::__uniq_ptr_impl<pg::BytecodeRewriter, std::default_delete<pg::BytecodeRewriter> >::_M_ptr()
calls=1 -15 
* 47
* 2
+1 3
cfn=(2788)
calls=1 -16 
* 47
* 1
+1 1
+1 2

fn=(3652) std::__uniq_ptr_impl<std::filesystem::__cxx11::path::_List::_Impl, std::filesystem::__cxx11::path::_List::_Impl_deleter>::_M_ptr()
172 8
cfi=(264)
cfn=(3654) std::tuple_element<0ul, std::tuple<std::filesystem::__cxx11::path::_List::_Impl*, std::filesystem::__cxx11::path::_List::_Impl_deleter> >::type& std::get<0ul, std::filesystem::__cxx11::path::_List::_Impl*, std::filesystem::__cxx11::path::_List::_Impl_deleter>(std::tuple<std::filesystem::__cxx11::path::_List::_Impl*, std::filesystem::__cxx11::path::_List::_Impl_deleter>&)
calls=1 1393 
* 37
* 2

fn=(2326)
413 35
+3 21
cfn=(2328) std::unique_ptr<pg::Logger, std::default_delete<pg::Logger> >::get() const
calls=7 +5 
* 406
+1 14

fn=(2330) std::__uniq_ptr_impl<pg::Logger, std::default_delete<pg::Logger> >::_M_ptr() const
173 56
cfi=(264)
cfn=(2332) std::tuple_element<0ul, std::tuple<pg::Logger*, std::default_delete<pg::Logger> > >::type const& std::get<0ul, pg::Logger*, std::default_delete<pg::Logger> >(std::tuple<pg::Logger*, std::default_delete<pg::Logger> > const&)
calls=7 1399 
* 259
* 21

fn=(2802)
165 6
+2 3
cfn=(2804)
calls=1 +18 
* 111
* 5
cfn=(2806) std::__uniq_ptr_impl<pg::BytecodeRewriter, std::default_delete<pg::BytecodeRewriter> >::reset(pg::BytecodeRewriter*)
calls=1 +10 
* 117
+1 3
cfn=(2808)
calls=1 +6 
* 47
* 2
cfi=(222)
cfn=(2818) std::default_delete<pg::BytecodeRewriter>&& std::forward<std::default_delete<pg::BytecodeRewriter> >(std::remove_reference<std::default_delete<pg::BytecodeRewriter> >::type&)
calls=1 -91 
* 7
* 3
cfn=(2808)
calls=1 +6 
* 47
+1 1
+1 2

fn=(2820)
355 12
+4 6
cfn=(2788)
calls=2 172 
* 94
* 2
+1 8
+1 3
cfn=(5328)
calls=1 +65 
* 57
* 4
cfi=(222)
cfn=(5330) std::remove_reference<pg::BytecodeRewriter*&>::type&& std::move<pg::BytecodeRewriter*&>(pg::BytecodeRewriter*&)
calls=1 104 
* 7
* 4
cfn=(5332) std::default_delete<pg::BytecodeRewriter>::operator()(pg::BytecodeRewriter*) const
calls=1 79 
* 415
+1 4
+1 8

fn=(5460)
355 6
+4 3
cfn=(2312) std::__uniq_ptr_impl<pg::Logger, std::default_delete<pg::Logger> >::_M_ptr()
calls=1 172 
* 47
* 1
+1 4
+1 3
cfn=(5462)
calls=1 +65 
* 57
* 4
cfi=(222)
cfn=(5474) std::remove_reference<pg::Logger*&>::type&& std::move<pg::Logger*&>(pg::Logger*&)
calls=1 104 
* 7
* 4
cfn=(5476) std::default_delete<pg::Logger>::operator()(pg::Logger*) const
calls=1 79 
* 114
+1 2
+1 4

fn=(5476)
79 6
+6 6
cob=(2)
cfi=(51)
cfn=(1774)
calls=1 -85 
* 99
+1 3

fn=(2782) std::unique_ptr<pg::BytecodeRewriter, std::default_delete<pg::BytecodeRewriter> >::unique_ptr<std::default_delete<pg::BytecodeRewriter>, void>(pg::BytecodeRewriter*)
281 6
+1 5
cfn=(2784) std::__uniq_ptr_data<pg::BytecodeRewriter, std::default_delete<pg::BytecodeRewriter>, true, true>::__uniq_ptr_impl(pg::BytecodeRewriter*)
calls=1 -72 
* 132
+1 3

fn=(2798)
371 11
cfn=(2800)
calls=1 212 
* 368
* 3

fn=(2808)
174 24
cfi=(264)
cfn=(2810) std::tuple_element<1ul, std::tuple<pg::BytecodeRewriter*, std::default_delete<pg::BytecodeRewriter> > >::type& std::get<1ul, pg::BytecodeRewriter*, std::default_delete<pg::BytecodeRewriter> >(std::tuple<pg::BytecodeRewriter*, std::default_delete<pg::BytecodeRewriter> >&)
calls=3 1393 
* 111
* 6

fn=(3662) std::unique_ptr<std::filesystem::__cxx11::path::_List::_Impl, std::filesystem::__cxx11::path::_List::_Impl_deleter>::get_deleter()
426 5
+1 3
cfn=(3664) std::__uniq_ptr_impl<std::filesystem::__cxx11::path::_List::_Impl, std::filesystem::__cxx11::path::_List::_Impl_deleter>::_M_deleter()
calls=1 174 
* 47
* 2

fn=(2328)
421 35
+1 21
cfn=(2330)
calls=7 173 
* 336
* 14

fn=(2786) std::__uniq_ptr_impl<pg::BytecodeRewriter, std::default_delete<pg::BytecodeRewriter> >::__uniq_ptr_impl(pg::BytecodeRewriter*)
155 10
cfi=(264)
cfn=(2744)
calls=1 1049 
* 52
* 4
cfn=(2788)
calls=1 +17 
* 47
* 5

fn=(5332)
79 7
+6 5
cfi=(274)
cfn=(5334)
calls=1 +32 
* 297
* 3
cob=(2)
cfi=(51)
cfn=(1774)
calls=1 -85 
* 99
+1 4

fn=(2754)
961 6
+1 2
cob=(2)
cfi=(51)
cfn=(1486)
calls=1 0 
* 203
* 9
cfi=(274)
cfn=(2756)
calls=1 117 
* 149
* 4
cfn=(2782)
calls=1 281 
* 146
* 4

fn=(2784)
210 11
cfn=(2786)
calls=1 -55 
* 118
* 3

fn=(3650)
355 6
+4 3
cfn=(3652)
calls=1 172 
* 47
* 1
+1 4
+1 3
cfn=(3662)
calls=1 +65 
* 57
* 4
cfi=(222)
cfn=(3674) std::remove_reference<std::filesystem::__cxx11::path::_List::_Impl*&>::type&& std::move<std::filesystem::__cxx11::path::_List::_Impl*&>(std::filesystem::__cxx11::path::_List::_Impl*&)
calls=1 104 
* 7
* 4
cob=(2)
cfi=(51)
cfn=(3676) 0x000000000010eb10
calls=1 0 
* 2051
+1 2
+1 4

fn=(2312)
172 16
cfi=(264)
cfn=(2314) std::tuple_element<0ul, std::tuple<pg::Logger*, std::default_delete<pg::Logger> > >::type& std::get<0ul, pg::Logger*, std::default_delete<pg::Logger> >(std::tuple<pg::Logger*, std::default_delete<pg::Logger> >&)
calls=2 1393 
* 74
* 4

fn=(2788)
172 56
cfi=(264)
cfn=(2790) std::tuple_element<0ul, std::tuple<pg::BytecodeRewriter*, std::default_delete<pg::BytecodeRewriter> > >::type& std::get<0ul, pg::BytecodeRewriter*, std::default_delete<pg::BytecodeRewriter> >(std::tuple<pg::BytecodeRewriter*, std::default_delete<pg::BytecodeRewriter> >&)
calls=7 1393 
* 259
* 14

fn=(2806)
177 7
+2 3
cfn=(2788)
calls=1 -7 
* 47
* 2
+1 4
cfn=(2788)
calls=1 -8 
* 47
* 1
+1 2
+2 4

fn=(2298) std::__uniq_ptr_data<pg::Logger, std::default_delete<pg::Logger>, true, true>::__uniq_ptr_impl(pg::Logger*)
210 11
cfn=(2300) std::__uniq_ptr_impl<pg::Logger, std::default_delete<pg::Logger> >::__uniq_ptr_impl(pg::Logger*)
calls=1 -55 
* 118
* 3

fn=(2300)
155 10
cfi=(264)
cfn=(2302) std::tuple<pg::Logger*, std::default_delete<pg::Logger> >::tuple<true, true>()
calls=1 1049 
* 52
* 4
cfn=(2312)
calls=1 +17 
* 47
* 5

fn=(5464)
174 8
cfi=(264)
cfn=(5466) std::tuple_element<1ul, std::tuple<pg::Logger*, std::default_delete<pg::Logger> > >::type& std::get<1ul, pg::Logger*, std::default_delete<pg::Logger> >(std::tuple<pg::Logger*, std::default_delete<pg::Logger> >&)
calls=1 1393 
* 37
* 2

fn=(2296)
281 6
+1 5
cfn=(2298)
calls=1 -72 
* 132
+1 3

fn=(2738)
269 5
+1 5
cfn=(2740) std::__uniq_ptr_data<pg::BytecodeRewriter, std::default_delete<pg::BytecodeRewriter>, true, true>::__uniq_ptr_impl()
calls=1 -60 
* 74
+1 3

fn=(2740)
210 8
cfn=(2742)
calls=1 -56 
* 63
* 3

fn=(3664)
174 8
cfi=(264)
cfn=(3666) std::tuple_element<1ul, std::tuple<std::filesystem::__cxx11::path::_List::_Impl*, std::filesystem::__cxx11::path::_List::_Impl_deleter> >::type& std::get<1ul, std::filesystem::__cxx11::path::_List::_Impl*, std::filesystem::__cxx11::path::_List::_Impl_deleter>(std::tuple<std::filesystem::__cxx11::path::_List::_Impl*, std::filesystem::__cxx11::path::_List::_Impl_deleter>&)
calls=1 1393 
* 37
* 2

fl=(197)
fn=(3740)
372 1699593
+2 485598
+5 242799
-2 485598
+12 1456794
cob=(2)
cfi=(51)
cfn=(3742) 0x000000000010ec30
calls=242799 0 
* 5098743
* 242799
+1 485598

fn=(1348)
393 1176
290 168
396 336
+3 504
cob=(2)
cfi=(51)
cfn=(1350) 0x000000000010ec20
calls=168 0 
* 2820
* 168
+1 336

fl=(199) /usr/include/c++/11/ext/type_traits.h
fn=(1354) bool __gnu_cxx::__is_null_pointer<char const>(char const*)
152 648
+1 648

fn=(2006) bool __gnu_cxx::__is_null_pointer<char>(char*)
152 1944192
+1 1944192

fl=(195)
fn=(1386)
318 128
cfi=(204)
cfn=(1388) std::vector<pg::UnserializedObject, std::allocator<pg::UnserializedObject> >::vector()
calls=16 487 
* 1072
* 64
cob=(2)
cfi=(51)
cfn=(1400)
calls=16 0 
* 128
* 64
cob=(2)
cfi=(51)
cfn=(1400)
calls=16 0 
* 128
* 64
cob=(2)
cfi=(51)
cfn=(1400)
calls=16 0 
* 128
* 112

fn=(5478)
310 144
cob=(2)
cfi=(51)
cfn=(2072)
calls=16 0 
* 128
* 64
cob=(2)
cfi=(51)
cfn=(2072)
calls=16 0 
* 128
* 64
cob=(2)
cfi=(51)
cfn=(2072)
calls=16 0 
* 128
* 48
cfi=(204)
cfn=(5480) std::vector<pg::UnserializedObject, std::allocator<pg::UnserializedObject> >::~vector()
calls=16 678 
* 2208
* 48

fl=(216)
fn=(5650)
222 8
fi=(218) /home/corse/Documents/PgEngine/import/taskflow-3.6.0/taskflow/core/../utility/object_pool.hpp
+3 6
cfi=(204)
cfn=(1510) std::vector<tf::ObjectPool<tf::Node, 65536ul>::LocalHeap, std::allocator<tf::ObjectPool<tf::Node, 65536ul>::LocalHeap> >::begin()
calls=1 811 
* 31
* 4
cfi=(204)
cfn=(1514) std::vector<tf::ObjectPool<tf::Node, 65536ul>::LocalHeap, std::allocator<tf::ObjectPool<tf::Node, 65536ul>::LocalHeap> >::end()
calls=1 829 
* 32
* 98
cfi=(225)
cfn=(1520)
calls=32 1042 
* 256
* 32
fe=(216)
+1 64
+1 1920
cfi=(218)
cfn=(5654) void tf::ObjectPool<tf::Node, 65536ul>::_for_each_block_safe<tf::ObjectPool<tf::Node, 65536ul>::~_for_each_block_safe()::{lambda(tf::ObjectPool<tf::Node, 65536ul>::Block*)#1}>(tf::ObjectPool<tf::Node, 65536ul>::Blocklist*, tf::ObjectPool<tf::Node, 65536ul>::~_for_each_block_safe()::{lambda(tf::ObjectPool<tf::Node, 65536ul>::Block*)#1}&&)
calls=160 547 
* 3360
-1 544
-1 96
cfi=(225)
cfn=(1522)
calls=32 1052 
* 384
* 165
cfi=(225)
cfn=(1516)
calls=33 1179 
* 1122
* 66
+10 7
cfn=(5658) void tf::ObjectPool<tf::Node, 65536ul>::_for_each_block_safe<tf::ObjectPool<tf::Node, 65536ul>::~_for_each_block_safe()::{lambda(tf::ObjectPool<tf::Node, 65536ul>::Block*)#2}>(tf::ObjectPool<tf::Node, 65536ul>::Blocklist*, tf::ObjectPool<tf::Node, 65536ul>::~_for_each_block_safe()::{lambda(tf::ObjectPool<tf::Node, 65536ul>::Block*)#2}&&)
calls=1 547 
* 21
fi=(218)
+4 4
cfi=(204)
cfn=(5660) std::vector<tf::ObjectPool<tf::Node, 65536ul>::LocalHeap, std::allocator<tf::ObjectPool<tf::Node, 65536ul>::LocalHeap> >::~vector()
calls=1 678 
* 318
* 6
fe=(216)

fn=(1436) tf::ObjectPool<tf::Node, 65536ul>::_next_pow2(unsigned int) const
766 5
+1 2
+1 1
+1 3
+1 3
+1 3
+1 3
+1 3
+1 1
fi=(218)
+1 1
fe=(216)
+1 2

fn=(1434) tf::ObjectPool<tf::Node, 65536ul>::ObjectPool(unsigned int)
204 11
+4 7
cfn=(1436)
calls=1 766 
* 27
* 4
fi=(218)
+1 4
cfi=(216)
cfn=(1438) tf::ObjectPool<tf::Node, 65536ul>::GlobalHeap::GlobalHeap()
calls=1 90 
* 35
* 8
cfi=(205)
cfn=(1446) std::allocator<tf::ObjectPool<tf::Node, 65536ul>::LocalHeap>::allocator()
calls=1 -53 
* 18
* 5
cfi=(204)
cfn=(1450) std::vector<tf::ObjectPool<tf::Node, 65536ul>::LocalHeap, std::allocator<tf::ObjectPool<tf::Node, 65536ul>::LocalHeap> >::vector(unsigned long, std::allocator<tf::ObjectPool<tf::Node, 65536ul>::LocalHeap> const&)
calls=1 510 
* 3838
* 3
cfi=(205)
cfn=(1468) std::allocator<tf::ObjectPool<tf::Node, 65536ul>::LocalHeap>::~allocator()
calls=1 -35 
* 18
fe=(216)
+2 6
cfn=(1508) tf::ObjectPool<tf::Node, 65536ul>::_blocklist_init_head(tf::ObjectPool<tf::Node, 65536ul>::Blocklist*)
calls=1 387 
* 14
fi=(218)
+2 6
cfi=(204)
cfn=(1510)
calls=1 811 
* 31
* 4
cfi=(204)
cfn=(1514)
calls=1 829 
* 32
* 98
cfi=(225)
cfn=(1520)
calls=32 1042 
* 256
* 32
fe=(216)
+1 64
+1 1760
cfn=(1508)
calls=160 387 
* 2240
-1 544
-1 96
cfi=(225)
cfn=(1522)
calls=32 1052 
* 384
* 165
cfi=(225)
cfn=(1516)
calls=33 1179 
* 1122
* 66
+5 9

fn=(1506)
95 256
cfi=(217)
cfn=(1440)
calls=32 -4 
* 768
* 224

fn=(5658)
547 7
+3 10
+3 4

fn=(1438)
90 8
cfi=(217)
cfn=(1440)
calls=1 +1 
* 24
* 3

fn=(1508)
387 805
+1 483
fi=(218)
+1 483
+1 483
fe=(216)

fl=(222)
fn=(1734)
77 352
+1 264

fn=(2450) std::remove_reference<std::shared_ptr<pg::TerminalSink>&>::type&& std::move<std::shared_ptr<pg::TerminalSink>&>(std::shared_ptr<pg::TerminalSink>&)
104 4
+1 3

fn=(2628) std::__cxx11::basic_string<char, std::char_traits<char>, std::allocator<char> > const& std::forward<std::__cxx11::basic_string<char, std::char_traits<char>, std::allocator<char> > const&>(std::remove_reference<std::__cxx11::basic_string<char, std::char_traits<char>, std::allocator<char> > const&>::type&)
77 20
+1 15

fn=(3754)
77 1776
+1 1332

fn=(3756)
77 312
+1 234

fn=(4432)
77 464
+1 348

fn=(5520) std::__detail::_Hash_node<std::pair<std::__cxx11::basic_string<char, std::char_traits<char>, std::allocator<char> > const, pg::TokenType>, true>* std::__addressof<std::__detail::_Hash_node<std::pair<std::__cxx11::basic_string<char, std::char_traits<char>, std::allocator<char> > const, pg::TokenType>, true> >(std::__detail::_Hash_node<std::pair<std::__cxx11::basic_string<char, std::char_traits<char>, std::allocator<char> > const, pg::TokenType>, true>&)
49 72
+1 54

fn=(5578) std::__detail::_Hash_node<std::pair<std::__cxx11::basic_string<char, std::char_traits<char>, std::allocator<char> > const, pg::Logger::LogSink::Filter*>, true>* std::__addressof<std::__detail::_Hash_node<std::pair<std::__cxx11::basic_string<char, std::char_traits<char>, std::allocator<char> > const, pg::Logger::LogSink::Filter*>, true> >(std::__detail::_Hash_node<std::pair<std::__cxx11::basic_string<char, std::char_traits<char>, std::allocator<char> > const, pg::Logger::LogSink::Filter*>, true>&)
49 16
+1 12

fn=(2818)
77 4
+1 3

fn=(3096)
77 64
+1 48

fn=(3920)
77 328
+1 246

fn=(4428) std::remove_reference<unsigned char&>::type&& std::move<unsigned char&>(unsigned char&)
104 144
+1 108

fn=(4556)
77 236
+1 177

fn=(5084)
77 32
+1 24

fn=(5210)
145 20
+1 12
cfn=(5212) std::__detail::_Hash_node<std::pair<void* const, int>, false>* std::__addressof<std::__detail::_Hash_node<std::pair<void* const, int>, false> >(std::__detail::_Hash_node<std::pair<void* const, int>, false>&)
calls=4 -97 
* 28
* 8

fn=(5576)
145 20
+1 12
cfn=(5578)
calls=4 -97 
* 28
* 8

fn=(1732)
77 280
+1 210

fn=(1856)
77 12
+1 9

fn=(1864)
77 4
+1 3

fn=(1908)
77 8
+1 6

fn=(3790)
104 84
+1 84

fn=(4044)
49 1732
+1 1299

fn=(5330)
104 4
+1 3

fn=(1578)
77 4
+1 3

fn=(1852)
77 12
+1 9

fn=(3930)
77 228
+1 171

fn=(4878)
77 24
+1 18

fn=(5108) std::__cxx11::basic_string<char, std::char_traits<char>, std::allocator<char> >&& std::forward<std::__cxx11::basic_string<char, std::char_traits<char>, std::allocator<char> >&&>(std::remove_reference<std::__cxx11::basic_string<char, std::char_traits<char>, std::allocator<char> >&&>::type&)
77 8
+1 6

fn=(5150)
77 971140
+1 728355

fn=(1500)
49 128
+1 96

fn=(1618)
77 2800
+1 2100

fn=(1766)
145 45
+1 27
cfn=(1768) std::__detail::_Hash_node_base** std::__addressof<std::__detail::_Hash_node_base*>(std::__detail::_Hash_node_base*&)
calls=9 -97 
* 63
* 18

fn=(2584)
77 176
+1 132

fn=(3140) void* const& std::forward<void* const&>(std::remove_reference<void* const&>::type&)
77 16
+1 12

fn=(4528)
77 556
+1 417

fn=(5518)
145 90
+1 54
cfn=(5520)
calls=18 -97 
* 126
* 36

fn=(1586)
77 8
+1 6

fn=(1930)
77 472
+1 354

fn=(2050)
77 72
+1 54

fn=(2502)
77 12
+1 9

fn=(2582)
77 80
+1 60

fn=(3918)
77 360
+1 270

fn=(3990)
77 20
+1 15

fn=(4654)
77 128
+1 96

fn=(5212)
49 16
+1 12

fn=(5434)
145 15
+1 9
cfn=(5436) std::__detail::_Hash_node<std::pair<std::__cxx11::basic_string<char, std::char_traits<char>, std::allocator<char> > const, pg::Value>, true>* std::__addressof<std::__detail::_Hash_node<std::pair<std::__cxx11::basic_string<char, std::char_traits<char>, std::allocator<char> > const, pg::Value>, true> >(std::__detail::_Hash_node<std::pair<std::__cxx11::basic_string<char, std::char_traits<char>, std::allocator<char> > const, pg::Value>, true>&)
calls=3 -97 
* 21
* 6

fn=(5638)
145 350
+1 210
cfn=(5640) std::__detail::_Hash_node<std::pair<pg::TokenType const, pg::ParseRule>, false>* std::__addressof<std::__detail::_Hash_node<std::pair<pg::TokenType const, pg::ParseRule>, false> >(std::__detail::_Hash_node<std::pair<pg::TokenType const, pg::ParseRule>, false>&)
calls=70 -97 
* 490
* 140

fn=(1768)
49 36
+1 27

fn=(1896)
77 4
+1 3

fn=(2382)
49 8
+1 6

fn=(2868)
104 104
+1 78

fn=(4048)
77 864
+1 648

fn=(4966)
77 80
+1 60

fn=(5436)
49 12
+1 9

fn=(1574)
77 4
+1 3

fn=(1846)
77 16
+1 12

fn=(1848)
77 632
+1 474

fn=(1900)
77 4
+1 3

fn=(2580)
77 176
+1 132

fn=(3674)
104 4
+1 3

fn=(4320) std::remove_reference<pg::Local&>::type&& std::move<pg::Local&>(pg::Local&)
104 4
+1 3

fn=(4324)
77 16
+1 12

fn=(5538)
49 4
+1 3

fn=(5640)
49 280
+1 210

fn=(1860)
77 20
+1 15

fn=(1868)
77 8
+1 6

fn=(4906)
49 4
+1 3

fn=(5474)
104 4
+1 3

fl=(262)
fn=(2292)
99 8
cfn=(2294) std::__recursive_mutex_base::__recursive_mutex_base()
calls=1 -21 
* 15
* 3

fn=(2342)
106 5
+2 3
cfi=(265) /usr/include/x86_64-linux-gnu/c++/11/bits/gthr-default.h
cfn=(2344) __gthread_recursive_mutex_lock(pthread_mutex_t*)
calls=1 810 
* 74
* 1
+3 2
+2 3

fn=(2534)
123 5
+3 3
cfi=(265)
cfn=(2536) __gthread_recursive_mutex_unlock(pthread_mutex_t*)
calls=1 831 
* 65
+1 3

fn=(2294)
78 15

fl=(280)
fn=(3276)
573 80
+2 40
cfn=(3278) std::_Deque_base<pg::Token, std::allocator<pg::Token> >::_M_get_map_allocator() const
calls=8 -20 
* 344
+1 40
cfi=(219)
cfn=(3286)
calls=8 463 
* 832
* 16
+1 24
cfi=(205)
cfn=(3292) std::allocator<pg::Token*>::~allocator()
calls=8 174 
* 144
-1 8
+1 48

fn=(3280) std::_Deque_base<pg::Token, std::allocator<pg::Token> >::_M_get_Tp_allocator() const
551 104
+1 78

fn=(3940)
1233 60
+1 84
cfn=(3942) std::operator-(std::_Deque_iterator<pg::Token, pg::Token&, pg::Token*> const&, std::_Deque_iterator<pg::Token, pg::Token&, pg::Token*> const&)
calls=12 353 
* 816
* 24

fn=(3944)
1238 35
+1 21
cfn=(3280)
calls=7 551 
* 49
* 14
cfn=(3946) std::deque<pg::Token, std::allocator<pg::Token> >::_S_max_size(std::allocator<pg::Token> const&)
calls=7 1834 
* 469
* 14

fn=(4024)
1154 24
+1 24
cfn=(4026) std::_Deque_iterator<pg::Token, pg::Token const&, pg::Token const*>::_Deque_iterator<std::_Deque_iterator<pg::Token, pg::Token&, pg::Token*>, void>(std::_Deque_iterator<pg::Token, pg::Token&, pg::Token*> const&)
calls=4 164 
* 96
* 12

fn=(4026)
164 1410
+1 2256
+1 3102

fn=(4054)
188 1080
+2 1080
+1 1296
+2 168
cfn=(3306)
calls=24 +67 
* 1152
+1 96
+2 24
+1 48
-1 192
+1 384

fn=(4182)
378 7
+2 5
cfn=(4032)
calls=1 168 
* 24
+1 5
cfn=(4184) std::_Deque_iterator<pg::Token, pg::Token const&, pg::Token const*>::operator+=(long)
calls=1 228 
* 64
+1 1
+1 3

fn=(4230)
1006 54
+1 18
cfn=(4022)
calls=6 547 
* 42
* 36
cfn=(3768) std::deque<pg::Token, std::allocator<pg::Token> >::end()
calls=6 1145 
* 234
* 30
cfn=(4232) std::deque<pg::Token, std::allocator<pg::Token> >::begin()
calls=6 1128 
* 234
* 36
cfn=(4234) std::deque<pg::Token, std::allocator<pg::Token> >::_M_destroy_data(std::_Deque_iterator<pg::Token, pg::Token&, pg::Token*>, std::_Deque_iterator<pg::Token, pg::Token&, pg::Token*>, std::allocator<pg::Token> const&)
calls=6 2045 
* 13401
* 18
cfn=(4248) std::_Deque_base<pg::Token, std::allocator<pg::Token> >::~_Deque_base()
calls=6 596 
* 9050
* 42

fn=(4232)
1128 36
+1 36
cfn=(3770)
calls=6 168 
* 144
* 18

fn=(3260) std::_Deque_base<pg::Token, std::allocator<pg::Token> >::_Deque_base()
437 18
+1 9
cfn=(3262) std::_Deque_base<pg::Token, std::allocator<pg::Token> >::_Deque_impl::_Deque_impl()
calls=3 +86 
* 246
+1 12
cfn=(3272) std::_Deque_base<pg::Token, std::allocator<pg::Token> >::_M_initialize_map(unsigned long)
calls=3 617 
* 2061
* 12

fn=(4032)
168 175
+1 280
+1 385

fn=(4224) std::_Deque_iterator<pg::Token, pg::Token&, pg::Token*>::operator-=(long)
247 6
+1 7
cfn=(4226) std::_Deque_iterator<pg::Token, pg::Token&, pg::Token*>::operator+=(long)
calls=1 -20 
* 152
* 2

fn=(4226)
228 7
+2 14
+1 5
+5 2
+1 3
+1 1
cfn=(3308) std::_Deque_iterator<pg::Token, pg::Token&, pg::Token*>::_S_buffer_size()
calls=1 131 
* 19
* 4
-2 1
-1 1
+4 9
cfn=(3306)
calls=1 +21 
* 48
+1 2
+1 1
cfn=(3308)
calls=1 131 
* 19
* 2
-1 10
+3 1
+1 3

fn=(3298)
559 180
+3 72
cfn=(3274) std::__deque_buf_size(unsigned long)
calls=36 97 
* 432
* 180
cfi=(219)
cfn=(3300)
calls=36 -99 
* 9155
+1 72

fn=(3952)
2126 36
+2 24
+1 60
-1 12
+2 6
cfi=(296)
cfn=(3960)
calls=1 931 
* 819
+1 18

fn=(4004)
896 33
+2 12
cfn=(3940)
calls=3 1233 
* 246
* 3
-1 9
cfn=(3280)
calls=3 551 
* 21
* 3
+1 12
cfi=(281)
cfn=(4006)
calls=3 97 
* 168
* 15
cfn=(4014) std::_Deque_base<pg::Token, std::allocator<pg::Token> >::_Deque_base(std::allocator<pg::Token> const&, unsigned long)
calls=3 445 
* 7916
* 9
cfi=(205)
cfn=(4018) std::allocator<pg::Token>::~allocator()
calls=3 174 
* 54
+3 9
cfn=(4022)
calls=3 547 
* 21
* 3
-1 6
-1 12
cfn=(3770)
calls=3 168 
* 72
* 15
cfn=(4024)
calls=3 1154 
* 117
* 15
cfn=(4028)
calls=3 1136 
* 117
* 21
cfi=(221)
cfn=(4030)
calls=3 331 
* 53787
+2 27

fn=(4038)
291 1320
+1 1100
cfn=(4040) std::operator==(std::_Deque_iterator<pg::Token, pg::Token const&, pg::Token const*> const&, std::_Deque_iterator<pg::Token, pg::Token const&, pg::Token const*> const&)
calls=220 -24 
* 2860
* 660

fn=(4222) std::operator-(std::_Deque_iterator<pg::Token, pg::Token&, pg::Token*> const&, long)
386 7
+2 5
cfn=(3770)
calls=1 168 
* 24
+1 5
cfn=(4224)
calls=1 247 
* 167
+1 1
+1 3

fn=(3258)
834 24
cfn=(3260)
calls=3 437 
* 2358
* 9

fn=(3270) std::_Deque_iterator<pg::Token, pg::Token&, pg::Token*>::_Deque_iterator()
151 48
+1 132

fn=(3274)
97 816
+1 1632

fn=(3272)
617 60
+3 12
cfn=(3274)
calls=6 97 
* 72
* 36
+4 18
-1 36
cfi=(220)
cfn=(2488)
calls=6 254 
* 87
* 18
+2 36
cfn=(3276)
calls=6 -52 
* 1182
* 12
+7 12
+1 30
-1 12
+2 30
+3 36
cfn=(3296) std::_Deque_base<pg::Token, std::allocator<pg::Token> >::_M_create_nodes(pg::Token**, pg::Token**)
calls=6 +19 
* 7061
+9 36
cfn=(3306)
calls=6 260 
* 288
+1 42
cfn=(3306)
calls=6 260 
* 288
+1 24
+1 12
+2 12
cfn=(3274)
calls=6 97 
* 72
* 36
-1 30
-1 12
+3 42

fn=(3296)
656 48
+6 18
+1 72
cfn=(3298)
calls=24 559 
* 6737
* 48
-1 114
+8 24

fn=(3774)
180 1080
+1 1080

fn=(3942)
353 72
+2 12
cfn=(3308)
calls=12 131 
* 228
* 12
+1 204
+1 132
+1 132
+1 24

fn=(4184)
228 7
+2 14
+1 3
cfn=(4058) std::_Deque_iterator<pg::Token, pg::Token const&, pg::Token const*>::_S_buffer_size()
calls=1 131 
* 19
* 6
+1 11
+11 1
+1 3

fn=(4212)
353 6
+2 1
cfn=(4058)
calls=1 131 
* 19
* 1
+1 17
+1 11
+1 11
+1 2

fn=(4248)
596 30
+3 24
+3 12
-1 42
cfn=(4250) std::_Deque_base<pg::Token, std::allocator<pg::Token> >::_M_destroy_nodes(pg::Token**, pg::Token**)
calls=6 +73 
* 7364
+2 48
cfn=(3980)
calls=6 -23 
* 1320
+2 18
cfn=(4258) std::_Deque_base<pg::Token, std::allocator<pg::Token> >::_Deque_impl::~_Deque_impl()
calls=6 -84 
* 174
* 18

fn=(4252)
566 216
+3 72
cfn=(3274)
calls=36 97 
* 432
* 216
cfi=(219)
cfn=(4254)
calls=36 -74 
* 6975
+1 108

fn=(4258)
521 48
cfi=(205)
cfn=(4018)
calls=6 174 
* 108
* 18

fn=(4268)
1416 2184
+3 1365
cfn=(4028)
calls=273 1136 
* 10647
* 819
cfn=(4042)
calls=273 180 
* 2184
+1 1365

fn=(3772) std::_Deque_iterator<pg::Token, pg::Token&, pg::Token*>::operator--()
208 270
+2 324
+2 42
cfn=(3306)
calls=6 +48 
* 288
+1 24
+2 30
+1 6
+1 12
-2 240
+1 48
+1 96

fn=(4214)
2090 10
+2 2
+1 8
-1 1
+2 3
+1 7
cfi=(296)
cfn=(4216)
calls=1 881 
* 2780
+1 7
cfn=(4222)
calls=1 386 
* 212
+1 6

fn=(4250)
674 42
+4 18
+1 186
cfn=(4252)
calls=31 566 
* 6952
-1 142
+2 24

fn=(3268) std::_Deque_base<pg::Token, std::allocator<pg::Token> >::_Deque_impl_data::_Deque_impl_data()
495 30
+1 48
cfn=(3270)
calls=6 151 
* 90
* 24
cfn=(3270)
calls=6 151 
* 90
+1 18

fn=(3278)
555 96
+1 48
cfn=(3280)
calls=16 -5 
* 112
* 80
cfi=(205)
cfn=(3282) std::allocator<pg::Token*>::allocator<pg::Token>(std::allocator<pg::Token> const&)
calls=16 169 
* 304
* 48

fn=(3766)
1427 432
+3 270
cfn=(3768)
calls=54 1145 
* 2106
+1 162
cfn=(3772)
calls=54 208 
* 1380
+1 162
cfn=(3774)
calls=54 180 
* 432
+1 270

fn=(3768)
1145 360
+1 360
cfn=(3770)
calls=60 168 
* 1440
* 180

fn=(3770)
168 520
+1 832
+1 1144

fn=(3946)
1834 56
+2 14
+1 21
cfi=(219)
cfn=(3948)
calls=7 547 
* 189
* 7
+1 35
cfi=(220)
cfn=(1466) unsigned long const& std::min<unsigned long>(unsigned long const&, unsigned long const&)
calls=7 230 
* 105
* 7
+1 35

fn=(4234)
2045 66
+4 30
cfn=(3770)
calls=6 168 
* 144
* 30
cfn=(3770)
calls=6 168 
* 144
* 36
cfi=(296)
cfn=(4236)
calls=6 859 
* 12915
+1 36

fn=(4296)
1532 318
+3 106
+1 159
-1 106
+3 240
cfn=(4022)
calls=48 547 
* 336
* 144
cfi=(219)
cfn=(4298)
calls=48 531 
* 2208
+2 240
+4 48
-1 15
cfi=(296)
cfn=(4400)
calls=5 576 
* 1752
+1 212

fn=(3306)
260 406
+2 174
+1 232
+1 174
cfn=(3308)
calls=58 131 
* 1102
* 464
+1 232

fn=(3308)
131 216
+1 144
cfn=(3274)
calls=72 -35 
* 864
* 144

fn=(4016) std::_Deque_base<pg::Token, std::allocator<pg::Token> >::_Deque_impl::_Deque_impl(std::allocator<pg::Token> const&)
529 18
+1 15
cfi=(205)
cfn=(4010)
calls=3 159 
* 66
* 9
cfn=(3268)
calls=3 -35 
* 150
+1 9

fn=(4022)
547 376
+1 282

fn=(4040)
268 1100
+1 1760

fn=(4056) std::_Deque_iterator<pg::Token, pg::Token const&, pg::Token const*>::_M_set_node(pg::Token**)
260 168
+2 72
+1 96
+1 72
cfn=(4058)
calls=24 131 
* 456
* 192
+1 96

fn=(4058)
131 78
+1 52
cfn=(3274)
calls=26 -35 
* 312
* 52

fn=(4290) std::operator==(std::_Deque_iterator<pg::Token, pg::Token&, pg::Token*> const&, std::_Deque_iterator<pg::Token, pg::Token&, pg::Token*> const&)
268 620
+1 992

fn=(3262)
524 15
+2 9
cfi=(205)
cfn=(3264) std::allocator<pg::Token>::allocator()
calls=3 156 
* 54
* 9
cfn=(3268)
calls=3 -31 
* 150
+1 9

fn=(3980)
580 80
+2 40
cfn=(3278)
calls=8 -27 
* 344
+1 48
cfi=(219)
cfn=(3982)
calls=8 -88 
* 1061
+1 24
cfi=(205)
cfn=(3292)
calls=8 174 
* 144
* 40

fn=(4014)
445 24
+1 15
cfn=(4016)
calls=3 +83 
* 267
+1 15
cfn=(3272)
calls=3 617 
* 7583
* 12

fn=(4028)
1136 1668
+1 1668
cfn=(4026)
calls=278 164 
* 6672
* 834

fn=(4042)
180 1956
+1 1956

fn=(4052)
188 1080
+2 1080
+1 1296
+2 168
cfn=(4056)
calls=24 +67 
* 1152
+1 96
+2 24
+1 48
-1 192
+1 384

fn=(4218)
807 66
+1 44
cfn=(3274)
calls=22 97 
* 264
* 44

fn=(4220)
2134 6
+2 2
+1 5
-1 2
+2 6
cfi=(296)
cfn=(3960)
calls=1 931 
* 801
+1 3

fn=(4288)
1311 620
+1 868
cfn=(4290)
calls=124 268 
* 1612
* 248

fl=(252)
fn=(3312)
193 9
+1 4
cob=(2)
cfi=(51)
cfn=(1334)
calls=1 0 
* 4
* 6
cfi=(196)
cfn=(1338)
calls=1 533 
* 194
* 3
cob=(2)
cfi=(51)
cfn=(1334)
calls=1 0 
* 4
* 6
cfi=(196)
cfn=(1338)
calls=1 533 
* 209
* 3
cob=(2)
cfi=(51)
cfn=(1334)
calls=1 0 
* 4
* 6
cfi=(196)
cfn=(1338)
calls=1 533 
* 194
* 3
cob=(2)
cfi=(51)
cfn=(1334)
calls=1 0 
* 4
* 6
cfi=(196)
cfn=(1338)
calls=1 533 
* 209
* 3
cob=(2)
cfi=(51)
cfn=(1334)
calls=1 0 
* 4
* 6
cfi=(196)
cfn=(1338)
calls=1 533 
* 319
* 16
cfi=(261)
cfn=(3314)
calls=1 442 
* 3612
* 4
cob=(2)
cfi=(51)
cfn=(2072)
calls=1 0 
* 104
* 3
cob=(2)
cfi=(51)
cfn=(1382)
calls=1 0 
* 4
* 3
cob=(2)
cfi=(51)
cfn=(2072)
calls=1 0 
* 8
* 3
cob=(2)
cfi=(51)
cfn=(1382)
calls=1 0 
* 4
* 3
cob=(2)
cfi=(51)
cfn=(2072)
calls=1 0 
* 8
* 3
cob=(2)
cfi=(51)
cfn=(1382)
calls=1 0 
* 4
* 3
cob=(2)
cfi=(51)
cfn=(2072)
calls=1 0 
* 8
* 3
cob=(2)
cfi=(51)
cfn=(1382)
calls=1 0 
* 4
* 3
cob=(2)
cfi=(51)
cfn=(2072)
calls=1 0 
* 8
* 3
cob=(2)
cfi=(51)
cfn=(1382)
calls=1 0 
* 4
+2 3
cfi=(282)
cfn=(3344)
calls=1 15 
* 31
+2 5
cfn=(3346) pg::FileAccessor::openTextFile(std::__cxx11::basic_string<char, std::char_traits<char>, std::allocator<char> > const&)
calls=1 -94 
* 59646
+2 6
cfi=(196)
cfn=(2992)
calls=1 6248 
* 63
* 2
+3 6
cfi=(196)
cfn=(2992)
calls=1 6248 
* 63
* 2
+2 5
cfi=(282)
cfn=(3690)
calls=1 15 
* 59
* 1
+6 3
cfi=(282)
cfn=(3692)
calls=1 15 
* 31
* 3
cfi=(282)
cfn=(3692)
calls=1 15 
* 31
* 3
cfi=(261)
cfn=(3688)
calls=1 -6 
* 2673
* 6

fn=(3346)
104 9
+1 4
cob=(2)
cfi=(51)
cfn=(1334)
calls=1 0 
* 4
* 6
cfi=(196)
cfn=(1338)
calls=1 533 
* 194
* 3
cob=(2)
cfi=(51)
cfn=(1334)
calls=1 0 
* 4
* 6
cfi=(196)
cfn=(1338)
calls=1 533 
* 209
* 3
cob=(2)
cfi=(51)
cfn=(1334)
calls=1 0 
* 4
* 6
cfi=(196)
cfn=(1338)
calls=1 533 
* 194
* 3
cob=(2)
cfi=(51)
cfn=(1334)
calls=1 0 
* 4
* 6
cfi=(196)
cfn=(1338)
calls=1 533 
* 209
* 3
cob=(2)
cfi=(51)
cfn=(1334)
calls=1 0 
* 4
* 6
cfi=(196)
cfn=(1338)
calls=1 533 
* 319
* 16
cfi=(261)
cfn=(3314)
calls=1 442 
* 3468
* 4
cob=(2)
cfi=(51)
cfn=(2072)
calls=1 0 
* 104
* 3
cob=(2)
cfi=(51)
cfn=(1382)
calls=1 0 
* 4
* 3
cob=(2)
cfi=(51)
cfn=(2072)
calls=1 0 
* 8
* 3
cob=(2)
cfi=(51)
cfn=(1382)
calls=1 0 
* 4
* 3
cob=(2)
cfi=(51)
cfn=(2072)
calls=1 0 
* 8
* 3
cob=(2)
cfi=(51)
cfn=(1382)
calls=1 0 
* 4
* 3
cob=(2)
cfi=(51)
cfn=(2072)
calls=1 0 
* 8
* 3
cob=(2)
cfi=(51)
cfn=(1382)
calls=1 0 
* 4
* 3
cob=(2)
cfi=(51)
cfn=(2072)
calls=1 0 
* 8
* 3
cob=(2)
cfi=(51)
cfn=(1382)
calls=1 0 
* 4
+2 5
cfn=(3348) pg::(anonymous namespace)::openTxtFile(std::__cxx11::basic_string<char, std::char_traits<char>, std::allocator<char> > const&)
calls=1 -83 
* 52106
+1 3
cfi=(261)
cfn=(3688)
calls=1 +97 
* 2654
-1 1
+1 6

fn=(3348)
24 11
+1 4
cob=(2)
cfi=(51)
cfn=(1334)
calls=1 -25 
* 4
* 6
cfi=(196)
cfn=(1338)
calls=1 533 
* 194
* 3
cob=(2)
cfi=(51)
cfn=(1334)
calls=1 -25 
* 4
* 6
cfi=(196)
cfn=(1338)
calls=1 533 
* 209
* 3
cob=(2)
cfi=(51)
cfn=(1334)
calls=1 -25 
* 4
* 6
cfi=(196)
cfn=(1338)
calls=1 533 
* 194
* 3
cob=(2)
cfi=(51)
cfn=(1334)
calls=1 -25 
* 4
* 6
cfi=(196)
cfn=(1338)
calls=1 533 
* 209
* 3
cob=(2)
cfi=(51)
cfn=(1334)
calls=1 -25 
* 4
* 6
cfi=(196)
cfn=(1338)
calls=1 533 
* 319
* 16
cfi=(261)
cfn=(3314)
calls=1 442 
* 3468
* 4
cob=(2)
cfi=(51)
cfn=(2072)
calls=1 -25 
* 104
* 3
cob=(2)
cfi=(51)
cfn=(1382)
calls=1 -25 
* 4
* 3
cob=(2)
cfi=(51)
cfn=(2072)
calls=1 -25 
* 8
* 3
cob=(2)
cfi=(51)
cfn=(1382)
calls=1 -25 
* 4
* 3
cob=(2)
cfi=(51)
cfn=(2072)
calls=1 -25 
* 8
* 3
cob=(2)
cfi=(51)
cfn=(1382)
calls=1 -25 
* 4
* 3
cob=(2)
cfi=(51)
cfn=(2072)
calls=1 -25 
* 8
* 3
cob=(2)
cfi=(51)
cfn=(1382)
calls=1 -25 
* 4
* 3
cob=(2)
cfi=(51)
cfn=(2072)
calls=1 -25 
* 8
* 3
cob=(2)
cfi=(51)
cfn=(1382)
calls=1 -25 
* 4
+5 6
cfi=(283)
cfn=(3350)
calls=1 288 
* 3439
+2 3
cfi=(284)
cfn=(3424)
calls=1 134 
* 2774
* 3
+6 4
cfi=(261)
cfn=(2822)
calls=1 +38 
* 231
* 5
cfi=(261)
cfn=(2824)
calls=1 +67 
* 99
* 5
cfi=(261)
cfn=(3456)
calls=1 +47 
* 232
* 5
cfi=(261)
cfn=(2824)
calls=1 +67 
* 482
* 4
cob=(2)
cfi=(51)
cfn=(1334)
calls=1 -38 
* 4
* 6
cfi=(196)
cfn=(1338)
calls=1 533 
* 209
* 3
cob=(2)
cfi=(51)
cfn=(1334)
calls=1 -38 
* 4
* 6
cfi=(196)
cfn=(1338)
calls=1 533 
* 194
* 3
cob=(2)
cfi=(51)
cfn=(1334)
calls=1 -38 
* 4
* 6
cfi=(196)
cfn=(1338)
calls=1 533 
* 209
* 3
cob=(2)
cfi=(51)
cfn=(1334)
calls=1 -38 
* 4
* 6
cfi=(196)
cfn=(1338)
calls=1 533 
* 319
* 13
cfi=(261)
cfn=(2850)
calls=1 425 
* 7526
* 4
cob=(2)
cfi=(51)
cfn=(2072)
calls=1 -38 
* 104
* 3
cob=(2)
cfi=(51)
cfn=(1382)
calls=1 -38 
* 4
* 3
cob=(2)
cfi=(51)
cfn=(2072)
calls=1 -38 
* 8
* 3
cob=(2)
cfi=(51)
cfn=(1382)
calls=1 -38 
* 4
* 3
cob=(2)
cfi=(51)
cfn=(2072)
calls=1 -38 
* 8
* 3
cob=(2)
cfi=(51)
cfn=(1382)
calls=1 -38 
* 4
* 3
cob=(2)
cfi=(51)
cfn=(2072)
calls=1 -38 
* 8
* 3
cob=(2)
cfi=(51)
cfn=(1382)
calls=1 -38 
* 4
* 3
cfi=(261)
cfn=(3062)
calls=1 +34 
* 115
+2 3
cob=(2)
cfi=(51)
cfn=(3458) 0x000000000010efc0
calls=1 -40 
* 2104
+2 6
cob=(2)
cfi=(51)
cfn=(3466) 0x000000000010f0b0
calls=1 -42 
* 3644
+2 1
+2 3
cob=(2)
cfi=(51)
cfn=(3520) 0x000000000010f260
calls=1 -46 
* 11
* 2
+2 3
cob=(2)
cfi=(51)
cfn=(1400)
calls=1 -48 
* 8
+1 3
cob=(2)
cfi=(51)
cfn=(1400)
calls=1 -49 
* 8
+2 1
+2 28
+1 65
cob=(2)
cfi=(51)
cfn=(2826)
calls=13 -54 
* 912
* 13
+2 1
+2 5
cob=(2)
cfi=(51)
cfn=(2986)
calls=1 -58 
* 58
* 65
cob=(2)
cfi=(51)
cfn=(2986)
calls=13 -58 
* 1715
-7 75
cob=(2)
cfi=(51)
cfn=(3524)
calls=15 -51 
* 7039
* 90
cob=(2)
cfi=(51)
cfn=(3554)
calls=15 -51 
* 90
* 30
+10 3
cob=(2)
cfi=(51)
cfn=(3558) 0x000000000010ea60
calls=1 -61 
* 5549
+4 5
cob=(2)
cfi=(51)
cfn=(1996)
calls=1 -65 
* 234
* 6
cob=(2)
cfi=(51)
cfn=(1996)
calls=1 -65 
* 614
* 1
+1 3
cob=(2)
cfi=(51)
cfn=(2072)
calls=1 -66 
* 104
* 3
cob=(2)
cfi=(51)
cfn=(2072)
calls=1 -66 
* 104
* 1
+4 3
cob=(2)
cfi=(51)
cfn=(3618) 0x000000000010ead0
calls=1 -70 
* 3530
* 3
cfi=(283)
cfn=(3646)
calls=1 313 
* 2323
+7 3
cfi=(261)
cfn=(3688)
calls=1 205 
* 2654
* 9

fn=(2084)
254 6
cfn=(2086) __static_initialization_and_destruction_0(int, int)
calls=1 * 
* 660
* 2

fn=(2086)
254 14
fi=(181)
74 3
cob=(2)
cfi=(51)
cfn=(830)
calls=1 -74 
* 27
* 7
cob=(2)
cfi=(51)
cfn=(1330)
calls=1 -74 
* 77
fi=(195)
-33 3
cob=(2)
cfi=(51)
cfn=(1334)
calls=1 -41 
* 4
* 7
cfi=(196)
cfn=(1338)
calls=1 533 
* 211
* 3
cob=(2)
cfi=(51)
cfn=(1382)
calls=1 -41 
* 4
* 7
cob=(2)
cfi=(51)
cfn=(1330)
calls=1 -41 
* 77
365 3
cfn=(1386)
calls=1 -47 
* 118
* 7
cob=(2)
cfi=(51)
cfn=(1330)
calls=1 0 
* 77
fi=(207)
670 4
fe=(252)
254 7

fl=(180)
fn=(824)
58 6
cfn=(826) __static_initialization_and_destruction_0(int, int)
calls=1 * 
* 116891
* 2

fn=(826)
58 14
fi=(181)
+16 3
cob=(2)
cfi=(51)
cfn=(830)
calls=1 -74 
* 103054
* 7
cob=(2)
cfi=(51)
cfn=(1330)
calls=1 -74 
* 77
fi=(195)
-33 3
cob=(2)
cfi=(51)
cfn=(1334)
calls=1 -41 
* 4
* 7
cfi=(196)
cfn=(1338)
calls=1 533 
* 1228
* 3
cob=(2)
cfi=(51)
cfn=(1382)
calls=1 -41 
* 4
* 7
cob=(2)
cfi=(51)
cfn=(1330)
calls=1 -41 
* 77
365 3
cfn=(1386)
calls=1 -47 
* 118
* 7
cob=(2)
cfi=(51)
cfn=(1330)
calls=1 0 
* 77
fi=(207)
670 7
cob=(2)
cfi=(51)
cfn=(1406) 0x000000000010f0c0
calls=1 0 
* 1188
* 4
cfi=(216)
cfn=(1434)
calls=1 204 
* 10907
* 7
cob=(2)
cfi=(51)
cfn=(1330)
calls=1 0 
* 77
fe=(180)
58 8

fn=(2102)
31 10
+2 2
cob=(2)
cfi=(51)
cfn=(2104) 0x000000000010ec00
calls=1 -33 
* 25222
+6 3
cob=(2)
cfi=(51)
cfn=(1400)
calls=1 -39 
* 8
+2 2
+3 2
+2 3
cob=(2)
cfi=(51)
cfn=(1334)
calls=1 -46 
* 4
* 8
cfi=(196)
cfn=(1338)
calls=1 533 
* 459
* 5
cob=(2)
cfi=(51)
cfn=(2276) 0x000000000010efd0
calls=1 -46 
* 31
* 3
cob=(2)
cfi=(51)
cfn=(2072)
calls=1 -46 
* 8
* 3
cob=(2)
cfi=(51)
cfn=(1382)
calls=1 -46 
* 4
* 1
+9 5
cfi=(226)
cfn=(2280) CompilerApp::CompilerApp(std::__cxx11::basic_string<char, std::char_traits<char>, std::allocator<char> > const&)
calls=1 -9 
* 12312
+2 3
cfi=(226)
cfn=(2676) CompilerApp::exec()
calls=1 +6 
* 1398985476
* 2
+1 3
cfi=(226)
cfn=(5452) CompilerApp::~CompilerApp()
calls=1 * 
* 115
* 3
cob=(2)
cfi=(51)
cfn=(2072)
calls=1 -58 
* 123
* 7

fl=(265)
fn=(2538) __gthread_mutex_unlock(pthread_mutex_t*)
777 4
+1 1
cfn=(2348) __gthread_active_p()
calls=1 301 
* 5
* 4
+1 3
cob=(2)
cfi=(51)
cfn=(2540) 0x000000000010edd0
calls=1 0 
* 36
* 1
+3 2

fn=(2348)
301 4
+1 2
+1 4

fn=(2344)
810 4
+1 3
cfn=(2346) __gthread_mutex_lock(pthread_mutex_t*)
calls=1 -64 
* 65
+1 2

fn=(2346)
747 4
+1 1
cfn=(2348)
calls=1 301 
* 5
* 4
+1 3
cob=(2)
cfi=(51)
cfn=(2350) 0x000000000010f130
calls=1 0 
* 45
* 1
+3 2

fn=(2536)
831 4
+1 3
cfn=(2538)
calls=1 -55 
* 56
+1 2

fl=(226)
fn=(5452)
58 5
+2 3
cob=(2)
cfi=(51)
cfn=(2072)
calls=1 -60 
* 104
* 3

fn=(1524)
164 6
cfn=(1526) __static_initialization_and_destruction_0(int, int)
calls=1 * 
* 660
* 2

fn=(2676)
63 5
+3 3
cob=(2)
cfi=(51)
cfn=(2678)
calls=1 -66 
* 6
* 3
+1 3
cfn=(2682) CompilerApp::runFile()
calls=1 +55 
* 1398985452
* 1
+4 1
+1 2

fn=(2682)
122 4106
+3 3
cfi=(273)
cfn=(2684)
calls=1 +39 
* 28763
+3 3
cob=(2)
cfi=(51)
cfn=(1334)
calls=1 0 
* 4
* 6
cfi=(196)
cfn=(1338)
calls=1 533 
* 211
* 6
cfi=(273)
cfn=(3064)
calls=1 426 
* 4098
* 3
cob=(2)
cfi=(51)
cfn=(2072)
calls=1 0 
* 8
* 3
cob=(2)
cfi=(51)
cfn=(1382)
calls=1 0 
* 4
+2 3
cfi=(278)
cfn=(3254)
calls=1 -95 
* 870
+4 5
cfi=(249)
cfn=(3310)
calls=1 438 
* 180567
+8 3
cfi=(278)
cfn=(4000)
calls=1 40 
* 7
* 5
cfi=(279)
cfn=(4002)
calls=1 -46 
* 20929
+2 3
cfi=(273)
cfn=(4060)
calls=1 416 
* 9574
+2 5
cfi=(228)
cfn=(4076)
calls=1 14 
* 1398708631
* 1
+2 6
+3 4
cfi=(261)
cfn=(2822)
calls=1 -75 
* 231
* 5
cfi=(261)
cfn=(2824)
calls=1 -46 
* 241
* 4
cob=(2)
cfi=(51)
cfn=(1334)
calls=1 0 
* 4
* 6
cfi=(196)
cfn=(1338)
calls=1 533 
* 214
* 3
cob=(2)
cfi=(51)
cfn=(1334)
calls=1 0 
* 4
* 6
cfi=(196)
cfn=(1338)
calls=1 533 
* 194
* 3
cob=(2)
cfi=(51)
cfn=(1334)
calls=1 0 
* 4
* 6
cfi=(196)
cfn=(1338)
calls=1 533 
* 211
* 3
cob=(2)
cfi=(51)
cfn=(1334)
calls=1 0 
* 4
* 6
cfi=(196)
cfn=(1338)
calls=1 533 
* 329
* 13
cfi=(261)
cfn=(2850)
calls=1 425 
* 7613
* 4
cob=(2)
cfi=(51)
cfn=(2072)
calls=1 0 
* 104
* 3
cob=(2)
cfi=(51)
cfn=(1382)
calls=1 0 
* 4
* 3
cob=(2)
cfi=(51)
cfn=(2072)
calls=1 0 
* 8
* 3
cob=(2)
cfi=(51)
cfn=(1382)
calls=1 0 
* 4
* 3
cob=(2)
cfi=(51)
cfn=(2072)
calls=1 0 
* 8
* 3
cob=(2)
cfi=(51)
cfn=(1382)
calls=1 0 
* 4
* 3
cob=(2)
cfi=(51)
cfn=(2072)
calls=1 0 
* 8
* 3
cob=(2)
cfi=(51)
cfn=(1382)
calls=1 0 
* 4
* 3
cfi=(261)
cfn=(3062)
calls=1 -79 
* 115
+3 6
cob=(2)
cfi=(51)
cfn=(2916)
calls=1 0 
* 156
* 4
cob=(2)
cfi=(51)
cfn=(2998)
calls=1 0 
* 315
+2 1
+8 3
cfi=(279)
cfn=(4228)
calls=1 -68 
* 5443
* 4
cfi=(278)
cfn=(5304)
calls=1 32 
* 5445
* 7
cfi=(273)
cfn=(5306)
calls=1 +3 
* 6839
* 7

fn=(1526)
164 14
fi=(195)
41 3
cob=(2)
cfi=(51)
cfn=(1334)
calls=1 -41 
* 4
* 7
cfi=(196)
cfn=(1338)
calls=1 533 
* 211
* 3
cob=(2)
cfi=(51)
cfn=(1382)
calls=1 -41 
* 4
* 7
cob=(2)
cfi=(51)
cfn=(1330)
calls=1 -41 
* 77
365 3
cfn=(1386)
calls=1 -47 
* 118
* 7
cob=(2)
cfi=(51)
cfn=(1330)
calls=1 0 
* 77
fi=(181)
74 3
cob=(2)
cfi=(51)
cfn=(830)
calls=1 -74 
* 27
* 7
cob=(2)
cfi=(51)
cfn=(1330)
calls=1 -74 
* 77
fi=(207)
670 4
fe=(226)
164 7

fn=(2280)
46 17
cob=(2)
cfi=(51)
cfn=(1996)
calls=1 -46 
* 378
+3 3
cfi=(261)
cfn=(2282)
calls=1 494 
* 3189
+2 3
cfi=(268)
cfn=(2544)
calls=1 984 
* 28
* 5
cob=(2)
cfi=(51)
cfn=(1486)
calls=1 -51 
* 203
* 5
cfi=(261)
cfn=(2550)
calls=1 335 
* 34
* 3
cob=(2)
cfi=(51)
cfn=(1334)
calls=1 -51 
* 4
* 6
cfi=(196)
cfn=(1338)
calls=1 533 
* 214
* 5
cfi=(261)
cfn=(2554)
calls=1 354 
* 1953
* 3
cob=(2)
cfi=(51)
cfn=(2072)
calls=1 -51 
* 8
* 3
cob=(2)
cfi=(51)
cfn=(1382)
calls=1 -51 
* 4
+2 3
cfi=(268)
cfn=(2544)
calls=1 984 
* 28
* 5
cob=(2)
cfi=(51)
cfn=(1486)
calls=1 -53 
* 203
* 5
cfi=(261)
cfn=(2550)
calls=1 335 
* 34
* 3
cob=(2)
cfi=(51)
cfn=(1334)
calls=1 -53 
* 4
* 6
cfi=(196)
cfn=(1338)
calls=1 533 
* 211
* 5
cfi=(261)
cfn=(2554)
calls=1 354 
* 1527
* 3
cob=(2)
cfi=(51)
cfn=(2072)
calls=1 -53 
* 8
* 3
cob=(2)
cfi=(51)
cfn=(1382)
calls=1 -53 
* 4
+1 3
cfi=(268)
cfn=(2544)
calls=1 984 
* 28
* 5
cob=(2)
cfi=(51)
cfn=(1486)
calls=1 -54 
* 203
* 5
cfi=(261)
cfn=(2550)
calls=1 335 
* 34
* 3
cob=(2)
cfi=(51)
cfn=(1334)
calls=1 -54 
* 4
* 6
cfi=(196)
cfn=(1338)
calls=1 533 
* 211
* 5
cfi=(261)
cfn=(2554)
calls=1 354 
* 1527
* 3
cob=(2)
cfi=(51)
cfn=(2072)
calls=1 -54 
* 8
* 3
cob=(2)
cfi=(51)
cfn=(1382)
calls=1 -54 
* 4
+1 3
cfi=(268)
cfn=(2544)
calls=1 984 
* 28
* 5
cob=(2)
cfi=(51)
cfn=(1486)
calls=1 -55 
* 203
* 5
cfi=(261)
cfn=(2550)
calls=1 335 
* 34
* 3
cob=(2)
cfi=(51)
cfn=(1334)
calls=1 -55 
* 4
* 6
cfi=(196)
cfn=(1338)
calls=1 533 
* 211
* 5
cfi=(261)
cfn=(2554)
calls=1 354 
* 1527
* 3
cob=(2)
cfi=(51)
cfn=(2072)
calls=1 -55 
* 8
* 3
cob=(2)
cfi=(51)
cfn=(1382)
calls=1 -55 
* 4
+1 3
cfi=(267)
cfn=(2668)
calls=1 +66 
* 75
* 10

fl=(267)
fn=(2458)
122 8
cfi=(268)
cfn=(2460)
calls=1 1154 
* 24
* 3

fn=(2668)
122 16
cfi=(268)
cfn=(2670)
calls=2 1154 
* 2506
* 6

fn=(2508) std::shared_ptr<pg::Logger::LogSink>::shared_ptr(std::shared_ptr<pg::Logger::LogSink> const&)
150 11
cfi=(268)
cfn=(2510)
calls=1 1152 
* 69
* 3

fn=(2354)
875 9
+3 3
cfi=(205)
cfn=(2356) std::allocator<pg::TerminalSink>::allocator()
calls=1 156 
* 18
+1 5
cfn=(2360) std::shared_ptr<pg::TerminalSink> std::allocate_shared<pg::TerminalSink, std::allocator<pg::TerminalSink>>(std::allocator<pg::TerminalSink> const&)
calls=1 -21 
* 970
* 1
-1 3
cfi=(205)
cfn=(2400)
calls=1 174 
* 18
+1 1
+1 7

fn=(2448)
313 7
+1 4
cfi=(222)
cfn=(2450)
calls=1 104 
* 7
* 3
cfi=(268)
cfn=(2452)
calls=1 1169 
* 53
* 4

fn=(2362) std::shared_ptr<pg::TerminalSink>::shared_ptr<std::allocator<pg::TerminalSink>>(std::_Sp_alloc_shared_tag<std::allocator<pg::TerminalSink> >)
408 6
+1 5
cfi=(268)
cfn=(2364)
calls=1 1341 
* 942
+1 3

fn=(2360)
858 6
+5 5
cfn=(2362)
calls=1 408 
* 956
+1 3

fl=(220)
fn=(4668)
313 192
+2 144

fn=(3978) pg::Token** std::__niter_wrap<pg::Token**>(pg::Token** const&, pg::Token**)
335 10
+1 6

fn=(4202) std::_Deque_iterator<pg::Token, pg::Token&, pg::Token*> std::__niter_wrap<std::_Deque_iterator<pg::Token, pg::Token&, pg::Token*> >(std::_Deque_iterator<pg::Token, pg::Token&, pg::Token*> const&, std::_Deque_iterator<pg::Token, pg::Token&, pg::Token*>)
335 7
+1 5
cfi=(280)
cfn=(3770)
calls=1 168 
* 24
* 3

fn=(3972) pg::Token** std::__copy_move_a2<false, pg::Token**, pg::Token**>(pg::Token**, pg::Token**, pg::Token**)
486 14
+9 12
cfn=(3974) pg::Token** std::__copy_move<false, true, std::random_access_iterator_tag>::__copy_m<pg::Token*>(pg::Token* const*, pg::Token* const*, pg::Token**)
calls=2 -75 
* 81
+1 4

fn=(4892)
313 48
+2 36

fn=(3968) pg::Token** std::__niter_base<pg::Token**>(pg::Token**)
313 24
+2 18

fn=(4192) std::_Deque_iterator<pg::Token, pg::Token&, pg::Token*> std::__niter_base<std::_Deque_iterator<pg::Token, pg::Token&, pg::Token*> >(std::_Deque_iterator<pg::Token, pg::Token&, pg::Token*>)
313 6
+2 5
cfi=(280)
cfn=(3770)
calls=1 168 
* 24
* 3

fn=(3798) __gnu_cxx::__normal_iterator<char const*, std::__cxx11::basic_string<char, std::char_traits<char>, std::allocator<char> > > std::__find_if<__gnu_cxx::__normal_iterator<char const*, std::__cxx11::basic_string<char, std::char_traits<char>, std::allocator<char> > >, __gnu_cxx::__ops::_Iter_pred<pg::(anonymous namespace)::isNumber(std::__cxx11::basic_string<char, std::char_traits<char>, std::allocator<char> > const&)::{lambda(unsigned char)#1}> >(__gnu_cxx::__normal_iterator<char const*, std::__cxx11::basic_string<char, std::char_traits<char>, std::allocator<char> > >, __gnu_cxx::__normal_iterator<char const*, std::__cxx11::basic_string<char, std::char_traits<char>, std::allocator<char> > >, __gnu_cxx::__ops::_Iter_pred<pg::(anonymous namespace)::isNumber(std::__cxx11::basic_string<char, std::char_traits<char>, std::allocator<char> > const&)::{lambda(unsigned char)#1}>, std::random_access_iterator_tag)
2061 84
+4 70
cfi=(225)
cfn=(3800)
calls=14 1268 
* 476
* 28
+2 42
+19 70
cfi=(225)
cfn=(3800)
calls=14 1268 
* 476
* 66
+3 25
cfi=(299)
cfn=(3804)
calls=5 317 
* 185
* 10
+1 10
+4 5
cfi=(299)
cfn=(3804)
calls=1 317 
* 37
* 2
+2 3
cfi=(225)
cfn=(3954)
calls=1 1052 
* 12
+3 45
cfi=(299)
cfn=(3804)
calls=9 317 
* 333
* 18
+1 10
+1 12
cfi=(225)
cfn=(3954)
calls=4 1052 
* 48
+4 4
+2 28

fn=(3970) pg::Token** std::__copy_move_a1<false, pg::Token**, pg::Token**>(pg::Token**, pg::Token**, pg::Token**)
521 14
+1 12
cfn=(3972)
calls=2 -36 
* 111
* 4

fn=(3974)
420 14
+9 8
+1 4
+1 14
cob=(2)
cfi=(51)
cfn=(3976)
calls=2 0 
* 29
+1 8
+1 4

fn=(4542)
313 312
+2 234

fn=(2526)
313 24
+2 18

fn=(3966) pg::Token** std::__copy_move_a<false, pg::Token**, pg::Token**>(pg::Token**, pg::Token**, pg::Token**)
527 18
+2 6
cfn=(3968)
calls=2 313 
* 14
* 8
cfn=(3968)
calls=2 313 
* 14
* 8
cfn=(3968)
calls=2 313 
* 14
* 8
cfn=(3970)
calls=2 -8 
* 141
* 10
cfn=(3978)
calls=2 335 
* 16
+4 10

fn=(4480)
313 312
+2 234

fn=(1466)
230 420
+5 504
+1 14
+1 77
+1 168

fn=(3794)
2112 70
+3 42
cfi=(201)
cfn=(3796)
calls=14 238 
* 84
-1 70
cfn=(3798)
calls=14 -53 
* 2099
+2 28

fn=(4186)
611 11
+9 5
cfi=(280)
cfn=(3770)
calls=1 168 
* 24
* 5
cfi=(280)
cfn=(4032)
calls=1 168 
* 24
* 5
cfi=(302) /usr/include/c++/11/bits/cpp_type_traits.h
cfn=(4188) std::_Deque_iterator<pg::Token, pg::Token const&, pg::Token const*> std::__miter_base<std::_Deque_iterator<pg::Token, pg::Token const&, pg::Token const*> >(std::_Deque_iterator<pg::Token, pg::Token const&, pg::Token const*>)
calls=1 -60 
* 38
* 5
cfi=(280)
cfn=(4032)
calls=1 168 
* 24
* 5
cfi=(302)
cfn=(4188)
calls=1 -60 
* 38
* 6
cfn=(4190) std::_Deque_iterator<pg::Token, pg::Token&, pg::Token*> std::__copy_move_a<false, std::_Deque_iterator<pg::Token, pg::Token const&, pg::Token const*>, std::_Deque_iterator<pg::Token, pg::Token&, pg::Token*> >(std::_Deque_iterator<pg::Token, pg::Token const&, pg::Token const*>, std::_Deque_iterator<pg::Token, pg::Token const&, pg::Token const*>, std::_Deque_iterator<pg::Token, pg::Token&, pg::Token*>)
calls=1 -93 
* 513
+1 6

fn=(4194) std::_Deque_iterator<pg::Token, pg::Token const&, pg::Token const*> std::__niter_base<std::_Deque_iterator<pg::Token, pg::Token const&, pg::Token const*> >(std::_Deque_iterator<pg::Token, pg::Token const&, pg::Token const*>)
313 12
+2 10
cfi=(280)
cfn=(4032)
calls=2 168 
* 48
* 6

fn=(2488)
254 230
+5 276
+1 24
+1 34
+1 92

fn=(3962)
611 16
+9 6
cfi=(302)
cfn=(3964) pg::Token** std::__miter_base<pg::Token**>(pg::Token**)
calls=2 -60 
* 14
* 8
cfi=(302)
cfn=(3964)
calls=2 -60 
* 14
* 12
cfn=(3966)
calls=2 -93 
* 267
+1 6

fn=(4190)
527 11
+5 5
cfi=(280)
cfn=(3770)
calls=1 168 
* 24
* 5
cfn=(4192)
calls=1 313 
* 38
* 5
cfi=(280)
cfn=(4032)
calls=1 168 
* 24
* 5
cfn=(4194)
calls=1 313 
* 38
* 5
cfi=(280)
cfn=(4032)
calls=1 168 
* 24
* 5
cfn=(4194)
calls=1 313 
* 38
* 6
cfi=(296)
cfn=(4196)
calls=1 1040 
* 229
* 6
cfn=(4202)
calls=1 335 
* 39
+1 6

fl=(251)
fn=(2082) __static_initialization_and_destruction_0(int, int)
1070 14
fi=(181)
74 3
cob=(2)
cfi=(51)
cfn=(830)
calls=1 -74 
* 27
* 7
cob=(2)
cfi=(51)
cfn=(1330)
calls=1 -74 
* 77
fi=(195)
-33 3
cob=(2)
cfi=(51)
cfn=(1334)
calls=1 -41 
* 4
* 7
cfi=(196)
cfn=(1338)
calls=1 533 
* 211
* 3
cob=(2)
cfi=(51)
cfn=(1382)
calls=1 -41 
* 4
* 7
cob=(2)
cfi=(51)
cfn=(1330)
calls=1 -41 
* 77
365 3
cfn=(1386)
calls=1 -47 
* 118
* 7
cob=(2)
cfi=(51)
cfn=(1330)
calls=1 0 
* 77
fi=(207)
670 4
fe=(251)
1070 7

fn=(2080)
1070 6
cfn=(2082)
calls=1 * 
* 660
* 2

fl=(247)
fn=(1822) __static_initialization_and_destruction_0(int, int)
183 14
fi=(195)
41 3
cob=(2)
cfi=(51)
cfn=(1334)
calls=1 -41 
* 4
* 7
cfi=(196)
cfn=(1338)
calls=1 533 
* 211
* 3
cob=(2)
cfi=(51)
cfn=(1382)
calls=1 -41 
* 4
* 7
cob=(2)
cfi=(51)
cfn=(1330)
calls=1 -41 
* 77
365 3
cfn=(1386)
calls=1 -47 
* 118
* 7
cob=(2)
cfi=(51)
cfn=(1330)
calls=1 0 
* 77
fe=(247)
183 7

fn=(1820)
183 6
cfn=(1822)
calls=1 * 
* 542
* 2

fl=(198)
fn=(2004) void std::__cxx11::basic_string<char, std::char_traits<char>, std::allocator<char> >::_M_construct<char*>(char*, char*, std::forward_iterator_tag)
206 5346528
+5 1458144
cfi=(199)
cfn=(2006)
calls=486048 -59 
* 3888384
* 2430240
+4 2430240
cfi=(200)
cfn=(2008)
calls=486048 -77 
* 15067488
* 486048
+2 1458144
+2 168
cob=(2)
cfi=(51)
cfn=(2264) 0x000000000010f2b0
calls=28 0 
* 4612
* 140
cob=(2)
cfi=(51)
cfn=(2268) 0x000000000010ee30
calls=28 0 
* 140
+1 140
cob=(2)
cfi=(51)
cfn=(2272) 0x000000000010f3a0
calls=28 0 
* 140
+5 1458144
cob=(2)
cfi=(51)
cfn=(1362) 0x000000000010ef30
calls=486048 0 
* 2430240
* 2916288
cob=(2)
cfi=(51)
cfn=(2014) 0x000000000010eb50
calls=486048 0 
* 14088995
+7 2430240
cob=(2)
cfi=(51)
cfn=(1378) 0x000000000010ed60
calls=486048 0 
* 3402336
+1 3402336

fn=(3318)
1169 66
+9 18
cfi=(197)
cfn=(1348)
calls=6 393 
* 192
* 6
+1 30
cob=(2)
cfi=(51)
cfn=(3320) 0x000000000010ebb0
calls=6 0 
* 30
* 30
cfi=(281)
cfn=(3324)
calls=6 97 
* 228
* 30
cob=(2)
cfi=(51)
cfn=(3332) 0x000000000010f250
calls=6 0 
* 48
* 18
cob=(2)
cfi=(51)
cfn=(1382)
calls=6 0 
* 24
* 18
cob=(2)
cfi=(51)
cfn=(1382)
calls=6 0 
* 24
+2 18
cob=(2)
cfi=(51)
cfn=(2974)
calls=6 0 
* 30
* 36
cob=(2)
cfi=(51)
cfn=(3336) 0x000000000010f1a0
calls=6 0 
* 702
+1 36
cob=(2)
cfi=(51)
cfn=(3340) 0x000000000010ea80
calls=6 0 
* 330
+1 30
cob=(2)
cfi=(51)
cfn=(2982)
calls=6 0 
* 342
+1 6
+1 42

fn=(1352)
206 1782
+5 486
cfi=(199)
cfn=(1354)
calls=162 -59 
* 1296
* 810
+4 810
cfi=(200)
cfn=(1356)
calls=162 -77 
* 5022
* 162
+2 486
+2 156
cob=(2)
cfi=(51)
cfn=(2264)
calls=26 0 
* 2186
* 130
cob=(2)
cfi=(51)
cfn=(2268)
calls=26 0 
* 130
+1 130
cob=(2)
cfi=(51)
cfn=(2272)
calls=26 0 
* 130
+5 486
cob=(2)
cfi=(51)
cfn=(1362)
calls=162 0 
* 810
* 972
cob=(2)
cfi=(51)
cfn=(1366) 0x000000000010ef40
calls=162 0 
* 4284
+7 810
cob=(2)
cfi=(51)
cfn=(1378)
calls=162 0 
* 1134
+1 1134

fl=(302)
fn=(4188)
560 12
+1 10
cfi=(280)
cfn=(4032)
calls=2 168 
* 48
* 6

fn=(3964)
560 16
+1 12

fl=(204)
fn=(4692)
1043 40
+3 32
+1 16

fn=(4854) std::_Vector_base<pg::ObjFunction*, std::allocator<pg::ObjFunction*> >::_M_get_Tp_allocator() const
280 16
+1 12

fn=(1398) std::_Vector_base<pg::UnserializedObject, std::allocator<pg::UnserializedObject> >::_Vector_impl_data::_Vector_impl_data()
97 64
+1 96
+1 48

fn=(1492) std::_Vector_base<tf::ObjectPool<tf::Node, 65536ul>::LocalHeap, std::allocator<tf::ObjectPool<tf::Node, 65536ul>::LocalHeap> >::_M_get_Tp_allocator()
276 8
+1 6

fn=(2730) std::_Vector_base<std::unique_ptr<pg::BytecodePass, std::default_delete<pg::BytecodePass> >, std::allocator<std::unique_ptr<pg::BytecodePass, std::default_delete<pg::BytecodePass> > > >::_Vector_impl::_Vector_impl()
131 5
+2 3
cfi=(205)
cfn=(2732) std::allocator<std::unique_ptr<pg::BytecodePass, std::default_delete<pg::BytecodePass> > >::allocator()
calls=1 +23 
* 18
* 3
cfn=(2736) std::_Vector_base<std::unique_ptr<pg::BytecodePass, std::default_delete<pg::BytecodePass> >, std::allocator<std::unique_ptr<pg::BytecodePass, std::default_delete<pg::BytecodePass> > > >::_Vector_impl_data::_Vector_impl_data()
calls=1 -36 
* 13
+1 3

fn=(2758)
487 8
cfn=(2760) std::_Vector_base<pg::RewriteRule, std::allocator<pg::RewriteRule> >::_Vector_base()
calls=1 288 
* 56
* 3

fn=(2762) std::_Vector_base<pg::RewriteRule, std::allocator<pg::RewriteRule> >::_Vector_impl::_Vector_impl()
131 5
+2 3
cfi=(205)
cfn=(2764) std::allocator<pg::RewriteRule>::allocator()
calls=1 +23 
* 18
* 3
cfn=(2768) std::_Vector_base<pg::RewriteRule, std::allocator<pg::RewriteRule> >::_Vector_impl_data::_Vector_impl_data()
calls=1 -36 
* 13
+1 3

fn=(2770)
487 8
cfn=(2772) std::_Vector_base<pg::AdvancedRewriteRule, std::allocator<pg::AdvancedRewriteRule> >::_Vector_base()
calls=1 288 
* 56
* 3

fn=(4148)
487 16
cfn=(4150) std::_Vector_base<int, std::allocator<int> >::_Vector_base()
calls=2 288 
* 112
* 6

fn=(4336) std::_Vector_base<pg::Local, std::allocator<pg::Local> >::_M_get_Tp_allocator() const
280 8
+1 6

fn=(4354)
343 6
+3 7
cfi=(219)
cfn=(4356)
calls=1 463 
* 104
* 1
+1 2

fn=(4444) std::_Vector_base<unsigned char, std::allocator<unsigned char> >::_M_get_Tp_allocator() const
280 104
+1 78

fn=(4514) std::vector<int, std::allocator<int> >::size() const
918 208
+1 468

fn=(4516)
811 104
+1 65
cfi=(225)
cfn=(4496)
calls=13 1027 
* 156
* 78

fn=(4522)
343 78
+3 91
cfi=(219)
cfn=(4524)
calls=13 463 
* 1918
* 13
+1 26

fn=(4536)
465 208
+4 156
cfn=(4538) std::vector<int, std::allocator<int> >::_S_do_relocate(int*, int*, int*, std::allocator<int>&, std::integral_constant<bool, true>)
calls=26 -16 
* 2561
+1 52

fn=(5296) std::_Vector_base<unsigned char, std::allocator<unsigned char> >::_Vector_impl::~_Vector_impl()
128 16
cfi=(205)
cfn=(5298) std::allocator<unsigned char>::~allocator()
calls=2 +46 
* 36
* 6

fn=(5346) std::_Vector_base<pg::AdvancedRewriteRule, std::allocator<pg::AdvancedRewriteRule> >::~_Vector_base()
333 5
+3 10
-1 7
cfn=(5348) std::_Vector_base<pg::AdvancedRewriteRule, std::allocator<pg::AdvancedRewriteRule> >::_M_deallocate(pg::AdvancedRewriteRule*, unsigned long)
calls=1 +15 
* 12
+2 3
cfn=(5350) std::_Vector_base<pg::AdvancedRewriteRule, std::allocator<pg::AdvancedRewriteRule> >::_Vector_impl::~_Vector_impl()
calls=1 128 
* 29
* 3

fn=(5490) std::_Vector_base<pg::UnserializedObject, std::allocator<pg::UnserializedObject> >::~_Vector_base()
333 80
+3 112
-1 112
cfn=(5492) std::_Vector_base<pg::UnserializedObject, std::allocator<pg::UnserializedObject> >::_M_deallocate(pg::UnserializedObject*, unsigned long)
calls=16 +15 
* 192
+2 48
cfn=(5494) std::_Vector_base<pg::UnserializedObject, std::allocator<pg::UnserializedObject> >::_Vector_impl::~_Vector_impl()
calls=16 128 
* 464
* 48

fn=(5668) std::_Vector_base<tf::ObjectPool<tf::Node, 65536ul>::LocalHeap, std::allocator<tf::ObjectPool<tf::Node, 65536ul>::LocalHeap> >::~_Vector_base()
333 5
+3 10
-1 7
cfn=(5670) std::_Vector_base<tf::ObjectPool<tf::Node, 65536ul>::LocalHeap, std::allocator<tf::ObjectPool<tf::Node, 65536ul>::LocalHeap> >::_M_deallocate(tf::ObjectPool<tf::Node, 65536ul>::LocalHeap*, unsigned long)
calls=1 +15 
* 195
+2 3
cfn=(5676) std::_Vector_base<tf::ObjectPool<tf::Node, 65536ul>::LocalHeap, std::allocator<tf::ObjectPool<tf::Node, 65536ul>::LocalHeap> >::_Vector_impl::~_Vector_impl()
calls=1 128 
* 29
* 3

fn=(1828)
487 8
cfn=(1830) std::_Vector_base<std::shared_ptr<pg::Logger::LogSink>, std::allocator<std::shared_ptr<pg::Logger::LogSink> > >::_Vector_base()
calls=1 288 
* 56
* 3

fn=(4096) std::_Vector_base<pg::Local, std::allocator<pg::Local> >::_Vector_base()
288 16
cfn=(4098) std::_Vector_base<pg::Local, std::allocator<pg::Local> >::_Vector_impl::_Vector_impl()
calls=2 131 
* 90
* 6

fn=(4334) std::vector<pg::Local, std::allocator<pg::Local> >::max_size() const
923 10
+1 6
cfn=(4336)
calls=2 280 
* 14
* 4
cfn=(4338) std::vector<pg::Local, std::allocator<pg::Local> >::_S_max_size(std::allocator<pg::Local> const&)
calls=2 1776 
* 132
* 4

fn=(4434)
829 392
+1 294
cfi=(225)
cfn=(4436)
calls=49 1027 
* 588
* 294

fn=(4442) std::vector<unsigned char, std::allocator<unsigned char> >::max_size() const
923 130
+1 78
cfn=(4444)
calls=26 280 
* 182
* 52
cfn=(4446) std::vector<unsigned char, std::allocator<unsigned char> >::_S_max_size(std::allocator<unsigned char> const&)
calls=26 1776 
* 1716
* 52

fn=(4642)
811 80
+1 50
cfi=(225)
cfn=(4622)
calls=10 1027 
* 120
* 60

fn=(4672)
350 70
+3 20
+1 48
cfi=(219)
cfn=(4704)
calls=8 495 
* 1048
+1 30

fn=(4888) std::vector<pg::ObjFunction*, std::allocator<pg::ObjFunction*> >::_S_do_relocate(pg::ObjFunction**, pg::ObjFunction**, pg::ObjFunction**, std::allocator<pg::ObjFunction*>&, std::integral_constant<bool, true>)
453 32
+3 24
cfi=(221)
cfn=(4890)
calls=4 1040 
* 314
+1 8

fn=(4926) std::vector<pg::ObjFunction*, std::allocator<pg::ObjFunction*> >::~vector()
678 10
+3 6
cfn=(4884)
calls=2 276 
* 14
* 2
-1 14
cfi=(219)
cfn=(4928)
calls=2 845 
* 74
+3 6
cfn=(4934) std::_Vector_base<pg::ObjFunction*, std::allocator<pg::ObjFunction*> >::~_Vector_base()
calls=2 333 
* 268
* 6

fn=(4994) std::vector<pg::ObjUpvalue*, std::allocator<pg::ObjUpvalue*> >::size() const
918 16
+1 36

fn=(5032)
1007 8
+1 3
cfn=(5034) std::vector<unsigned char, std::allocator<unsigned char> >::end() const
calls=1 838 
* 32
* 4
cfn=(5038) std::vector<unsigned char, std::allocator<unsigned char> >::begin() const
calls=1 820 
* 31
* 6
cfi=(225)
cfn=(5040)
calls=1 1163 
* 34
* 5

fn=(5236) std::_Vector_base<pg::ObjUpvalue*, std::allocator<pg::ObjUpvalue*> >::_Vector_impl::~_Vector_impl()
128 16
cfi=(205)
cfn=(5238) std::allocator<pg::ObjUpvalue*>::~allocator()
calls=2 +46 
* 36
* 6

fn=(5270)
678 10
+3 6
cfn=(4660)
calls=2 276 
* 14
* 2
-1 14
cfi=(219)
cfn=(5272)
calls=2 845 
* 74
+3 6
cfn=(5278) std::_Vector_base<pg::Value, std::allocator<pg::Value> >::~_Vector_base()
calls=2 333 
* 406
* 6

fn=(5286)
678 10
+3 6
cfn=(4472)
calls=2 276 
* 14
* 2
-1 14
cfi=(219)
cfn=(5288)
calls=2 845 
* 74
+3 6
cfn=(5294) std::_Vector_base<unsigned char, std::allocator<unsigned char> >::~_Vector_base()
calls=2 333 
* 400
* 6

fn=(5390) std::_Vector_base<std::unique_ptr<pg::BytecodePass, std::default_delete<pg::BytecodePass> >, std::allocator<std::unique_ptr<pg::BytecodePass, std::default_delete<pg::BytecodePass> > > >::_Vector_impl::~_Vector_impl()
128 8
cfi=(205)
cfn=(5392) std::allocator<std::unique_ptr<pg::BytecodePass, std::default_delete<pg::BytecodePass> > >::~allocator()
calls=1 +46 
* 18
* 3

fn=(5614) std::_Vector_base<std::shared_ptr<pg::Logger::LogSink>, std::allocator<std::shared_ptr<pg::Logger::LogSink> > >::_Vector_impl::~_Vector_impl()
128 8
cfi=(205)
cfn=(5616) std::allocator<std::shared_ptr<pg::Logger::LogSink> >::~allocator()
calls=1 +46 
* 18
* 3

fn=(5676)
128 8
cfi=(205)
cfn=(1468)
calls=1 +46 
* 18
* 3

fn=(4866)
811 32
+1 20
cfi=(225)
cfn=(4846)
calls=4 1027 
* 48
* 24

fn=(1450)
510 8
+1 6
cfn=(1452) std::vector<tf::ObjectPool<tf::Node, 65536ul>::LocalHeap, std::allocator<tf::ObjectPool<tf::Node, 65536ul>::LocalHeap> >::_S_check_init_len(unsigned long, std::allocator<tf::ObjectPool<tf::Node, 65536ul>::LocalHeap> const&)
calls=1 1767 
* 138
* 6
cfn=(1472) std::_Vector_base<tf::ObjectPool<tf::Node, 65536ul>::LocalHeap, std::allocator<tf::ObjectPool<tf::Node, 65536ul>::LocalHeap> >::_Vector_base(unsigned long, std::allocator<tf::ObjectPool<tf::Node, 65536ul>::LocalHeap> const&)
calls=1 303 
* 369
+1 5
cfn=(1490) std::vector<tf::ObjectPool<tf::Node, 65536ul>::LocalHeap, std::allocator<tf::ObjectPool<tf::Node, 65536ul>::LocalHeap> >::_M_default_initialize(unsigned long)
calls=1 1603 
* 3302
* 4

fn=(1458) std::vector<tf::ObjectPool<tf::Node, 65536ul>::LocalHeap, std::allocator<tf::ObjectPool<tf::Node, 65536ul>::LocalHeap> >::_S_max_size(std::allocator<tf::ObjectPool<tf::Node, 65536ul>::LocalHeap> const&)
1776 8
+5 2
+2 3
cfi=(219)
cfn=(1460)
calls=1 547 
* 27
* 1
+1 5
cfi=(220)
cfn=(1466)
calls=1 230 
* 14
* 1
+1 5

fn=(1510)
811 16
+1 10
cfi=(225)
cfn=(1512)
calls=2 1027 
* 24
* 12

fn=(1830)
288 8
cfn=(1832) std::_Vector_base<std::shared_ptr<pg::Logger::LogSink>, std::allocator<std::shared_ptr<pg::Logger::LogSink> > >::_Vector_impl::_Vector_impl()
calls=1 131 
* 45
* 3

fn=(1838) std::_Vector_base<std::shared_ptr<pg::Logger::LogSink>, std::allocator<std::shared_ptr<pg::Logger::LogSink> > >::_Vector_impl_data::_Vector_impl_data()
97 4
+1 6
+1 3

fn=(2530)
350 14
+3 4
+1 6
cfi=(219)
cfn=(5610)
calls=1 495 
* 150
+1 6

fn=(2768)
97 4
+1 6
+1 3

fn=(2772)
288 8
cfn=(2774) std::_Vector_base<pg::AdvancedRewriteRule, std::allocator<pg::AdvancedRewriteRule> >::_Vector_impl::_Vector_impl()
calls=1 131 
* 45
* 3

fn=(4146) std::_Vector_base<pg::Value, std::allocator<pg::Value> >::_Vector_impl_data::_Vector_impl_data()
97 8
+1 12
+1 6

fn=(4426)
1203 216
+1 108
cfi=(222)
cfn=(4428)
calls=36 104 
* 252
* 180
cfi=(270)
cfn=(4430)
calls=36 109 
* 15447
* 108

fn=(4538)
453 208
+3 156
cfi=(221)
cfn=(4540)
calls=26 1040 
* 2145
+1 52

fn=(4630) std::_Vector_base<pg::Value, std::allocator<pg::Value> >::_M_get_Tp_allocator() const
280 64
+1 48

fn=(4648)
343 48
+3 56
cfi=(219)
cfn=(4650)
calls=8 463 
* 832
* 8
+1 16

fn=(5262) std::_Vector_base<int, std::allocator<int> >::~_Vector_base()
333 10
+3 14
-1 14
cfn=(4546)
calls=2 +15 
* 296
+2 6
cfn=(5264) std::_Vector_base<int, std::allocator<int> >::_Vector_impl::~_Vector_impl()
calls=2 128 
* 58
* 6

fn=(5336)
678 5
+3 3
cfn=(5338) std::_Vector_base<pg::AdvancedRewriteRule, std::allocator<pg::AdvancedRewriteRule> >::_M_get_Tp_allocator()
calls=1 276 
* 7
* 1
-1 7
cfi=(219)
cfn=(5340)
calls=1 845 
* 43
+3 3
cfn=(5346)
calls=1 333 
* 69
* 3

fn=(5608) std::_Vector_base<std::shared_ptr<pg::Logger::LogSink>, std::allocator<std::shared_ptr<pg::Logger::LogSink> > >::~_Vector_base()
333 5
+3 7
-1 7
cfn=(2530)
calls=1 +15 
* 168
+2 3
cfn=(5614)
calls=1 128 
* 29
* 3

fn=(5660)
678 5
+3 3
cfn=(1492)
calls=1 276 
* 7
* 1
-1 7
cfi=(219)
cfn=(5662)
calls=1 845 
* 37
+3 3
cfn=(5668)
calls=1 333 
* 252
* 3

fn=(4844) std::vector<pg::ObjFunction*, std::allocator<pg::ObjFunction*> >::end()
829 32
+1 24
cfi=(225)
cfn=(4846)
calls=4 1027 
* 48
* 24

fn=(1392) std::_Vector_base<pg::UnserializedObject, std::allocator<pg::UnserializedObject> >::_Vector_impl::_Vector_impl()
131 80
+2 48
cfi=(205)
cfn=(1394) std::allocator<pg::UnserializedObject>::allocator()
calls=16 +23 
* 288
* 48
cfn=(1398)
calls=16 -36 
* 208
+1 48

fn=(1478) std::_Vector_base<tf::ObjectPool<tf::Node, 65536ul>::LocalHeap, std::allocator<tf::ObjectPool<tf::Node, 65536ul>::LocalHeap> >::_M_create_storage(unsigned long)
359 6
+2 5
cfn=(1480) std::_Vector_base<tf::ObjectPool<tf::Node, 65536ul>::LocalHeap, std::allocator<tf::ObjectPool<tf::Node, 65536ul>::LocalHeap> >::_M_allocate(unsigned long)
calls=1 -18 
* 265
* 2
+1 4
+1 10
+1 3

fn=(1832)
131 5
+2 3
cfi=(205)
cfn=(1834) std::allocator<std::shared_ptr<pg::Logger::LogSink> >::allocator()
calls=1 +23 
* 18
* 3
cfn=(1838)
calls=1 -36 
* 13
+1 3

fn=(4136)
487 16
cfn=(4138) std::_Vector_base<pg::Value, std::allocator<pg::Value> >::_Vector_base()
calls=2 288 
* 112
* 6

fn=(4150)
288 16
cfn=(4152) std::_Vector_base<int, std::allocator<int> >::_Vector_impl::_Vector_impl()
calls=2 131 
* 90
* 6

fn=(4318)
1203 6
+1 3
cfi=(222)
cfn=(4320)
calls=1 104 
* 7
* 5
cfi=(270)
cfn=(4322)
calls=1 109 
* 1302
* 3

fn=(4484)
350 105
+3 30
+1 78
cfi=(219)
cfn=(4562)
calls=13 495 
* 1677
+1 45

fn=(4486)
1143 288
+3 108
cfn=(4434)
calls=36 829 
* 1152
* 180
cfi=(225)
cfn=(4488)
calls=36 -46 
* 1368
* 144
cfi=(225)
cfn=(4490)
calls=36 1042 
* 288
+1 180

fn=(4504) std::_Vector_base<int, std::allocator<int> >::_M_get_Tp_allocator() const
280 104
+1 78

fn=(4506) std::vector<int, std::allocator<int> >::_S_max_size(std::allocator<int> const&)
1776 208
+5 52
+2 78
cfi=(219)
cfn=(4508)
calls=26 547 
* 702
* 26
+1 130
cfi=(220)
cfn=(1466)
calls=26 230 
* 364
* 26
+1 130

fn=(4534)
276 112
+1 84

fn=(4546)
350 105
+3 30
+1 78
cfi=(219)
cfn=(4566)
calls=13 495 
* 1690
+1 45

fn=(4628) std::vector<pg::Value, std::allocator<pg::Value> >::max_size() const
923 80
+1 48
cfn=(4630)
calls=16 280 
* 112
* 32
cfn=(4632) std::vector<pg::Value, std::allocator<pg::Value> >::_S_max_size(std::allocator<pg::Value> const&)
calls=16 1776 
* 1056
* 32

fn=(4778)
1061 315
+3 252
+1 126

fn=(4936) std::_Vector_base<pg::ObjFunction*, std::allocator<pg::ObjFunction*> >::_Vector_impl::~_Vector_impl()
128 16
cfi=(205)
cfn=(4938) std::allocator<pg::ObjFunction*>::~allocator()
calls=2 +46 
* 36
* 6

fn=(5006) unsigned char* std::vector<unsigned char, std::allocator<unsigned char> >::_M_data_ptr<unsigned char>(unsigned char*) const
1844 3641785
+1 2185071

fn=(5232) std::_Vector_base<pg::ObjUpvalue*, std::allocator<pg::ObjUpvalue*> >::~_Vector_base()
333 10
+3 14
-1 14
cfn=(5234) std::_Vector_base<pg::ObjUpvalue*, std::allocator<pg::ObjUpvalue*> >::_M_deallocate(pg::ObjUpvalue**, unsigned long)
calls=2 +15 
* 24
+2 6
cfn=(5236)
calls=2 128 
* 58
* 6

fn=(5254)
678 10
+3 6
cfn=(4534)
calls=2 276 
* 14
* 2
-1 14
cfi=(219)
cfn=(5256)
calls=2 845 
* 74
+3 6
cfn=(5262)
calls=2 333 
* 404
* 6

fn=(5370) std::_Vector_base<pg::RewriteRule, std::allocator<pg::RewriteRule> >::_Vector_impl::~_Vector_impl()
128 8
cfi=(205)
cfn=(5372) std::allocator<pg::RewriteRule>::~allocator()
calls=1 +46 
* 18
* 3

fn=(5376)
678 5
+3 3
cfn=(5378) std::_Vector_base<std::unique_ptr<pg::BytecodePass, std::default_delete<pg::BytecodePass> >, std::allocator<std::unique_ptr<pg::BytecodePass, std::default_delete<pg::BytecodePass> > > >::_M_get_Tp_allocator()
calls=1 276 
* 7
* 1
-1 7
cfi=(219)
cfn=(5380)
calls=1 845 
* 43
+3 3
cfn=(5386) std::_Vector_base<std::unique_ptr<pg::BytecodePass, std::default_delete<pg::BytecodePass> >, std::allocator<std::unique_ptr<pg::BytecodePass, std::default_delete<pg::BytecodePass> > > >::~_Vector_base()
calls=1 333 
* 66
* 3

fn=(5378)
276 4
+1 3

fn=(5386)
333 5
+3 7
-1 7
cfn=(5388) std::_Vector_base<std::unique_ptr<pg::BytecodePass, std::default_delete<pg::BytecodePass> >, std::allocator<std::unique_ptr<pg::BytecodePass, std::default_delete<pg::BytecodePass> > > >::_M_deallocate(std::unique_ptr<pg::BytecodePass, std::default_delete<pg::BytecodePass> >*, unsigned long)
calls=1 +15 
* 12
+2 3
cfn=(5390)
calls=1 128 
* 29
* 3

fn=(5480)
678 80
+3 48
cfn=(5482) std::_Vector_base<pg::UnserializedObject, std::allocator<pg::UnserializedObject> >::_M_get_Tp_allocator()
calls=16 276 
* 112
* 16
-1 112
cfi=(219)
cfn=(5484)
calls=16 845 
* 688
+3 48
cfn=(5490)
calls=16 333 
* 1056
* 48

fn=(1388)
487 128
cfn=(1390) std::_Vector_base<pg::UnserializedObject, std::allocator<pg::UnserializedObject> >::_Vector_base()
calls=16 288 
* 896
* 48

fn=(1452)
1767 10
+2 5
cfi=(205)
cfn=(1454) std::allocator<tf::ObjectPool<tf::Node, 65536ul>::LocalHeap>::allocator(std::allocator<tf::ObjectPool<tf::Node, 65536ul>::LocalHeap> const&)
calls=1 159 
* 22
* 3
cfn=(1458)
calls=1 +7 
* 66
* 5
cfi=(205)
cfn=(1468)
calls=1 174 
* 18
* 2
+3 1
+1 6

fn=(2464)
1187 6
+2 6
+9 3
cfn=(2466)
calls=1 829 
* 32
* 6
cfi=(270)
cfn=(2470)
calls=1 426 
* 1140
+1 3

fn=(2486) std::vector<std::shared_ptr<pg::Logger::LogSink>, std::allocator<std::shared_ptr<pg::Logger::LogSink> > >::size() const
918 16
+1 36

fn=(2518)
276 12
+1 9

fn=(2780) std::_Vector_base<pg::AdvancedRewriteRule, std::allocator<pg::AdvancedRewriteRule> >::_Vector_impl_data::_Vector_impl_data()
97 4
+1 6
+1 3

fn=(4084) std::_Vector_base<pg::ObjFunction*, std::allocator<pg::ObjFunction*> >::_Vector_base()
288 16
cfn=(4086) std::_Vector_base<pg::ObjFunction*, std::allocator<pg::ObjFunction*> >::_Vector_impl::_Vector_impl()
calls=2 131 
* 90
* 6

fn=(4140) std::_Vector_base<pg::Value, std::allocator<pg::Value> >::_Vector_impl::_Vector_impl()
131 10
+2 6
cfi=(205)
cfn=(4142) std::allocator<pg::Value>::allocator()
calls=2 +23 
* 36
* 6
cfn=(4146)
calls=2 -36 
* 26
+1 6

fn=(4162) std::vector<pg::Local, std::allocator<pg::Local> >::_M_erase_at_end(pg::Local*)
1792 12
+2 14
+7 6

fn=(4326)
829 16
+1 12
cfi=(225)
cfn=(4328)
calls=2 1027 
* 24
* 12

fn=(4332)
1756 11
+2 3
cfn=(4334)
calls=1 923 
* 85
* 4
cfn=(4346) std::vector<pg::Local, std::allocator<pg::Local> >::size() const
calls=1 918 
* 13
* 7
+3 3
cfn=(4346)
calls=1 918 
* 13
* 4
cfn=(4346)
calls=1 918 
* 13
* 6
cfi=(220)
cfn=(2488)
calls=1 254 
* 15
* 3
+1 3
cfn=(4346)
calls=1 918 
* 13
* 5
cfn=(4334)
calls=1 923 
* 85
* 3
+1 6

fn=(4338)
1776 16
+5 4
+2 6
cfi=(219)
cfn=(4340)
calls=2 547 
* 54
* 2
+1 10
cfi=(220)
cfn=(1466)
calls=2 230 
* 28
* 2
+1 10

fn=(4346)
918 16
+1 36

fn=(4366)
276 20
+1 15

fn=(4440)
1756 143
+2 39
cfn=(4442)
calls=13 923 
* 1105
* 52
cfn=(4454)
calls=13 918 
* 156
* 91
+3 39
cfn=(4454)
calls=13 918 
* 156
* 52
cfn=(4454)
calls=13 918 
* 156
* 78
cfi=(220)
cfn=(2488)
calls=13 254 
* 184
* 39
+1 39
cfn=(4454)
calls=13 918 
* 156
* 65
cfn=(4442)
calls=13 923 
* 1105
* 39
+1 78

fn=(4446)
1776 208
+5 52
+2 78
cfi=(219)
cfn=(4448)
calls=26 547 
* 702
* 26
+1 130
cfi=(220)
cfn=(1466)
calls=26 230 
* 364
* 26
+1 130

fn=(4454)
918 13111080
+1 26222160

fn=(4662)
465 128
+4 96
cfn=(4664) std::vector<pg::Value, std::allocator<pg::Value> >::_S_do_relocate(pg::Value*, pg::Value*, pg::Value*, std::allocator<pg::Value>&, std::integral_constant<bool, true>)
calls=16 -16 
* 1570
+1 32

fn=(4776)
1061 375
+3 375
+1 150

fn=(4806)
1061 70
+3 70
+1 28

fn=(4910) std::_Vector_base<pg::Local, std::allocator<pg::Local> >::~_Vector_base()
333 10
+3 14
-1 14
cfn=(4384)
calls=2 +15 
* 161
+2 6
cfn=(4916) std::_Vector_base<pg::Local, std::allocator<pg::Local> >::_Vector_impl::~_Vector_impl()
calls=2 128 
* 58
* 6

fn=(4982) std::_Vector_base<pg::ObjUpvalue*, std::allocator<pg::ObjUpvalue*> >::_Vector_base()
288 16
cfn=(4984) std::_Vector_base<pg::ObjUpvalue*, std::allocator<pg::ObjUpvalue*> >::_Vector_impl::_Vector_impl()
calls=2 131 
* 90
* 6

fn=(5234)
350 14
+3 4
+2 6

fn=(5670)
350 7
+3 2
+1 6
cfi=(219)
cfn=(5672)
calls=1 495 
* 177
+1 3

fn=(4850)
1756 22
+2 6
cfn=(4852) std::vector<pg::ObjFunction*, std::allocator<pg::ObjFunction*> >::max_size() const
calls=2 923 
* 170
* 8
cfn=(4864) std::vector<pg::ObjFunction*, std::allocator<pg::ObjFunction*> >::size() const
calls=2 918 
* 26
* 14
+3 6
cfn=(4864)
calls=2 918 
* 26
* 8
cfn=(4864)
calls=2 918 
* 26
* 12
cfi=(220)
cfn=(2488)
calls=2 254 
* 29
* 6
+1 6
cfn=(4864)
calls=2 918 
* 26
* 10
cfn=(4852)
calls=2 923 
* 170
* 6
+1 12

fn=(1472)
303 8
+1 5
cfn=(1474) std::_Vector_base<tf::ObjectPool<tf::Node, 65536ul>::LocalHeap, std::allocator<tf::ObjectPool<tf::Node, 65536ul>::LocalHeap> >::_Vector_impl::_Vector_impl(std::allocator<tf::ObjectPool<tf::Node, 65536ul>::LocalHeap> const&)
calls=1 136 
* 52
+1 5
cfn=(1478)
calls=1 +54 
* 295
* 4

fn=(1474)
136 6
+1 5
cfi=(205)
cfn=(1454)
calls=1 +22 
* 22
* 3
cfn=(1476) std::_Vector_base<tf::ObjectPool<tf::Node, 65536ul>::LocalHeap, std::allocator<tf::ObjectPool<tf::Node, 65536ul>::LocalHeap> >::_Vector_impl_data::_Vector_impl_data()
calls=1 -40 
* 13
+1 3

fn=(1514)
829 16
+1 12
cfi=(225)
cfn=(1512)
calls=2 1027 
* 24
* 12

fn=(4064)
1007 8
+1 3
cfn=(4066) std::vector<std::unique_ptr<pg::BytecodePass, std::default_delete<pg::BytecodePass> >, std::allocator<std::unique_ptr<pg::BytecodePass, std::default_delete<pg::BytecodePass> > > >::end() const
calls=1 838 
* 32
* 4
cfn=(4070) std::vector<std::unique_ptr<pg::BytecodePass, std::default_delete<pg::BytecodePass> >, std::allocator<std::unique_ptr<pg::BytecodePass, std::default_delete<pg::BytecodePass> > > >::begin() const
calls=1 820 
* 31
* 6
cfi=(225)
cfn=(4072)
calls=1 1163 
* 34
* 5

fn=(4070)
820 8
+1 5
cfi=(225)
cfn=(4068)
calls=1 1027 
* 12
* 6

fn=(4126) std::_Vector_base<unsigned char, std::allocator<unsigned char> >::_Vector_base()
288 16
cfn=(4128) std::_Vector_base<unsigned char, std::allocator<unsigned char> >::_Vector_impl::_Vector_impl()
calls=2 131 
* 90
* 6

fn=(4134) std::_Vector_base<unsigned char, std::allocator<unsigned char> >::_Vector_impl_data::_Vector_impl_data()
97 8
+1 12
+1 6

fn=(4158) std::_Vector_base<int, std::allocator<int> >::_Vector_impl_data::_Vector_impl_data()
97 8
+1 12
+1 6

fn=(4160)
1498 10
+1 12
cfn=(4162)
calls=2 1792 
* 32
* 6

fn=(4384)
350 21
+3 6
+1 6
cfi=(219)
cfn=(4912)
calls=1 495 
* 131
+1 9

fn=(4492)
1187 378
+2 378
+3 350
cfi=(219)
cfn=(4530)
calls=50 511 
* 3100
+2 250
+5 50
-1 39
cfn=(4494) std::vector<int, std::allocator<int> >::end()
calls=13 829 
* 416
* 78
cfi=(270)
cfn=(4498)
calls=13 426 
* 14141
+1 189

fn=(4664)
453 128
+3 96
cfi=(221)
cfn=(4666)
calls=16 1040 
* 1314
+1 32

fn=(4884)
276 24
+1 18

fn=(4916)
128 16
cfi=(205)
cfn=(4918) std::allocator<pg::Local>::~allocator()
calls=2 +46 
* 36
* 6

fn=(5004)
1168 3641785
+1 4370142
cfn=(5006)
calls=728357 1844 
* 5826856
* 1456714

fn=(5052)
1043 3641795
+3 3641795
+1 1456718

fn=(5294)
333 10
+3 12
-1 14
cfn=(4484)
calls=2 +15 
* 294
+2 6
cfn=(5296)
calls=2 128 
* 58
* 6

fn=(5338)
276 4
+1 3

fn=(5348)
350 7
+3 2
+2 3

fn=(5366) std::_Vector_base<pg::RewriteRule, std::allocator<pg::RewriteRule> >::~_Vector_base()
333 5
+3 10
-1 7
cfn=(5368) std::_Vector_base<pg::RewriteRule, std::allocator<pg::RewriteRule> >::_M_deallocate(pg::RewriteRule*, unsigned long)
calls=1 +15 
* 12
+2 3
cfn=(5370)
calls=1 128 
* 29
* 3

fn=(5388)
350 7
+3 2
+2 3

fn=(5492)
350 112
+3 32
+2 48

fn=(4842)
1187 12
+2 12
+9 6
cfn=(4844)
calls=2 829 
* 64
* 12
cfi=(270)
cfn=(4848)
calls=2 426 
* 1975
+1 6

fn=(4852)
923 20
+1 12
cfn=(4854)
calls=4 280 
* 28
* 8
cfn=(4856) std::vector<pg::ObjFunction*, std::allocator<pg::ObjFunction*> >::_S_max_size(std::allocator<pg::ObjFunction*> const&)
calls=4 1776 
* 264
* 8

fn=(1390)
288 128
cfn=(1392)
calls=16 131 
* 720
* 48

fn=(1476)
97 4
+1 6
+1 3

fn=(2472)
1756 11
+2 3
cfn=(2474) std::vector<std::shared_ptr<pg::Logger::LogSink>, std::allocator<std::shared_ptr<pg::Logger::LogSink> > >::max_size() const
calls=1 923 
* 85
* 4
cfn=(2486)
calls=1 918 
* 13
* 7
+3 3
cfn=(2486)
calls=1 918 
* 13
* 4
cfn=(2486)
calls=1 918 
* 13
* 6
cfi=(220)
cfn=(2488)
calls=1 254 
* 15
* 3
+1 3
cfn=(2486)
calls=1 918 
* 13
* 5
cfn=(2474)
calls=1 923 
* 85
* 3
+1 6

fn=(2474)
923 10
+1 6
cfn=(2476) std::_Vector_base<std::shared_ptr<pg::Logger::LogSink>, std::allocator<std::shared_ptr<pg::Logger::LogSink> > >::_M_get_Tp_allocator() const
calls=2 280 
* 14
* 4
cfn=(2478) std::vector<std::shared_ptr<pg::Logger::LogSink>, std::allocator<std::shared_ptr<pg::Logger::LogSink> > >::_S_max_size(std::allocator<std::shared_ptr<pg::Logger::LogSink> > const&)
calls=2 1776 
* 132
* 4

fn=(2478)
1776 16
+5 4
+2 6
cfi=(219)
cfn=(2480)
calls=2 547 
* 54
* 2
+1 10
cfi=(220)
cfn=(1466)
calls=2 230 
* 28
* 2
+1 10

fn=(2490)
811 88
+1 55
cfi=(225)
cfn=(2468)
calls=11 1027 
* 132
* 66

fn=(2496)
343 6
+3 7
cfi=(219)
cfn=(2498)
calls=1 463 
* 248
* 1
+1 2

fn=(2728) std::_Vector_base<std::unique_ptr<pg::BytecodePass, std::default_delete<pg::BytecodePass> >, std::allocator<std::unique_ptr<pg::BytecodePass, std::default_delete<pg::BytecodePass> > > >::_Vector_base()
288 8
cfn=(2730)
calls=1 131 
* 45
* 3

fn=(4082) std::vector<pg::ObjFunction*, std::allocator<pg::ObjFunction*> >::vector()
487 16
cfn=(4084)
calls=2 288 
* 112
* 6

fn=(4086)
131 10
+2 6
cfi=(205)
cfn=(4088) std::allocator<pg::ObjFunction*>::allocator()
calls=2 +23 
* 36
* 6
cfn=(4092) std::_Vector_base<pg::ObjFunction*, std::allocator<pg::ObjFunction*> >::_Vector_impl_data::_Vector_impl_data()
calls=2 -36 
* 26
+1 6

fn=(4104) std::_Vector_base<pg::Local, std::allocator<pg::Local> >::_Vector_impl_data::_Vector_impl_data()
97 8
+1 12
+1 6

fn=(4138)
288 16
cfn=(4140)
calls=2 131 
* 90
* 6

fn=(4152)
131 10
+2 6
cfi=(205)
cfn=(4154) std::allocator<int>::allocator()
calls=2 +23 
* 36
* 6
cfn=(4158)
calls=2 -36 
* 26
+1 6

fn=(4472)
276 112
+1 84

fn=(4500)
1756 143
+2 39
cfn=(4502) std::vector<int, std::allocator<int> >::max_size() const
calls=13 923 
* 1105
* 52
cfn=(4514)
calls=13 918 
* 169
* 91
+3 39
cfn=(4514)
calls=13 918 
* 169
* 52
cfn=(4514)
calls=13 918 
* 169
* 78
cfi=(220)
cfn=(2488)
calls=13 254 
* 184
* 39
+1 39
cfn=(4514)
calls=13 918 
* 169
* 65
cfn=(4502)
calls=13 923 
* 1105
* 39
+1 78

fn=(4620)
829 80
+1 60
cfi=(225)
cfn=(4622)
calls=10 1027 
* 120
* 60

fn=(4626)
1756 88
+2 24
cfn=(4628)
calls=8 923 
* 680
* 32
cfn=(4640)
calls=8 918 
* 104
* 56
+3 24
cfn=(4640)
calls=8 918 
* 104
* 32
cfn=(4640)
calls=8 918 
* 104
* 48
cfi=(220)
cfn=(2488)
calls=8 254 
* 114
* 24
+1 24
cfn=(4640)
calls=8 918 
* 104
* 40
cfn=(4628)
calls=8 923 
* 680
* 24
+1 48

fn=(4632)
1776 128
+5 32
+2 48
cfi=(219)
cfn=(4634)
calls=16 547 
* 432
* 16
+1 80
cfi=(220)
cfn=(1466)
calls=16 230 
* 224
* 16
+1 80

fn=(4640)
918 224
+1 504

fn=(4872)
343 12
+3 14
cfi=(219)
cfn=(4874)
calls=2 463 
* 204
* 2
+1 4

fn=(4886)
465 32
+4 24
cfn=(4888)
calls=4 -16 
* 378
+1 8

fn=(4896)
350 28
+3 8
+1 12
cfi=(219)
cfn=(4946)
calls=2 495 
* 260
+1 12

fn=(4980)
487 16
cfn=(4982)
calls=2 288 
* 112
* 6

fn=(4984)
131 10
+2 6
cfi=(205)
cfn=(4986) std::allocator<pg::ObjUpvalue*>::allocator()
calls=2 +23 
* 36
* 6
cfn=(4990) std::_Vector_base<pg::ObjUpvalue*, std::allocator<pg::ObjUpvalue*> >::_Vector_impl_data::_Vector_impl_data()
calls=2 -36 
* 26
+1 6

fn=(5224) std::_Vector_base<pg::ObjUpvalue*, std::allocator<pg::ObjUpvalue*> >::_M_get_Tp_allocator()
276 8
+1 6

fn=(5350)
128 8
cfi=(205)
cfn=(5352) std::allocator<pg::AdvancedRewriteRule>::~allocator()
calls=1 +46 
* 18
* 3

fn=(5358) std::_Vector_base<pg::RewriteRule, std::allocator<pg::RewriteRule> >::_M_get_Tp_allocator()
276 4
+1 3

fn=(5368)
350 7
+3 2
+2 3

fn=(5482)
276 64
+1 48

fn=(5494)
128 128
cfi=(205)
cfn=(5496) std::allocator<pg::UnserializedObject>::~allocator()
calls=16 +46 
* 288
* 48

fn=(4864)
918 32
+1 72

fn=(1480)
343 6
+3 7
cfi=(219)
cfn=(1482)
calls=1 463 
* 249
* 1
+1 2

fn=(2726)
487 8
cfn=(2728)
calls=1 288 
* 56
* 3

fn=(2760)
288 8
cfn=(2762)
calls=1 131 
* 45
* 3

fn=(4094)
487 16
cfn=(4096)
calls=2 288 
* 112
* 6

fn=(4124)
487 16
cfn=(4126)
calls=2 288 
* 112
* 6

fn=(4128)
131 10
+2 6
cfi=(205)
cfn=(4130) std::allocator<unsigned char>::allocator()
calls=2 +23 
* 36
* 6
cfn=(4134)
calls=2 -36 
* 26
+1 6

fn=(4394)
1043 55
+3 55
+1 22

fn=(4462)
343 78
+3 91
cfi=(219)
cfn=(4464)
calls=13 463 
* 1952
* 13
+1 26

fn=(4474)
465 208
+4 156
cfn=(4476) std::vector<unsigned char, std::allocator<unsigned char> >::_S_do_relocate(unsigned char*, unsigned char*, unsigned char*, std::allocator<unsigned char>&, std::integral_constant<bool, true>)
calls=26 -16 
* 2508
+1 52

fn=(4476)
453 208
+3 156
cfi=(221)
cfn=(4478)
calls=26 1040 
* 2092
+1 52

fn=(4552)
1187 162
+2 162
+3 154
cfi=(219)
cfn=(4558)
calls=22 511 
* 1364
+2 110
+5 22
-1 15
cfn=(4434)
calls=5 829 
* 160
* 30
cfi=(270)
cfn=(4554)
calls=5 426 
* 5748
+1 81

fn=(4660)
276 72
+1 54

fn=(4992)
937 12
+2 6
cfn=(4994)
calls=2 -21 
* 26
* 8
+2 6
cfn=(4994)
calls=2 -23 
* 26
* 8
+2 6

fn=(5222) std::vector<pg::ObjUpvalue*, std::allocator<pg::ObjUpvalue*> >::~vector()
678 10
+3 6
cfn=(5224)
calls=2 276 
* 14
* 2
-1 14
cfi=(219)
cfn=(5226)
calls=2 845 
* 74
+3 6
cfn=(5232)
calls=2 333 
* 132
* 6

fn=(5264)
128 16
cfi=(205)
cfn=(5266) std::allocator<int>::~allocator()
calls=2 +46 
* 36
* 6

fn=(5278)
333 10
+3 14
-1 14
cfn=(4672)
calls=2 +15 
* 298
+2 6
cfn=(5280) std::_Vector_base<pg::Value, std::allocator<pg::Value> >::_Vector_impl::~_Vector_impl()
calls=2 128 
* 58
* 6

fn=(5280)
128 16
cfi=(205)
cfn=(5282) std::allocator<pg::Value>::~allocator()
calls=2 +46 
* 36
* 6

fn=(5356)
678 5
+3 3
cfn=(5358)
calls=1 276 
* 7
* 1
-1 7
cfi=(219)
cfn=(5360)
calls=1 845 
* 43
+3 3
cfn=(5366)
calls=1 333 
* 69
* 3

fn=(4856)
1776 32
+5 8
+2 12
cfi=(219)
cfn=(4858)
calls=4 547 
* 108
* 4
+1 20
cfi=(220)
cfn=(1466)
calls=4 230 
* 56
* 4
+1 20

fn=(1490)
1603 6
+4 3
cfn=(1492)
calls=1 276 
* 7
* 1
-1 6
cfi=(221)
cfn=(1494)
calls=1 702 
* 3274
-1 2
+3 3

fn=(2466)
829 88
+1 66
cfi=(225)
cfn=(2468)
calls=11 1027 
* 132
* 66

fn=(2476)
280 8
+1 6

fn=(2520)
465 16
+4 12
cfn=(2522) std::vector<std::shared_ptr<pg::Logger::LogSink>, std::allocator<std::shared_ptr<pg::Logger::LogSink> > >::_S_do_relocate(std::shared_ptr<pg::Logger::LogSink>*, std::shared_ptr<pg::Logger::LogSink>*, std::shared_ptr<pg::Logger::LogSink>*, std::allocator<std::shared_ptr<pg::Logger::LogSink> >&, std::integral_constant<bool, true>)
calls=2 -16 
* 176
+1 4

fn=(2522)
453 16
+3 12
cfi=(221)
cfn=(2524)
calls=2 1040 
* 144
+1 4

fn=(2736)
97 4
+1 6
+1 3

fn=(2774)
131 5
+2 3
cfi=(205)
cfn=(2776) std::allocator<pg::AdvancedRewriteRule>::allocator()
calls=1 +23 
* 18
* 3
cfn=(2780)
calls=1 -36 
* 13
+1 3

fn=(4066)
838 8
+1 6
cfi=(225)
cfn=(4068)
calls=1 1027 
* 12
* 6

fn=(4092)
97 8
+1 12
+1 6

fn=(4098)
131 10
+2 6
cfi=(205)
cfn=(4100) std::allocator<pg::Local>::allocator()
calls=2 +23 
* 36
* 6
cfn=(4104)
calls=2 -36 
* 26
+1 6

fn=(4348)
811 8
+1 5
cfi=(225)
cfn=(4328)
calls=1 1027 
* 12
* 6

fn=(4386)
1143 8
+3 3
cfn=(4326)
calls=1 829 
* 32
* 5
cfi=(225)
cfn=(4388)
calls=1 -46 
* 39
* 4
cfi=(225)
cfn=(4390)
calls=1 1042 
* 8
+1 5

fn=(4456)
811 104
+1 65
cfi=(225)
cfn=(4436)
calls=13 1027 
* 156
* 78

fn=(4494)
829 104
+1 78
cfi=(225)
cfn=(4496)
calls=13 1027 
* 156
* 78

fn=(4502)
923 130
+1 78
cfn=(4504)
calls=26 280 
* 182
* 52
cfn=(4506)
calls=26 1776 
* 1716
* 52

fn=(4618)
1187 72
+2 72
+3 28
cfi=(219)
cfn=(4656)
calls=4 511 
* 264
+2 20
+5 4
-1 24
cfn=(4620)
calls=8 829 
* 256
* 48
cfi=(270)
cfn=(4624)
calls=8 426 
* 8298
+1 36

fn=(4904)
678 10
+3 6
cfn=(4366)
calls=2 276 
* 14
* 2
-1 14
cfi=(219)
cfn=(4378)
calls=2 845 
* 144
+3 6
cfn=(4910)
calls=2 333 
* 269
* 6

fn=(4934)
333 10
+3 14
-1 14
cfn=(4896)
calls=2 +15 
* 160
+2 6
cfn=(4936)
calls=2 128 
* 58
* 6

fn=(4990)
97 8
+1 12
+1 6

fn=(5034)
838 8
+1 6
cfi=(225)
cfn=(5036)
calls=1 1027 
* 12
* 6

fn=(5038)
820 8
+1 5
cfi=(225)
cfn=(5036)
calls=1 1027 
* 12
* 6

fn=(5530)
678 5
+3 3
cfn=(2518)
calls=1 276 
* 7
* 1
-1 7
cfi=(219)
cfn=(5532)
calls=1 845 
* 2523
+3 3
cfn=(5608)
calls=1 333 
* 222
* 3

fl=(218)
fn=(5654)
547 1120
fi=(216)
+3 1120
fe=(218)
* 480
fi=(216)
+3 640
fe=(218)

fl=(243)
fn=(5062)
369 54
+1 72

fn=(3736)
369 1699565
+1 1213975
cfi=(196)
cfn=(3738)
calls=242795 6234 
* 26221860
* 485590

fn=(1760)
369 552
+1 736

fl=(250)
fn=(2076)
686 6
cfn=(2078) __static_initialization_and_destruction_0(int, int)
calls=1 * 
* 660
* 2

fn=(2078)
686 14
fi=(181)
74 3
cob=(2)
cfi=(51)
cfn=(830)
calls=1 -74 
* 27
* 7
cob=(2)
cfi=(51)
cfn=(1330)
calls=1 -74 
* 77
fi=(195)
-33 3
cob=(2)
cfi=(51)
cfn=(1334)
calls=1 -41 
* 4
* 7
cfi=(196)
cfn=(1338)
calls=1 533 
* 211
* 3
cob=(2)
cfi=(51)
cfn=(1382)
calls=1 -41 
* 4
* 7
cob=(2)
cfi=(51)
cfn=(1330)
calls=1 -41 
* 77
365 3
cfn=(1386)
calls=1 -47 
* 118
* 7
cob=(2)
cfi=(51)
cfn=(1330)
calls=1 0 
* 77
fi=(207)
670 4
fe=(250)
+16 7

fn=(4840)
665 2427920
+1 971168
+1 1456752
cob=(2)
cfi=(51)
cfn=(1996)
calls=242792 0 
* 34233672
* 242792
+6 1699544

fn=(4612)
635 72
+1 32
+1 24
+10 48

fn=(4812)
587 2427960
+1 2913552
+2 1213960
cfi=(308)
cfn=(4838)
calls=242792 268 
* 45887688
* 242792
+1 12
cfi=(308)
cfn=(4610)
calls=4 268 
* 128
* 20
cfi=(196)
cfn=(2950)
calls=4 6661 
* 771
* 4
+10 1699572

fl=(264)
fn=(2616) std::pair<std::__cxx11::basic_string<char, std::char_traits<char>, std::allocator<char> > const, pg::Logger::LogSink::Filter*>::pair<std::__cxx11::basic_string<char, std::char_traits<char>, std::allocator<char> > const&>(std::piecewise_construct_t, std::tuple<std::__cxx11::basic_string<char, std::char_traits<char>, std::allocator<char> > const&>, std::tuple<>)
1804 24
+5 24
cfn=(2618) std::pair<std::__cxx11::basic_string<char, std::char_traits<char>, std::allocator<char> > const, pg::Logger::LogSink::Filter*>::pair<std::__cxx11::basic_string<char, std::char_traits<char>, std::allocator<char> > const&, 0ul>(std::tuple<std::__cxx11::basic_string<char, std::char_traits<char>, std::allocator<char> > const&>&, std::tuple<>&, std::_Index_tuple<0ul>, std::_Index_tuple<>)
calls=4 +7 
* 827
+1 12

fn=(2622) std::__cxx11::basic_string<char, std::char_traits<char>, std::allocator<char> > const& std::__get_helper<0ul, std::__cxx11::basic_string<char, std::char_traits<char>, std::allocator<char> > const&>(std::_Tuple_impl<0ul, std::__cxx11::basic_string<char, std::char_traits<char>, std::allocator<char> > const&>&)
1377 25
+1 15
cfn=(2624) std::_Tuple_impl<0ul, std::__cxx11::basic_string<char, std::char_traits<char>, std::allocator<char> > const&>::_M_head(std::_Tuple_impl<0ul, std::__cxx11::basic_string<char, std::char_traits<char>, std::allocator<char> > const&>&)
calls=5 424 
* 90
* 10

fn=(3128) std::pair<void* const, int>::pair<void* const&>(std::piecewise_construct_t, std::tuple<void* const&>, std::tuple<>)
1804 24
+5 24
cfn=(3130) std::pair<void* const, int>::pair<void* const&, 0ul>(std::tuple<void* const&>&, std::tuple<>&, std::_Index_tuple<0ul>, std::_Index_tuple<>)
calls=4 +7 
* 260
+1 12

fn=(3132) std::tuple_element<0ul, std::tuple<void* const&> >::type& std::get<0ul, void* const&>(std::tuple<void* const&>&)
1393 20
+1 12
cfn=(3134) void* const& std::__get_helper<0ul, void* const&>(std::_Tuple_impl<0ul, void* const&>&)
calls=4 -17 
* 112
* 8

fn=(3218) std::pair<std::__cxx11::basic_string<char, std::char_traits<char>, std::allocator<char> > const, pg::Value>::pair<std::__cxx11::basic_string<char, std::char_traits<char>, std::allocator<char> > const&>(std::piecewise_construct_t, std::tuple<std::__cxx11::basic_string<char, std::char_traits<char>, std::allocator<char> > const&>, std::tuple<>)
1804 6
+5 6
cfn=(3220) std::pair<std::__cxx11::basic_string<char, std::char_traits<char>, std::allocator<char> > const, pg::Value>::pair<std::__cxx11::basic_string<char, std::char_traits<char>, std::allocator<char> > const&, 0ul>(std::tuple<std::__cxx11::basic_string<char, std::char_traits<char>, std::allocator<char> > const&>&, std::tuple<>&, std::_Index_tuple<0ul>, std::_Index_tuple<>)
calls=1 +7 
* 207
+1 3

fn=(3220)
1816 8
+3 4
cfn=(2620) std::tuple_element<0ul, std::tuple<std::__cxx11::basic_string<char, std::char_traits<char>, std::allocator<char> > const&> >::type& std::get<0ul, std::__cxx11::basic_string<char, std::char_traits<char>, std::allocator<char> > const&>(std::tuple<std::__cxx11::basic_string<char, std::char_traits<char>, std::allocator<char> > const&>&)
calls=1 1393 
* 38
* 2
cfi=(222)
cfn=(2628)
calls=1 77 
* 7
* 3
cob=(2)
cfi=(51)
cfn=(1996)
calls=1 0 
* 138
+1 3
+1 4

fn=(3656) std::filesystem::__cxx11::path::_List::_Impl*& std::__get_helper<0ul, std::filesystem::__cxx11::path::_List::_Impl*, std::filesystem::__cxx11::path::_List::_Impl_deleter>(std::_Tuple_impl<0ul, std::filesystem::__cxx11::path::_List::_Impl*, std::filesystem::__cxx11::path::_List::_Impl_deleter>&)
1377 5
+1 3
cfn=(3658) std::_Tuple_impl<0ul, std::filesystem::__cxx11::path::_List::_Impl*, std::filesystem::__cxx11::path::_List::_Impl_deleter>::_M_head(std::_Tuple_impl<0ul, std::filesystem::__cxx11::path::_List::_Impl*, std::filesystem::__cxx11::path::_List::_Impl_deleter>&)
calls=1 268 
* 17
* 2

fn=(3658)
268 8
cfn=(3660) std::_Head_base<0ul, std::filesystem::__cxx11::path::_List::_Impl*, false>::_M_head(std::_Head_base<0ul, std::filesystem::__cxx11::path::_List::_Impl*, false>&)
calls=1 -35 
* 7
* 2

fn=(5076) std::tuple<std::__cxx11::basic_string<char, std::char_traits<char>, std::allocator<char> >&&>::tuple<std::__cxx11::basic_string<char, std::char_traits<char>, std::allocator<char> >, true, true>(std::__cxx11::basic_string<char, std::char_traits<char>, std::allocator<char> >&&)
742 14
+2 8
cfi=(222)
cfn=(3918)
calls=2 77 
* 14
* 6
cfn=(5078) std::_Tuple_impl<0ul, std::__cxx11::basic_string<char, std::char_traits<char>, std::allocator<char> >&&>::_Tuple_impl<std::__cxx11::basic_string<char, std::char_traits<char>, std::allocator<char> > >(std::__cxx11::basic_string<char, std::char_traits<char>, std::allocator<char> >&&)
calls=2 440 
* 92
* 8

fn=(2620)
1393 25
+1 15
cfn=(2622)
calls=5 -17 
* 140
* 10

fn=(2748) std::_Tuple_impl<1ul, std::default_delete<pg::BytecodeRewriter> >::_Tuple_impl()
430 10
+1 6
cfn=(2750) std::_Head_base<1ul, std::default_delete<pg::BytecodeRewriter>, true>::_Head_base()
calls=2 80 
* 14
* 6

fn=(2810)
1393 15
+1 9
cfn=(2812) std::default_delete<pg::BytecodeRewriter>& std::__get_helper<1ul, std::default_delete<pg::BytecodeRewriter>>(std::_Tuple_impl<1ul, std::default_delete<pg::BytecodeRewriter>>&)
calls=3 -17 
* 81
* 6

fn=(3134)
1377 20
+1 12
cfn=(3136) std::_Tuple_impl<0ul, void* const&>::_M_head(std::_Tuple_impl<0ul, void* const&>&)
calls=4 424 
* 72
* 8

fn=(3672) std::_Head_base<1ul, std::filesystem::__cxx11::path::_List::_Impl_deleter, true>::_M_head(std::_Head_base<1ul, std::filesystem::__cxx11::path::_List::_Impl_deleter, true>&)
124 7

fn=(5074)
1617 12
+1 6
cfi=(222)
cfn=(3918)
calls=2 77 
* 14
* 10
cfn=(5076)
calls=2 742 
* 142
* 6

fn=(5466)
1393 5
+1 3
cfn=(5468) std::default_delete<pg::Logger>& std::__get_helper<1ul, std::default_delete<pg::Logger>>(std::_Tuple_impl<1ul, std::default_delete<pg::Logger>>&)
calls=1 -17 
* 27
* 2

fn=(5472) std::_Head_base<1ul, std::default_delete<pg::Logger>, true>::_M_head(std::_Head_base<1ul, std::default_delete<pg::Logger>, true>&)
124 7

fn=(2752) std::_Head_base<0ul, pg::BytecodeRewriter*, false>::_Head_base()
189 8
+1 10

fn=(2812)
1377 15
+1 9
cfn=(2814) std::_Tuple_impl<1ul, std::default_delete<pg::BytecodeRewriter> >::_M_head(std::_Tuple_impl<1ul, std::default_delete<pg::BytecodeRewriter> >&)
calls=3 424 
* 51
* 6

fn=(3660)
233 7

fn=(5100) std::tuple_element<0ul, std::tuple<std::__cxx11::basic_string<char, std::char_traits<char>, std::allocator<char> >&&> >::type& std::get<0ul, std::__cxx11::basic_string<char, std::char_traits<char>, std::allocator<char> >&&>(std::tuple<std::__cxx11::basic_string<char, std::char_traits<char>, std::allocator<char> >&&>&)
1393 10
+1 6
cfn=(5102) std::__cxx11::basic_string<char, std::char_traits<char>, std::allocator<char> >& std::__get_helper<0ul, std::__cxx11::basic_string<char, std::char_traits<char>, std::allocator<char> >&&>(std::_Tuple_impl<0ul, std::__cxx11::basic_string<char, std::char_traits<char>, std::allocator<char> >&&>&)
calls=2 -17 
* 56
* 4

fn=(2316) pg::Logger*& std::__get_helper<0ul, pg::Logger*, std::default_delete<pg::Logger> >(std::_Tuple_impl<0ul, pg::Logger*, std::default_delete<pg::Logger> >&)
1377 10
+1 6
cfn=(2318) std::_Tuple_impl<0ul, pg::Logger*, std::default_delete<pg::Logger> >::_M_head(std::_Tuple_impl<0ul, pg::Logger*, std::default_delete<pg::Logger> >&)
calls=2 268 
* 34
* 4

fn=(2318)
268 16
cfn=(2320) std::_Head_base<0ul, pg::Logger*, false>::_M_head(std::_Head_base<0ul, pg::Logger*, false>&)
calls=2 -35 
* 14
* 4

fn=(2334) pg::Logger* const& std::__get_helper<0ul, pg::Logger*, std::default_delete<pg::Logger> >(std::_Tuple_impl<0ul, pg::Logger*, std::default_delete<pg::Logger> > const&)
1382 35
+1 21
cfn=(2336) std::_Tuple_impl<0ul, pg::Logger*, std::default_delete<pg::Logger> >::_M_head(std::_Tuple_impl<0ul, pg::Logger*, std::default_delete<pg::Logger> > const&)
calls=7 271 
* 119
* 14

fn=(2816) std::_Head_base<1ul, std::default_delete<pg::BytecodeRewriter>, true>::_M_head(std::_Head_base<1ul, std::default_delete<pg::BytecodeRewriter>, true>&)
124 21

fn=(3136)
424 32
cfn=(3138) std::_Head_base<0ul, void* const&, false>::_M_head(std::_Head_base<0ul, void* const&, false>&)
calls=4 233 
* 32
* 8

fn=(2304) std::_Tuple_impl<0ul, pg::Logger*, std::default_delete<pg::Logger> >::_Tuple_impl()
279 5
+1 3
cfn=(2306) std::_Tuple_impl<1ul, std::default_delete<pg::Logger> >::_Tuple_impl()
calls=1 430 
* 18
* 3
cfn=(2310) std::_Head_base<0ul, pg::Logger*, false>::_Head_base()
calls=1 -91 
* 9
* 3

fn=(2320)
233 14

fn=(2576) std::_Head_base<0ul, std::__cxx11::basic_string<char, std::char_traits<char>, std::allocator<char> > const&, false>::_Head_base(std::__cxx11::basic_string<char, std::char_traits<char>, std::allocator<char> > const&)
192 25
+1 30

fn=(2618)
1816 32
+3 16
cfn=(2620)
calls=4 1393 
* 152
* 8
cfi=(222)
cfn=(2628)
calls=4 77 
* 28
* 12
cob=(2)
cfi=(51)
cfn=(1996)
calls=4 0 
* 555
+1 8
+1 16

fn=(2624)
424 40
cfn=(2626) std::_Head_base<0ul, std::__cxx11::basic_string<char, std::char_traits<char>, std::allocator<char> > const&, false>::_M_head(std::_Head_base<0ul, std::__cxx11::basic_string<char, std::char_traits<char>, std::allocator<char> > const&, false>&)
calls=5 233 
* 40
* 10

fn=(2746) std::_Tuple_impl<0ul, pg::BytecodeRewriter*, std::default_delete<pg::BytecodeRewriter> >::_Tuple_impl()
279 10
+1 6
cfn=(2748)
calls=2 430 
* 36
* 6
cfn=(2752)
calls=2 -91 
* 18
* 6

fn=(2750)
80 8
+1 6

fn=(2790)
1393 35
+1 21
cfn=(2792) pg::BytecodeRewriter*& std::__get_helper<0ul, pg::BytecodeRewriter*, std::default_delete<pg::BytecodeRewriter> >(std::_Tuple_impl<0ul, pg::BytecodeRewriter*, std::default_delete<pg::BytecodeRewriter> >&)
calls=7 -17 
* 189
* 14

fn=(3130)
1816 28
+3 12
cfn=(3132)
calls=4 1393 
* 152
* 8
cfi=(222)
cfn=(3140)
calls=4 77 
* 28
* 12
+1 8
+1 12

fn=(5098) std::pair<std::__cxx11::basic_string<char, std::char_traits<char>, std::allocator<char> > const, pg::Value>::pair<std::__cxx11::basic_string<char, std::char_traits<char>, std::allocator<char> >&&, 0ul>(std::tuple<std::__cxx11::basic_string<char, std::char_traits<char>, std::allocator<char> >&&>&, std::tuple<>&, std::_Index_tuple<0ul>, std::_Index_tuple<>)
1816 16
+3 8
cfn=(5100)
calls=2 1393 
* 76
* 4
cfi=(222)
cfn=(5108)
calls=2 77 
* 14
* 6
cob=(2)
cfi=(51)
cfn=(2870)
calls=2 0 
* 56
+1 6
+1 8

fn=(5106) std::_Head_base<0ul, std::__cxx11::basic_string<char, std::char_traits<char>, std::allocator<char> >&&, false>::_M_head(std::_Head_base<0ul, std::__cxx11::basic_string<char, std::char_traits<char>, std::allocator<char> >&&, false>&)
233 16

fn=(2308) std::_Head_base<1ul, std::default_delete<pg::Logger>, true>::_Head_base()
80 4
+1 3

fn=(2314)
1393 10
+1 6
cfn=(2316)
calls=2 -17 
* 54
* 4

fn=(2332)
1399 35
+1 21
cfn=(2334)
calls=7 -18 
* 189
* 14

fn=(2792)
1377 35
+1 21
cfn=(2794) std::_Tuple_impl<0ul, pg::BytecodeRewriter*, std::default_delete<pg::BytecodeRewriter> >::_M_head(std::_Tuple_impl<0ul, pg::BytecodeRewriter*, std::default_delete<pg::BytecodeRewriter> >&)
calls=7 268 
* 119
* 14

fn=(3138)
233 32

fn=(3666)
1393 5
+1 3
cfn=(3668) std::filesystem::__cxx11::path::_List::_Impl_deleter& std::__get_helper<1ul, std::filesystem::__cxx11::path::_List::_Impl_deleter>(std::_Tuple_impl<1ul, std::filesystem::__cxx11::path::_List::_Impl_deleter>&)
calls=1 -17 
* 27
* 2

fn=(3670) std::_Tuple_impl<1ul, std::filesystem::__cxx11::path::_List::_Impl_deleter>::_M_head(std::_Tuple_impl<1ul, std::filesystem::__cxx11::path::_List::_Impl_deleter>&)
424 8
cfn=(3672)
calls=1 124 
* 7
* 2

fn=(5078)
440 14
+1 8
cfi=(222)
cfn=(3918)
calls=2 77 
* 14
* 6
cfn=(5080) std::_Head_base<0ul, std::__cxx11::basic_string<char, std::char_traits<char>, std::allocator<char> >&&, false>::_Head_base<std::__cxx11::basic_string<char, std::char_traits<char>, std::allocator<char> > >(std::__cxx11::basic_string<char, std::char_traits<char>, std::allocator<char> >&&)
calls=2 199 
* 42
+1 8

fn=(2302)
1049 5
+2 3
cfn=(2304)
calls=1 279 
* 41
* 3

fn=(2306)
430 5
+1 3
cfn=(2308)
calls=1 80 
* 7
* 3

fn=(2626)
233 40

fn=(2814)
424 24
cfn=(2816)
calls=3 124 
* 21
* 6

fn=(3088)
727 24
+2 20
cfn=(3090) std::_Tuple_impl<0ul, void* const&>::_Tuple_impl(void* const&)
calls=4 434 
* 100
* 12

fn=(5102)
1377 10
+1 6
cfn=(5104) std::_Tuple_impl<0ul, std::__cxx11::basic_string<char, std::char_traits<char>, std::allocator<char> >&&>::_M_head(std::_Tuple_impl<0ul, std::__cxx11::basic_string<char, std::char_traits<char>, std::allocator<char> >&&>&)
calls=2 424 
* 36
* 4

fn=(5104)
424 16
cfn=(5106)
calls=2 233 
* 16
* 4

fn=(2336)
271 56
cfn=(2338) std::_Head_base<0ul, pg::Logger*, false>::_M_head(std::_Head_base<0ul, pg::Logger*, false> const&)
calls=7 -35 
* 49
* 14

fn=(2572)
727 30
+2 25
cfn=(2574) std::_Tuple_impl<0ul, std::__cxx11::basic_string<char, std::char_traits<char>, std::allocator<char> > const&>::_Tuple_impl(std::__cxx11::basic_string<char, std::char_traits<char>, std::allocator<char> > const&)
calls=5 434 
* 125
* 15

fn=(2744)
1049 10
+2 6
cfn=(2746)
calls=2 279 
* 82
* 6

fn=(3090)
434 24
+1 20
cfn=(3092) std::_Head_base<0ul, void* const&, false>::_Head_base(void* const&)
calls=4 192 
* 44
+1 12

fn=(3654)
1393 5
+1 3
cfn=(3656)
calls=1 -17 
* 27
* 2

fn=(3668)
1377 5
+1 3
cfn=(3670)
calls=1 424 
* 17
* 2

fn=(5080)
199 12
+1 6
cfi=(222)
cfn=(3918)
calls=2 77 
* 14
* 10

fn=(5092) std::tuple<std::__cxx11::basic_string<char, std::char_traits<char>, std::allocator<char> >&&>::tuple(std::tuple<std::__cxx11::basic_string<char, std::char_traits<char>, std::allocator<char> >&&>&&)
756 22
cfn=(5094) std::_Tuple_impl<0ul, std::__cxx11::basic_string<char, std::char_traits<char>, std::allocator<char> >&&>::_Tuple_impl(std::_Tuple_impl<0ul, std::__cxx11::basic_string<char, std::char_traits<char>, std::allocator<char> >&&>&&)
calls=2 454 
* 24
* 6

fn=(5094)
454 10
+2 8
+1 6

fn=(2310)
189 4
+1 5

fn=(2338)
236 49

fn=(2574)
434 30
+1 25
cfn=(2576)
calls=5 192 
* 55
+1 15

fn=(2612) std::tuple<std::__cxx11::basic_string<char, std::char_traits<char>, std::allocator<char> > const&>::tuple(std::tuple<std::__cxx11::basic_string<char, std::char_traits<char>, std::allocator<char> > const&>&&)
756 55
cfn=(2614) std::_Tuple_impl<0ul, std::__cxx11::basic_string<char, std::char_traits<char>, std::allocator<char> > const&>::_Tuple_impl(std::_Tuple_impl<0ul, std::__cxx11::basic_string<char, std::char_traits<char>, std::allocator<char> > const&>&&)
calls=5 454 
* 60
* 15

fn=(2614)
454 25
+2 20
+1 15

fn=(2794)
268 56
cfn=(2796) std::_Head_base<0ul, pg::BytecodeRewriter*, false>::_M_head(std::_Head_base<0ul, pg::BytecodeRewriter*, false>&)
calls=7 -35 
* 49
* 14

fn=(2796)
233 49

fn=(3092)
192 20
+1 24

fn=(3124) std::tuple<void* const&>::tuple(std::tuple<void* const&>&&)
756 44
cfn=(3126) std::_Tuple_impl<0ul, void* const&>::_Tuple_impl(std::_Tuple_impl<0ul, void* const&>&&)
calls=4 454 
* 48
* 12

fn=(3126)
454 20
+2 16
+1 12

fn=(5096) std::pair<std::__cxx11::basic_string<char, std::char_traits<char>, std::allocator<char> > const, pg::Value>::pair<std::__cxx11::basic_string<char, std::char_traits<char>, std::allocator<char> >&&>(std::piecewise_construct_t, std::tuple<std::__cxx11::basic_string<char, std::char_traits<char>, std::allocator<char> >&&>, std::tuple<>)
1804 12
+5 12
cfn=(5098)
calls=2 +7 
* 194
+1 6

fn=(5468)
1377 5
+1 3
cfn=(5470) std::_Tuple_impl<1ul, std::default_delete<pg::Logger> >::_M_head(std::_Tuple_impl<1ul, std::default_delete<pg::Logger> >&)
calls=1 424 
* 17
* 2

fn=(5470)
424 8
cfn=(5472)
calls=1 124 
* 7
* 2

fl=(304)
fn=(4276)
79 564
+2 470
cfn=(4278) pg::Parser::checkType(pg::TokenType const&) const
calls=94 -14 
* 19833
* 188
+1 70
+2 177
cfn=(4280) pg::Parser::check() const
calls=59 -10 
* 413
* 59
+1 188

fn=(4944)
124 9
+2 8
cfn=(4688)
calls=1 -13 
* 840
+1 6

fn=(4688)
113 36
+2 18
cfn=(4686) bool pg::Parser::check<pg::TokenType>(pg::TokenType const&, pg::TokenType const&)
calls=3 -36 
* 1156
* 6
+2 9
cfn=(4282)
calls=3 -64 
* 2025
+1 3
+4 18

fn=(4686)
79 35
+2 25
cfn=(4278)
calls=5 -14 
* 1060
* 10
+1 2
+2 20
cfn=(4276)
calls=4 -5 
* 934
* 4
+1 10

fn=(4278)
67 594
+2 297
cfn=(4262)
calls=99 -4 
* 10098
* 200
+2 294
cfn=(4264) pg::Parser::peek() const
calls=98 -8 
* 8722
* 490
+1 198

fn=(4304)
113 132
+2 60
cfn=(4276)
calls=12 -36 
* 2748
* 24
+2 36
cfn=(4282)
calls=12 -64 
* 7355
+1 12
+4 72

fn=(4312)
99 136
+2 119
cfn=(4274)
calls=17 -13 
* 8628
* 84
cfn=(4274)
calls=14 -13 
* 7486
* 62
+1 102

fn=(4174)
49 12
cfi=(279)
cfn=(4176)
calls=1 +47 
* 22646
* 3

fn=(4264)
63 1818
cfi=(279)
cfn=(4266)
calls=202 227 
* 15756
* 404

fn=(4282)
53 477
+2 265
cfn=(4284)
calls=53 +49 
* 16167
* 318
cfi=(297)
cfn=(4292)
calls=53 +49 
* 4836
* 159
cfi=(297)
cfn=(4246)
calls=53 +42 
* 1060
+2 212
cfi=(279)
cfn=(4286)
calls=53 203 
* 1961
* 106
+3 212
cfi=(279)
cfn=(4294)
calls=53 298 
* 6467
+1 371

fn=(4922)
43 18
+2 10
cfi=(204)
cfn=(4866)
calls=2 811 
* 62
* 8
cfi=(204)
cfn=(4844)
calls=2 829 
* 64
* 10
cfi=(225)
cfn=(5242)
calls=2 1042 
* 16
* 4
+1 10
cfi=(306)
cfn=(5244)
calls=2 230 
* 3618
* 6
cob=(2)
cfi=(51)
cfn=(1774)
calls=2 -46 
* 198
-1 6
cfi=(225)
cfn=(5302)
calls=2 1052 
* 24
* 20
cfi=(225)
cfn=(4924)
calls=4 1179 
* 136
* 8
+2 8
cfi=(297)
cfn=(4246)
calls=2 +50 
* 40
* 8
cfi=(279)
cfn=(4228)
calls=2 +49 
* 2060
* 6
cfi=(204)
cfn=(4926)
calls=2 678 
* 400
* 14

fn=(4262)
65 832
cfn=(4264)
calls=104 -2 
* 9256
* 520

fn=(4270)
175 24

fn=(4280)
74 413

fn=(4404)
129 32
+2 24
cfi=(231)
cfn=(4406)
calls=4 480 
* 89141
+1 24

fn=(4405)
129 24
+2 18
cfi=(231)
cfn=(4407)
calls=3 480 
* 27462
+1 18

fn=(4080)
42 24
cfi=(204)
cfn=(4082)
calls=2 487 
* 134
* 20
cfi=(279)
cfn=(3256)
calls=2 166 
* 1598
* 10
cob=(2)
cfi=(51)
cfn=(1334)
calls=2 -42 
* 8
* 12
cfi=(196)
cfn=(1338)
calls=2 533 
* 388
201 2
42 18
cfi=(297)
cfn=(3764)
calls=2 +57 
* 306
* 6
cob=(2)
cfi=(51)
cfn=(2072)
calls=2 -42 
* 16
* 6
cob=(2)
cfi=(51)
cfn=(1382)
calls=2 -42 
* 8
* 14

fn=(4716)
158 24
cfi=(231)
cfn=(4718)
calls=2 901 
* 3874
* 12
cfi=(231)
cfn=(4420)
calls=2 911 
* 788
* 12

fn=(4684)
88 14
+2 12
cfn=(4686)
calls=2 -11 
* 944
* 4
+6 2
+1 4

fn=(4260)
189 11

fn=(4274)
88 426
+2 355
cfn=(4276)
calls=71 -11 
* 16623
* 142
+2 60
cfn=(4282)
calls=20 -39 
* 12314
+1 40
+3 51
+1 142

fn=(4284)
104 710
+2 284
cfi=(279)
cfn=(4286)
calls=71 +97 
* 2627
* 142
+3 284
cfi=(279)
cfn=(4266)
calls=71 227 
* 5538
* 355
cfi=(297)
cfn=(4050)
calls=71 -9 
* 11077
* 71
+1 497

fn=(4712)
161 30
+2 15
cfi=(231)
cfn=(4420)
calls=3 911 
* 1182
+1 15
cfi=(231)
cfn=(4548)
calls=3 916 
* 738
+1 9

fl=(205)
fn=(1710)
174 144
cfi=(206)
cfn=(1712) __gnu_cxx::new_allocator<std::__detail::_Hash_node_base*>::~new_allocator()
calls=18 -85 
* 126
* 54

fn=(1912)
159 6
+1 5
cfi=(206)
cfn=(1914) __gnu_cxx::new_allocator<std::__detail::_Hash_node<std::pair<std::__cxx11::basic_string<char, std::char_traits<char>, std::allocator<char> > const, pg::TokenType>, true> >::new_allocator(__gnu_cxx::new_allocator<std::__detail::_Hash_node<std::pair<std::__cxx11::basic_string<char, std::char_traits<char>, std::allocator<char> > const, pg::TokenType>, true> > const&)
calls=1 -78 
* 8
* 3

fn=(2030)
169 36
cfi=(206)
cfn=(1696) __gnu_cxx::new_allocator<std::__detail::_Hash_node_base*>::new_allocator()
calls=4 -90 
* 28
* 12

fn=(2388)
159 18
+1 15
cfi=(206)
cfn=(2390) __gnu_cxx::new_allocator<pg::TerminalSink>::new_allocator(__gnu_cxx::new_allocator<pg::TerminalSink> const&)
calls=3 -78 
* 24
* 9

fn=(2700)
156 8
cfi=(206)
cfn=(2702) __gnu_cxx::new_allocator<std::__detail::_Hash_node<std::pair<std::__cxx11::basic_string<char, std::char_traits<char>, std::allocator<char> > const, pg::Value>, true> >::new_allocator()
calls=1 -77 
* 7
* 3

fn=(5266)
174 16
cfi=(206)
cfn=(5268) __gnu_cxx::new_allocator<int>::~new_allocator()
calls=2 -85 
* 14
* 6

fn=(1446)
156 8
cfi=(206)
cfn=(1448) __gnu_cxx::new_allocator<tf::ObjectPool<tf::Node, 65536ul>::LocalHeap>::new_allocator()
calls=1 -77 
* 7
* 3

fn=(2764)
156 8
cfi=(206)
cfn=(2766) __gnu_cxx::new_allocator<pg::RewriteRule>::new_allocator()
calls=1 -77 
* 7
* 3

fn=(4142)
156 16
cfi=(206)
cfn=(4144) __gnu_cxx::new_allocator<pg::Value>::new_allocator()
calls=2 -77 
* 14
* 6

fn=(5410)
174 8
cfi=(206)
cfn=(5412) __gnu_cxx::new_allocator<std::__detail::_Hash_node<std::pair<void* const, int>, false> >::~new_allocator()
calls=1 -85 
* 7
* 3

fn=(5616)
174 8
cfi=(206)
cfn=(5618) __gnu_cxx::new_allocator<std::shared_ptr<pg::Logger::LogSink> >::~new_allocator()
calls=1 -85 
* 7
* 3

fn=(1590)
159 6
+1 5
cfi=(206)
cfn=(1592) __gnu_cxx::new_allocator<std::__detail::_Hash_node<std::pair<pg::TokenType const, pg::ParseRule>, false> >::new_allocator(__gnu_cxx::new_allocator<std::__detail::_Hash_node<std::pair<pg::TokenType const, pg::ParseRule>, false> > const&)
calls=1 -78 
* 8
* 3

fn=(2066)
174 8
cfi=(206)
cfn=(2068) __gnu_cxx::new_allocator<std::pair<std::__cxx11::basic_string<char, std::char_traits<char>, std::allocator<char> > const, pg::TokenType> >::~new_allocator()
calls=1 -85 
* 7
* 3

fn=(2732)
156 8
cfi=(206)
cfn=(2734) __gnu_cxx::new_allocator<std::unique_ptr<pg::BytecodePass, std::default_delete<pg::BytecodePass> > >::new_allocator()
calls=1 -77 
* 7
* 3

fn=(3282)
169 144
cfi=(206)
cfn=(3284) __gnu_cxx::new_allocator<pg::Token*>::new_allocator()
calls=16 -90 
* 112
* 48

fn=(4918)
174 16
cfi=(206)
cfn=(4920) __gnu_cxx::new_allocator<pg::Local>::~new_allocator()
calls=2 -85 
* 14
* 6

fn=(5238)
174 16
cfi=(206)
cfn=(5240) __gnu_cxx::new_allocator<pg::ObjUpvalue*>::~new_allocator()
calls=2 -85 
* 14
* 6

fn=(5352)
174 8
cfi=(206)
cfn=(5354) __gnu_cxx::new_allocator<pg::AdvancedRewriteRule>::~new_allocator()
calls=1 -85 
* 7
* 3

fn=(5496)
174 128
cfi=(206)
cfn=(5498) __gnu_cxx::new_allocator<pg::UnserializedObject>::~new_allocator()
calls=16 -85 
* 112
* 48

fn=(1834)
156 8
cfi=(206)
cfn=(1836) __gnu_cxx::new_allocator<std::shared_ptr<pg::Logger::LogSink> >::new_allocator()
calls=1 -77 
* 7
* 3

fn=(1916)
174 16
cfi=(206)
cfn=(1918) __gnu_cxx::new_allocator<std::__detail::_Hash_node<std::pair<std::__cxx11::basic_string<char, std::char_traits<char>, std::allocator<char> > const, pg::TokenType>, true> >::~new_allocator()
calls=2 -85 
* 14
* 6

fn=(2400)
174 32
cfi=(206)
cfn=(2402) __gnu_cxx::new_allocator<pg::TerminalSink>::~new_allocator()
calls=4 -85 
* 28
* 12

fn=(5392)
174 8
cfi=(206)
cfn=(5394) __gnu_cxx::new_allocator<std::unique_ptr<pg::BytecodePass, std::default_delete<pg::BytecodePass> > >::~new_allocator()
calls=1 -85 
* 7
* 3

fn=(1394)
156 128
cfi=(206)
cfn=(1396) __gnu_cxx::new_allocator<pg::UnserializedObject>::new_allocator()
calls=16 -77 
* 112
* 48

fn=(1454)
159 12
+1 10
cfi=(206)
cfn=(1456) __gnu_cxx::new_allocator<tf::ObjectPool<tf::Node, 65536ul>::LocalHeap>::new_allocator(__gnu_cxx::new_allocator<tf::ObjectPool<tf::Node, 65536ul>::LocalHeap> const&)
calls=2 -78 
* 16
* 6

fn=(1468)
174 24
cfi=(206)
cfn=(1470) __gnu_cxx::new_allocator<tf::ObjectPool<tf::Node, 65536ul>::LocalHeap>::~new_allocator()
calls=3 -85 
* 21
* 9

fn=(1594)
174 16
cfi=(206)
cfn=(1596) __gnu_cxx::new_allocator<std::__detail::_Hash_node<std::pair<pg::TokenType const, pg::ParseRule>, false> >::~new_allocator()
calls=2 -85 
* 14
* 6

fn=(2776)
156 8
cfi=(206)
cfn=(2778) __gnu_cxx::new_allocator<pg::AdvancedRewriteRule>::new_allocator()
calls=1 -77 
* 7
* 3

fn=(4010)
159 36
+1 30
cfi=(206)
cfn=(4012) __gnu_cxx::new_allocator<pg::Token>::new_allocator(__gnu_cxx::new_allocator<pg::Token> const&)
calls=6 -78 
* 48
* 18

fn=(4130)
156 16
cfi=(206)
cfn=(4132) __gnu_cxx::new_allocator<unsigned char>::new_allocator()
calls=2 -77 
* 14
* 6

fn=(4938)
174 16
cfi=(206)
cfn=(4940) __gnu_cxx::new_allocator<pg::ObjFunction*>::~new_allocator()
calls=2 -85 
* 14
* 6

fn=(5282)
174 16
cfi=(206)
cfn=(5284) __gnu_cxx::new_allocator<pg::Value>::~new_allocator()
calls=2 -85 
* 14
* 6

fn=(5372)
174 8
cfi=(206)
cfn=(5374) __gnu_cxx::new_allocator<pg::RewriteRule>::~new_allocator()
calls=1 -85 
* 7
* 3

fn=(2720)
156 8
cfi=(206)
cfn=(2722) __gnu_cxx::new_allocator<std::__detail::_Hash_node<std::pair<void* const, int>, false> >::new_allocator()
calls=1 -77 
* 7
* 3

fn=(3152)
169 18
cfi=(206)
cfn=(1696)
calls=2 -90 
* 14
* 6

fn=(3292)
174 128
cfi=(206)
cfn=(3294) __gnu_cxx::new_allocator<pg::Token*>::~new_allocator()
calls=16 -85 
* 112
* 48

fn=(4100)
156 16
cfi=(206)
cfn=(4102) __gnu_cxx::new_allocator<pg::Local>::new_allocator()
calls=2 -77 
* 14
* 6

fn=(5590)
174 8
cfi=(206)
cfn=(5592) __gnu_cxx::new_allocator<std::__detail::_Hash_node<std::pair<std::__cxx11::basic_string<char, std::char_traits<char>, std::allocator<char> > const, pg::Logger::LogSink::Filter*>, true> >::~new_allocator()
calls=1 -85 
* 7
* 3

fn=(1580)
169 9
cfi=(206)
cfn=(1582) __gnu_cxx::new_allocator<std::__detail::_Hash_node<std::pair<pg::TokenType const, pg::ParseRule>, false> >::new_allocator()
calls=1 -90 
* 7
* 3

fn=(2368)
169 18
cfi=(206)
cfn=(2370) __gnu_cxx::new_allocator<std::_Sp_counted_ptr_inplace<pg::TerminalSink, std::allocator<pg::TerminalSink>, (__gnu_cxx::_Lock_policy)2> >::new_allocator()
calls=2 -90 
* 14
* 6

fn=(2434)
156 8
cfi=(206)
cfn=(2436) __gnu_cxx::new_allocator<std::__detail::_Hash_node<std::pair<std::__cxx11::basic_string<char, std::char_traits<char>, std::allocator<char> > const, pg::Logger::LogSink::Filter*>, true> >::new_allocator()
calls=1 -77 
* 7
* 3

fn=(2442)
174 16
cfi=(206)
cfn=(2444) __gnu_cxx::new_allocator<std::_Sp_counted_ptr_inplace<pg::TerminalSink, std::allocator<pg::TerminalSink>, (__gnu_cxx::_Lock_policy)2> >::~new_allocator()
calls=2 -85 
* 14
* 6

fn=(2640)
169 18
cfi=(206)
cfn=(1696)
calls=2 -90 
* 14
* 6

fn=(3232)
169 18
cfi=(206)
cfn=(1696)
calls=2 -90 
* 14
* 6

fn=(5298)
174 16
cfi=(206)
cfn=(5300) __gnu_cxx::new_allocator<unsigned char>::~new_allocator()
calls=2 -85 
* 14
* 6

fn=(5448)
174 8
cfi=(206)
cfn=(5450) __gnu_cxx::new_allocator<std::__detail::_Hash_node<std::pair<std::__cxx11::basic_string<char, std::char_traits<char>, std::allocator<char> > const, pg::Value>, true> >::~new_allocator()
calls=1 -85 
* 7
* 3

fn=(1548)
156 8
cfi=(206)
cfn=(1550) __gnu_cxx::new_allocator<std::pair<pg::TokenType const, pg::ParseRule> >::new_allocator()
calls=1 -77 
* 7
* 3

fn=(3264)
156 24
cfi=(206)
cfn=(3266) __gnu_cxx::new_allocator<pg::Token>::new_allocator()
calls=3 -77 
* 21
* 9

fn=(4088)
156 16
cfi=(206)
cfn=(4090) __gnu_cxx::new_allocator<pg::ObjFunction*>::new_allocator()
calls=2 -77 
* 14
* 6

fn=(4986)
156 16
cfi=(206)
cfn=(4988) __gnu_cxx::new_allocator<pg::ObjUpvalue*>::new_allocator()
calls=2 -77 
* 14
* 6

fn=(1694)
169 72
cfi=(206)
cfn=(1696)
calls=8 -90 
* 56
* 24

fn=(1794)
174 8
cfi=(206)
cfn=(1796) __gnu_cxx::new_allocator<std::pair<pg::TokenType const, pg::ParseRule> >::~new_allocator()
calls=1 -85 
* 7
* 3

fn=(1870)
156 8
cfi=(206)
cfn=(1872) __gnu_cxx::new_allocator<std::pair<std::__cxx11::basic_string<char, std::char_traits<char>, std::allocator<char> > const, pg::TokenType> >::new_allocator()
calls=1 -77 
* 7
* 3

fn=(1902)
169 9
cfi=(206)
cfn=(1904) __gnu_cxx::new_allocator<std::__detail::_Hash_node<std::pair<std::__cxx11::basic_string<char, std::char_traits<char>, std::allocator<char> > const, pg::TokenType>, true> >::new_allocator()
calls=1 -90 
* 7
* 3

fn=(2356)
156 8
cfi=(206)
cfn=(2358) __gnu_cxx::new_allocator<pg::TerminalSink>::new_allocator()
calls=1 -77 
* 7
* 3

fn=(4018)
174 72
cfi=(206)
cfn=(4020) __gnu_cxx::new_allocator<pg::Token>::~new_allocator()
calls=9 -85 
* 63
* 27

fn=(4154)
156 16
cfi=(206)
cfn=(4156) __gnu_cxx::new_allocator<int>::new_allocator()
calls=2 -77 
* 14
* 6

fl=(206)
fn=(1448)
79 7

fn=(1456)
82 16

fn=(1462)
154 5
+1 3
cfn=(1464) __gnu_cxx::new_allocator<tf::ObjectPool<tf::Node, 65536ul>::LocalHeap>::_M_max_size() const
calls=1 +42 
* 7
* 2

fn=(1484)
103 7
+8 3
cfn=(1464)
calls=1 +86 
* 7
* 7
+16 7
cob=(2)
cfi=(51)
cfn=(1486)
calls=1 0 
* 201
* 1
+1 2

fn=(1582)
79 7

fn=(1592)
82 8

fn=(1656) __gnu_cxx::new_allocator<std::__detail::_Hash_node<std::pair<pg::TokenType const, pg::ParseRule>, false> >::_M_max_size() const
197 280
+3 70
+4 140

fn=(1670)
160 560
+2 210
cfi=(222)
cfn=(1618)
calls=70 -85 
* 490
* 350
cfi=(224)
cfn=(1504)
calls=70 +13 
* 560
* 910

fn=(1992)
160 180
+2 54
cfi=(222)
cfn=(1930)
calls=18 -85 
* 126
* 90
cfi=(224)
cfn=(1504)
calls=18 +13 
* 144
* 72
cfi=(242)
cfn=(1994)
calls=18 314 
* 4287
* 126

fn=(2376)
103 7
+8 3
cfn=(2378) __gnu_cxx::new_allocator<std::_Sp_counted_ptr_inplace<pg::TerminalSink, std::allocator<pg::TerminalSink>, (__gnu_cxx::_Lock_policy)2> >::_M_max_size() const
calls=1 +86 
* 7
* 7
+16 7
cob=(2)
cfi=(51)
cfn=(1486)
calls=1 0 
* 203
* 1
+1 2

fn=(2482)
154 10
+1 6
cfn=(2484) __gnu_cxx::new_allocator<std::shared_ptr<pg::Logger::LogSink> >::_M_max_size() const
calls=2 +42 
* 14
* 4

fn=(2500)
103 7
+8 3
cfn=(2484)
calls=1 +86 
* 7
* 7
+16 4
cob=(2)
cfi=(51)
cfn=(1486)
calls=1 0 
* 203
* 1
+1 2

fn=(2734)
79 7

fn=(3936)
160 252
+2 42
cfi=(222)
cfn=(1848)
calls=14 -85 
* 98
* 56
cob=(2)
cfi=(51)
cfn=(1334)
calls=14 0 
* 56
* 42
cfi=(222)
cfn=(3930)
calls=14 -85 
* 98
* 84
cfi=(196)
cfn=(1338)
calls=14 533 
* 2716
* 56
cfi=(222)
cfn=(3754)
calls=14 -85 
* 98
* 70
cfi=(222)
cfn=(3754)
calls=14 -85 
* 98
* 84
cfi=(224)
cfn=(1504)
calls=14 +13 
* 112
* 112
cfi=(297)
cfn=(3764)
calls=14 -63 
* 2142
* 42
cob=(2)
cfi=(51)
cfn=(2072)
calls=14 0 
* 112
* 42
cob=(2)
cfi=(51)
cfn=(1382)
calls=14 0 
* 56
* 168

fn=(3984)
132 56
+13 48
cob=(2)
cfi=(51)
cfn=(1774)
calls=8 0 
* 813
+5 16

fn=(3998)
160 18
+2 3
cfi=(222)
cfn=(1848)
calls=1 -85 
* 7
* 4
cob=(2)
cfi=(51)
cfn=(1334)
calls=1 0 
* 4
* 3
cfi=(222)
cfn=(3990)
calls=1 -85 
* 7
* 6
cfi=(196)
cfn=(1338)
calls=1 533 
* 209
* 4
cfi=(222)
cfn=(3754)
calls=1 -85 
* 7
* 5
cfi=(222)
cfn=(3754)
calls=1 -85 
* 7
* 6
cfi=(224)
cfn=(1504)
calls=1 +13 
* 8
* 8
cfi=(297)
cfn=(3764)
calls=1 -63 
* 168
* 3
cob=(2)
cfi=(51)
cfn=(2072)
calls=1 0 
* 8
* 3
cob=(2)
cfi=(51)
cfn=(1382)
calls=1 0 
* 4
* 12

fn=(4564)
132 91
+13 65
cob=(2)
cfi=(51)
cfn=(1774)
calls=13 0 
* 1287
+5 26

fn=(4636)
154 80
+1 48
cfn=(4638) __gnu_cxx::new_allocator<pg::Value>::_M_max_size() const
calls=16 +42 
* 112
* 32

fn=(5268)
89 14

fn=(5618)
89 7

fn=(4860)
154 20
+1 12
cfn=(4862) __gnu_cxx::new_allocator<pg::ObjFunction*>::_M_max_size() const
calls=4 +42 
* 28
* 8

fn=(2370)
79 14

fn=(2594)
103 28
+8 12
cfn=(2596) __gnu_cxx::new_allocator<std::__detail::_Hash_node<std::pair<std::__cxx11::basic_string<char, std::char_traits<char>, std::allocator<char> > const, pg::Logger::LogSink::Filter*>, true> >::_M_max_size() const
calls=4 +86 
* 28
* 28
+16 28
cob=(2)
cfi=(51)
cfn=(1486)
calls=4 0 
* 812
* 4
+1 8

fn=(2766)
79 7

fn=(3202) __gnu_cxx::new_allocator<std::__detail::_Hash_node<std::pair<std::__cxx11::basic_string<char, std::char_traits<char>, std::allocator<char> > const, pg::Value>, true> >::_M_max_size() const
197 12
+3 3
+4 6

fn=(4144)
79 14

fn=(5090)
160 30
+2 6
cfi=(222)
cfn=(2584)
calls=2 -85 
* 14
* 6
cfi=(222)
cfn=(5084)
calls=2 -85 
* 14
* 10
cfi=(264)
cfn=(5092)
calls=2 756 
* 52
* 8
cfi=(222)
cfn=(2580)
calls=2 -85 
* 14
* 8
cfi=(224)
cfn=(1504)
calls=2 +13 
* 16
* 8
cfi=(264)
cfn=(5096)
calls=2 1804 
* 224
* 20

fn=(5394)
89 7

fn=(5612)
132 7
+13 7
cob=(2)
cfi=(51)
cfn=(1774)
calls=1 0 
* 118
+5 2

fn=(5674)
132 7
+13 10
cob=(2)
cfi=(51)
cfn=(1774)
calls=1 0 
* 142
+5 2

fn=(1596)
89 14

fn=(1702) __gnu_cxx::new_allocator<std::__detail::_Hash_node_base*>::_M_max_size() const
197 36
+3 9
+4 18

fn=(1836)
79 7

fn=(2390)
82 24

fn=(3950)
154 35
+1 21
cfn=(3304) __gnu_cxx::new_allocator<pg::Token>::_M_max_size() const
calls=7 +42 
* 49
* 14

fn=(4012)
82 48

fn=(4344) __gnu_cxx::new_allocator<pg::Local>::_M_max_size() const
197 12
+3 3
+4 6

fn=(4450)
154 130
+1 78
cfn=(4452) __gnu_cxx::new_allocator<unsigned char>::_M_max_size() const
calls=26 +42 
* 182
* 52

fn=(4560)
160 216
+2 81
cfi=(222)
cfn=(4556)
calls=27 -85 
* 189
* 135
cfi=(224)
cfn=(1504)
calls=27 +13 
* 216
* 135

fn=(4876)
103 14
+8 6
cfn=(4862)
calls=2 +86 
* 14
* 14
+16 8
cob=(2)
cfi=(51)
cfn=(1486)
calls=2 0 
* 114
* 2
+1 4

fn=(4920)
89 14

fn=(5240)
89 14

fn=(5450)
89 7

fn=(5582)
132 28
+13 40
cob=(2)
cfi=(51)
cfn=(1774)
calls=4 0 
* 480
+5 8

fn=(5632)
166 350
+2 210

fn=(4706)
132 56
+13 56
cob=(2)
cfi=(51)
cfn=(1774)
calls=8 0 
* 792
+5 16

fn=(1464)
197 8
+3 2
+4 4

fn=(1470)
89 21

fn=(1914)
82 8

fn=(2402)
89 28

fn=(2412)
160 6
+2 4
cfi=(224)
cfn=(1504)
calls=1 +13 
* 8
* 2
cfi=(261)
cfn=(2414)
calls=1 514 
* 175
* 3

fn=(2444)
89 14

fn=(2484)
197 12
+3 3
+4 6

fn=(4532)
160 504
+2 189
cfi=(222)
cfn=(4528)
calls=63 -85 
* 441
* 315
cfi=(224)
cfn=(1504)
calls=63 +13 
* 504
* 315

fn=(4914)
132 7
+13 7
cob=(2)
cfi=(51)
cfn=(1774)
calls=1 0 
* 99
+5 2

fn=(4948)
132 14
+13 12
cob=(2)
cfi=(51)
cfn=(1774)
calls=2 0 
* 198
+5 4

fn=(5204)
166 20
+2 12

fn=(5216)
132 28
+13 40
cob=(2)
cfi=(51)
cfn=(1774)
calls=4 0 
* 396
+5 8

fn=(5426)
166 18
+2 9
cfi=(242)
cfn=(5428)
calls=3 +43 
* 57
* 9

fn=(5606)
132 7
+13 10
cob=(2)
cfi=(51)
cfn=(1774)
calls=1 0 
* 99
+5 2

fn=(4568)
132 91
+13 78
cob=(2)
cfi=(51)
cfn=(1774)
calls=13 0 
* 1287
+5 26

fn=(1396)
79 112

fn=(1712)
89 126

fn=(1772)
132 63
+13 54
cob=(2)
cfi=(51)
cfn=(1774)
calls=9 0 
* 2319
+5 18

fn=(2596)
197 16
+3 4
+4 8

fn=(2610)
160 60
+2 12
cfi=(222)
cfn=(2584)
calls=4 -85 
* 28
* 12
cfi=(222)
cfn=(2582)
calls=4 -85 
* 28
* 20
cfi=(264)
cfn=(2612)
calls=4 756 
* 104
* 16
cfi=(222)
cfn=(2580)
calls=4 -85 
* 28
* 16
cfi=(224)
cfn=(1504)
calls=4 +13 
* 32
* 16
cfi=(264)
cfn=(2616)
calls=4 1804 
* 887
* 40

fn=(3290) __gnu_cxx::new_allocator<pg::Token*>::_M_max_size() const
197 32
+3 8
+4 16

fn=(3762)
160 285
+2 57
cfi=(222)
cfn=(1848)
calls=19 -85 
* 133
* 76
cfi=(222)
cfn=(3756)
calls=19 -85 
* 133
* 76
cfi=(222)
cfn=(3754)
calls=19 -85 
* 133
* 95
cfi=(222)
cfn=(3754)
calls=19 -85 
* 133
* 114
cfi=(224)
cfn=(1504)
calls=19 +13 
* 152
* 152
cfi=(297)
cfn=(3764)
calls=19 -63 
* 3121
* 171

fn=(4132)
79 14

fn=(4466)
103 91
+8 39
cfn=(4452)
calls=13 +86 
* 91
* 91
+16 39
cob=(2)
cfi=(51)
cfn=(1486)
calls=13 0 
* 1380
* 13
+1 26

fn=(4638)
197 96
+3 24
+4 48

fn=(4940)
89 14

fn=(5284)
89 14

fn=(5374)
89 7

fn=(5412)
89 7

fn=(5512)
166 108
+2 54
cfi=(242)
cfn=(2070)
calls=18 +43 
* 342
* 54

fn=(5550)
166 6
+2 6
cfi=(261)
cfn=(5552)
calls=1 516 
* 1903
* 3

fn=(4862)
197 24
+3 6
+4 12

fn=(1872)
79 7

fn=(1904)
79 7

fn=(2378)
197 4
+3 1
+4 2

fn=(2702)
79 7

fn=(3106)
103 28
+8 12
cfn=(3108) __gnu_cxx::new_allocator<std::__detail::_Hash_node<std::pair<void* const, int>, false> >::_M_max_size() const
calls=4 +86 
* 28
* 28
+16 28
cob=(2)
cfi=(51)
cfn=(1486)
calls=4 0 
* 380
* 4
+1 8

fn=(3284)
79 112

fn=(3288)
103 56
+8 24
cfn=(3290)
calls=8 +86 
* 56
* 56
+16 32
cob=(2)
cfi=(51)
cfn=(1486)
calls=8 0 
* 472
* 8
+1 16

fn=(3294)
89 112

fn=(3926)
160 300
+2 60
cfi=(222)
cfn=(3920)
calls=20 -85 
* 140
* 80
cfi=(222)
cfn=(3918)
calls=20 -85 
* 140
* 80
cfi=(222)
cfn=(3754)
calls=20 -85 
* 140
* 100
cfi=(222)
cfn=(3754)
calls=20 -85 
* 140
* 120
cfi=(224)
cfn=(1504)
calls=20 +13 
* 160
* 160
cfi=(297)
cfn=(3764)
calls=20 -63 
* 3060
* 180

fn=(4102)
79 14

fn=(4300)
166 318
+2 159
cfi=(297)
cfn=(4246)
calls=53 -71 
* 1060
* 159

fn=(5440)
132 21
+13 21
cob=(2)
cfi=(51)
cfn=(1774)
calls=3 0 
* 318
+5 6

fn=(5524)
132 126
+13 180
cob=(2)
cfi=(51)
cfn=(1774)
calls=18 0 
* 2160
+5 36

fn=(5592)
89 7

fn=(1550)
79 7

fn=(1696)
79 126

fn=(1978) __gnu_cxx::new_allocator<std::__detail::_Hash_node<std::pair<std::__cxx11::basic_string<char, std::char_traits<char>, std::allocator<char> > const, pg::TokenType>, true> >::_M_max_size() const
197 72
+3 18
+4 36

fn=(2436)
79 7

fn=(3200)
103 21
+8 9
cfn=(3202)
calls=3 +86 
* 21
* 21
+16 12
cob=(2)
cfi=(51)
cfn=(1486)
calls=3 0 
* 177
* 3
+1 6

fn=(3216)
160 15
+2 3
cfi=(222)
cfn=(2584)
calls=1 -85 
* 7
* 3
cfi=(222)
cfn=(2582)
calls=1 -85 
* 7
* 5
cfi=(264)
cfn=(2612)
calls=1 756 
* 26
* 4
cfi=(222)
cfn=(2580)
calls=1 -85 
* 7
* 4
cfi=(224)
cfn=(1504)
calls=1 +13 
* 8
* 4
cfi=(264)
cfn=(3218)
calls=1 1804 
* 222
* 10

fn=(4358)
103 7
+8 3
cfn=(4344)
calls=1 +86 
* 7
* 7
+16 4
cob=(2)
cfi=(51)
cfn=(1486)
calls=1 0 
* 59
* 1
+1 2

fn=(4362)
160 10
+2 3
cfi=(222)
cfn=(4324)
calls=1 -85 
* 7
* 5
cfi=(224)
cfn=(1504)
calls=1 +13 
* 8
* 4
cfi=(303)
cfn=(4364)
calls=1 20 
* 175
* 7

fn=(4452)
197 156
+3 39
+4 78

fn=(4658)
160 96
+2 36
cfi=(222)
cfn=(4654)
calls=12 -85 
* 84
* 60
cfi=(224)
cfn=(1504)
calls=12 +13 
* 96
* 108

fn=(5300)
89 14

fn=(5354)
89 7

fn=(5498)
89 112

fn=(5644)
132 490
+13 700
cob=(2)
cfi=(51)
cfn=(1774)
calls=70 0 
* 8377
+5 140

fn=(1796)
89 7

fn=(1976)
103 126
+8 54
cfn=(1978)
calls=18 +86 
* 126
* 126
+16 126
cob=(2)
cfi=(51)
cfn=(1486)
calls=18 0 
* 3654
* 18
+1 36

fn=(2506)
160 8
+2 3
cfi=(222)
cfn=(2502)
calls=1 -85 
* 7
* 5
cfi=(224)
cfn=(1504)
calls=1 +13 
* 8
* 3
cfi=(267)
cfn=(2508)
calls=1 -12 
* 83
* 4

fn=(3108)
197 16
+3 4
+4 8

fn=(3266)
79 21

fn=(3304)
197 172
+3 43
+4 86

fn=(4090)
79 14

fn=(4256)
132 252
+13 360
cob=(2)
cfi=(51)
cfn=(1774)
calls=36 0 
* 5715
+5 72

fn=(4342)
154 10
+1 6
cfn=(4344)
calls=2 +42 
* 14
* 4

fn=(4470)
160 288
+2 108
cfi=(222)
cfn=(4432)
calls=36 -85 
* 252
* 180
cfi=(224)
cfn=(1504)
calls=36 +13 
* 288
* 180

fn=(4510)
154 130
+1 78
cfn=(4512) __gnu_cxx::new_allocator<int>::_M_max_size() const
calls=26 +42 
* 182
* 52

fn=(4512)
197 156
+3 39
+4 78

fn=(4526)
103 91
+8 39
cfn=(4512)
calls=13 +86 
* 91
* 91
+16 52
cob=(2)
cfi=(51)
cfn=(1486)
calls=13 0 
* 1333
* 13
+1 26

fn=(4882)
160 16
+2 6
cfi=(222)
cfn=(4878)
calls=2 -85 
* 14
* 10
cfi=(224)
cfn=(1504)
calls=2 +13 
* 16
* 10

fn=(4988)
79 14

fn=(1654)
103 490
+8 210
cfn=(1656)
calls=70 +86 
* 490
* 490
+16 490
cob=(2)
cfi=(51)
cfn=(1486)
calls=70 0 
* 14210
* 70
+1 140

fn=(1700)
103 63
+8 27
cfn=(1702)
calls=9 +86 
* 63
* 63
+16 36
cob=(2)
cfi=(51)
cfn=(1486)
calls=9 0 
* 1392
* 9
+1 18

fn=(1918)
89 14

fn=(2068)
89 7

fn=(2358)
79 7

fn=(2722)
79 7

fn=(2778)
79 7

fn=(3122)
160 60
+2 12
cfi=(222)
cfn=(2584)
calls=4 -85 
* 28
* 12
cfi=(222)
cfn=(3096)
calls=4 -85 
* 28
* 20
cfi=(264)
cfn=(3124)
calls=4 756 
* 104
* 16
cfi=(222)
cfn=(2580)
calls=4 -85 
* 28
* 16
cfi=(224)
cfn=(1504)
calls=4 +13 
* 32
* 16
cfi=(264)
cfn=(3128)
calls=4 1804 
* 320
* 40

fn=(3302)
103 252
+8 108
cfn=(3304)
calls=36 +86 
* 252
* 252
+16 252
cob=(2)
cfi=(51)
cfn=(1486)
calls=36 0 
* 7427
* 36
+1 72

fn=(4020)
89 63

fn=(4156)
79 14

fn=(4652)
103 56
+8 24
cfn=(4638)
calls=8 +86 
* 56
* 56
+16 32
cob=(2)
cfi=(51)
cfn=(1486)
calls=8 0 
* 472
* 8
+1 16

fn=(5568)
166 24
+2 12
cfi=(242)
cfn=(5570)
calls=4 +43 
* 76
* 12

fl=(309)
fn=(4614)
111 3277620
+2 364180
+1 728360
+1 1456720
+1 2549260

fn=(5000)
143 18
+2 2
+1 4
+1 8
+1 14

fn=(4722)
127 36
+2 4
+1 8
+1 16
+1 28

fn=(5220)
21 18
cfi=(204)
cfn=(5222)
calls=2 678 
* 264
* 6

fn=(4702) pg::makeObjValue(pg::ElementType*)
119 45
+2 5
+1 10
+1 20
+1 35

fn=(4606)
178 63
+1 27
cfi=(308)
cfn=(4608)
calls=9 +94 
* 90
* 18
+2 36
+2 12
cfi=(308)
cfn=(4610)
calls=4 +85 
* 128
* 4
+1 16
cfn=(4614)
calls=4 -73 
* 92
* 12
+5 10
cob=(2)
cfi=(51)
cfn=(1486)
calls=5 0 
* 835
* 25
cfi=(308)
cfn=(4700)
calls=5 -97 
* 1210
* 10
cfn=(4702)
calls=5 -70 
* 115
* 10
+2 81

fn=(4810)
227 2670756
+1 1942392
+5 32
cfi=(308)
cfn=(4594)
calls=4 88 
* 260
+11 4
-9 1456752
cfi=(308)
cfn=(4700)
calls=242792 92 
* 58755664
* 242792
+9 2185164

fn=(5176)
103 2427850
+2 242785
+1 485570
+1 971140
+1 1699495

fl=(245)
fn=(1814) __static_initialization_and_destruction_0(int, int)
596 14
fi=(195)
41 3
cob=(2)
cfi=(51)
cfn=(1334)
calls=1 -41 
* 4
* 7
cfi=(196)
cfn=(1338)
calls=1 533 
* 211
* 3
cob=(2)
cfi=(51)
cfn=(1382)
calls=1 -41 
* 4
* 7
cob=(2)
cfi=(51)
cfn=(1330)
calls=1 -41 
* 77
365 3
cfn=(1386)
calls=1 -47 
* 118
* 7
cob=(2)
cfi=(51)
cfn=(1330)
calls=1 0 
* 77
fe=(245)
596 7

fn=(1812)
596 6
cfn=(1814)
calls=1 * 
* 542
* 2

ob=(1)
fl=(73) ./malloc/./malloc/scratch_buffer_set_array_size.c
fn=(240) __libc_scratch_buffer_set_array_size
30 50
+4 5
+1 10
+11 5
-1 10
+18 20

fl=(24) ./elf/../sysdeps/nptl/dl-tls_init_tp.c
fn=(266) __tls_init_tp
68 2
fi=(324) ./elf/../include/list.h
-24 1
fe=(24)
+24 1
fi=(324)
-25 1
fe=(24)
+26 1
+3 1
fi=(324)
-29 1
+1 1
+1 1
+2 1
fe=(24)
+28 4
+1 2
+1 1
+5 2
+5 1
+6 1
-3 1
+3 1
-6 3
+6 1
+13 3
fi=(76) ./elf/../sysdeps/unix/sysv/linux/rseq-internal.h
-72 1
fe=(24)
+72 1
cfi=(10) ./elf/./elf/dl-tunables.c
cfn=(24) __tunable_get_val
calls=1 405 
* 20
fi=(76)
-74 3
+2 6
+3 2
+3 1
fe=(24)
+83 3
+7 2
+2 1
+1 1
+1 3

fn=(66) __tls_pre_init_tp
53 3
+3 8
+5 1
-5 1
+5 1
+1 1
-6 1
+8 1

fn=(84) rtld_mutex_dummy
42 258
+2 516

fl=(45) ./string/./string/strdup.c
fn=(140) strdup
40 30
+1 6
cfi=(22) ./string/../sysdeps/x86_64/multiarch/strlen-vec.S
cfn=(60) strlen
calls=6 * 
* 192
* 6
fi=(325) ./string/../include/rtld-malloc.h
+15 12
cfi=(27) ./elf/./elf/dl-minimal-malloc.c
cfn=(76) __minimal_malloc
calls=6 -21 
* 150
fe=(45)
-12 12
+4 6
-1 18
+1 12
-1 6
cfi=(29) ./string/../sysdeps/x86_64/multiarch/memmove-vec-unaligned-erms.S
cfn=(80) memcpy
calls=6 212 
* 90

fl=(60) ./misc/../sysdeps/unix/sysv/linux/mmap64.c
fn=(194) mmap
47 52
+3 52
+8 104
+2 26

fl=(43) ./string/../sysdeps/x86_64/memcmp.S
fn=(124) bcmp
22 1
+5 1
+1 1
+1 1
+1 1
+1 1
+1 1
+1 1
+1 1
+3 1
+1 1
+1 1
+1 1
+1 1
+1 1
+1 1
+1 1
+1 1
+2 1
+1 1
+17 1
+1 1
+17 1
+1 1
+1 1
+1 1
+1 1
+4 1
+47 1
+1 1
+1 1
+1 1
+1 1
+1 1
+1 1
+1 1
+1 1
+1 1
+1 1
+1 1
+1 1

fl=(53) ./setjmp/../sysdeps/x86_64/setjmp.S
fn=(168) __sigsetjmp
30 12
+2 12
+9 12
+1 24
+1 12
+4 12
+1 12
+1 12
+1 12
+1 12
+2 24
+2 12
+1 12
+1 12
+2 24
+2 12
+8 12
+3 12
+1 12
+7 12
+1 12

fl=(72) ./io/../sysdeps/unix/sysv/linux/pread64_nocancel.c
fn=(238) __pread64_nocancel
25 8
+1 16
+1 4

fl=(7) ./elf/./elf/dl-minimal.c
fn=(498) lookup_malloc_symbol
61 8
+3 4
-3 16
+3 4
-3 4
+3 8
-1 4
+1 12
cfi=(79) ./elf/./elf/dl-lookup.c
cfn=(280) _dl_lookup_symbol_x
calls=4 840 
* 2639
+4 28
+1 28
+2 4
fi=(150) ./elf/./dl-sym-post.h
-30 8
+12 12
fe=(7)
+19 20

fn=(136) strsep
239 2
+3 4
+2 2
+1 4
+4 33
+7 84
-2 56
+13 1
+4 4
-22 14
+15 14
-15 30

fn=(494) __rtld_malloc_init_real
76 2
+10 1
fi=(149) ./elf/../sysdeps/generic/dl-hash.h
-41 1
fe=(7)
+31 1
fi=(149)
-32 1
fe=(7)
+32 5
+11 1
-1 1
fi=(149)
-43 1
+5 3
+14 4
-17 3
+3 15
+14 20
-17 15
fe=(7)
+46 2
fi=(149)
-24 1
fe=(7)
+22 1
+2 2
fi=(149)
-19 1
fe=(7)
+19 1
cfn=(498)
calls=1 -30 
* 700
+1 3
-1 1
+1 1
cfn=(498)
calls=1 -31 
* 748
+1 3
-1 1
+1 1
cfn=(498)
calls=1 -32 
* 710
+1 3
-1 1
+1 1
cfn=(498)
calls=1 -33 
* 641
+5 1
+1 1
+1 1
+1 1
+1 7

fn=(12) __rtld_malloc_init_stubs
42 1
+1 2
+1 2
+1 2
+1 2
+1 1

fl=(64) ./io/../sysdeps/unix/sysv/linux/close_nocancel.c
fn=(204) __GI___close_nocancel
25 6
+1 24
+1 6

fl=(148) ./elf/./dl-find_object.h
fn=(490) _dl_find_object_from_map
95 16
+1 16
+1 8
+6 40
+1 232
+1 160
+2 24
+5 8

fl=(147) ./elf/./elf/dl-find_object.c
fn=(486) _dl_find_object_init
561 4
+3 1
+2 2
+7 2
+6 1
cfn=(488) _dlfo_process_initial
calls=1 474 
* 290
+1 1
-1 1
+1 1
fi=(28) ./elf/../include/rtld-malloc.h
56 1
cfi=(27)
cfn=(76)
calls=1 -21 
* 25
fe=(147)
580 1
fi=(28)
56 1
fe=(147)
582 2
+3 2
+5 1
+1 1
cfn=(488)
calls=1 474 
* 750
+3 3
+10 4
-8 2
cfn=(492) _dlfo_sort_mappings
calls=1 -60 
* 576
+3 6
+2 1

fn=(492)
536 1
+1 2
+3 4
+4 1
+1 1
-1 1
+1 2
-1 8
+1 8
-1 8
+1 34
+1 235
-1 135
+8 27
+1 18
-1 9
-13 18
+14 27
+1 18
-15 18
+17 1

fn=(488)
474 2
+3 2
-3 2
+1 2
+3 4
+26 14
+1 6
+1 14
-1 28
+3 52
+3 48
-7 10
+25 2
+2 8
-18 36
+3 12
-1 12
cfi=(148)
cfn=(490)
calls=6 95 
* 368
+2 24
-36 6
cfi=(148)
cfn=(490)
calls=2 95 
* 136
+5 2
-1 2
+1 6
+1 82
+1 52
+2 24
+3 8
+2 4
-2 8
+2 4
-2 12
+2 32
+4 16

fl=(39) ./elf/../sysdeps/x86_64/dl-hwcaps-subdirs.c
fn=(110) _dl_hwcaps_subdirs_active
29 1
fi=(18) ./elf/../sysdeps/x86/get-isa-level.h
+2 1
fe=(39)
+7 1
fi=(18)
-7 2
-1 2
fe=(39)
+22 1
fi=(18)
-20 3
+4 1
fe=(39)
+2 1
fi=(18)
-2 2
+3 4
+1 4
+5 1
fe=(39)
-7 1
fi=(18)
+7 3
fe=(39)
-2 1
fi=(18)
+5 2
+1 3
+2 4
+1 2
+1 2
+6 1
fe=(39)
-11 1
fi=(18)
+11 1
-3 2
fe=(39)

fl=(59) ./io/../sysdeps/unix/sysv/linux/fstatat64.c
fn=(192) fstatat
153 32
-55 32
+70 39
+1 7
-2 18
+1 18

fl=(50) ./string/../sysdeps/x86_64/strcspn.S
fn=(158) strcspn
25 1
+2 1
+7 1
+1 1
+2 1
+1 1
+1 1
+1 1
+1 33
+3 3
+7 1
+1 1
+1 1
+1 1
+2 1
+1 1
+1 1
+1 1
+2 1
+1 1
+1 1
+9 3
+12 1
+2 1
+1 1
+1 1
-4 12
+2 12
+1 12
+1 12
+2 13
+1 13
+1 13
+2 13
+1 13
+1 13
+2 13
+1 13
+1 13
+2 1
+1 1
+1 1
+2 1
+7 1
+4 1

fl=(1) ???
fn=(0) 0x0000000000020290
0 2
cfi=(2) ./elf/./elf/rtld.c
cfn=(2) _dl_start
calls=1 527 
0 2379573
0 14
cfi=(162) ./elf/./elf/dl-init.c
cfn=(544) _dl_init
calls=1 77 
0 7340
0 3
cob=(8)
cfi=(178)
cfn=(810)
calls=1 0 
0 1399371461

fl=(46) ./elf/./elf/dl-debug.c
fn=(152) _dl_debug_state
116 2
+1 2

fn=(146) _dl_debug_initialize
56 1
+3 2
+4 1
-6 1
+4 1
+2 2
+22 2
+5 2
+1 1
+1 1
-1 1
-1 1
+5 2
+4 2
+8 2
-43 2
+32 6

fn=(186) _dl_debug_update
38 6
+3 6
-1 12
+4 12
+4 6

fl=(66) ./elf/./elf/dl-deps.c
fn=(214) openaux
61 33
+7 11
-4 22
+1 11
-1 88
cfi=(31) ./elf/./elf/dl-load.c
cfn=(172) _dl_map_object
calls=11 2022 
* 25737
* 11
+5 22

fn=(210) _dl_map_object_deps
159 5
+1 3
-1 1
+1 1
-1 2
+1 1
-1 3
+1 1
-1 4
+1 12
-8 1
-7 1
+15 1
-14 1
+6 1
+8 1
-15 1
+7 1
-8 1
+1 1
+7 1
-7 1
+31 3
-28 3
-2 1
+31 1
-33 2
+2 2
+30 2
-30 1
-1 4
+7 4
+24 2
-32 1
+60 1
-60 2
+36 1
fi=(74) ./elf/../include/scratch_buffer.h
77 3
fe=(66)
198 1
fi=(74)
78 1
fe=(66)
200 2
+98 1
198 1
+4 1
+7 1
+4 4
-4 6
+4 24
+11 18
-18 2
+18 4
433 21
+2 5
+3 5
-3 10
+3 5
fi=(28)
56 5
cfi=(27)
cfn=(76)
calls=5 -21 
* 125
* 5
fe=(66)
439 10
+6 5
+1 25
cfi=(29)
cfn=(80)
calls=5 212 
* 63
+1 25
cfi=(29)
cfn=(80)
calls=5 212 
* 63
+4 5
-1 5
+5 28
204 18
458 18
-1 7
+1 14
199 3
+27 25
+5 5
+6 5
-5 5
-1 5
+2 10
+4 20
-31 5
+31 5
+1 15
+6 20
cfi=(31)
cfn=(212) _dl_dst_count
calls=5 -6 
* 234
* 24
cfi=(31)
cfn=(212)
calls=6 -6 
* 300
* 33
+4 22
-2 11
+2 22
cob=(2)
cfi=(51)
cfn=(164) 0x0000000004002050
calls=11 0 
* 26606
+1 22
+9 11
+2 22
+5 25
+6 5
+2 5
-8 10
+3 5
+1 5
+1 5
+1 5
+4 25
+4 33
+1 24
-43 544
+1 262
+44 375
-38 22
fi=(74)
85 3
fe=(66)
464 6
+1 1
+3 4
+11 3
fi=(28)
56 1
cfi=(27)
cfn=(76)
calls=1 -21 
* 25
* 1
fe=(66)
481 2
+5 3
+1 1
-1 2
+4 2
-2 1
+2 1
-2 2
+13 6
+5 6
-16 18
-2 6
+6 6
+7 6
-2 12
-5 1
+7 1
-2 2
+2 2
+5 1
-16 6
+19 2
+52 3
+37 3
+15 1
-11 1
+11 1
-14 2
+20 1
-1 3
+1 3
-1 5
cfi=(12) ./elf/./elf/dl-sort-maps.c
cfn=(246) _dl_sort_maps
calls=1 290 
* 464
+5 1
+3 1
-1 1
+2 2
+7 3
+3 3
+3 8
214 46
+3 5
fi=(74)
-86 15
cfi=(73)
cfn=(240)
calls=5 30 
* 100
fe=(66)
+86 10
+4 15
613 2
cfi=(29)
cfn=(80)
calls=1 212 
* 19
* 1
-53 2
160 2
380 12

fl=(151) ./elf/../sysdeps/nptl/dl-mutex.c
fn=(502) __rtld_mutex_init
30 2
+10 3
-10 1
+10 2
-10 1
+7 1
+3 2
cfi=(152) ./elf/./elf/dl-lookup-direct.c
cfn=(504) _dl_lookup_direct
calls=1 +34 
* 175
+4 2
+1 8
+2 3
-2 1
+2 3
cfi=(152)
cfn=(504)
calls=1 +27 
* 198
+4 2
+1 6
+1 2
-1 1
+1 2

fl=(25) ./elf/./elf/dl-environ.c
fn=(68) _dl_next_ld_env_entry
28 3
+1 3
+3 92
+13 82
-13 164
+2 168
+1 36
+5 2
-3 2
+3 2
+2 2
+7 1

fl=(47) ./elf/../elf/dl-tls.c
fn=(412) _dl_add_to_slotinfo
1015 16
+6 2
+3 2
+1 2
+4 6
+34 4
+3 6
+1 6
+3 12

fn=(264) _dl_allocate_tls_storage
422 2
+13 1
-13 2
+2 1
+12 1
fi=(28)
56 1
cfi=(27)
cfn=(76)
calls=1 -21 
* 54
fe=(47)
437 3
+8 2
fi=(28)
44 1
fe=(47)
445 2
+1 1
+4 321
+19 1
-99 1
+4 1
+1 1
fi=(28)
44 1
cfi=(27)
cfn=(72) __minimal_calloc
calls=1 +34 
* 36
fe=(47)
376 2
+3 1
+6 2
+90 5

fn=(484) _dl_allocate_tls_init
528 10
+1 2
+4 1
+6 1
-6 1
+6 1
cfi=(24)
cfn=(84)
calls=1 42 
* 3
+3 3
+12 1
-18 1
-1 1
+43 3
-19 13
+9 6
+1 4
+6 6
+1 2
+2 4
-2 2
+6 2
-4 4
+4 2
-4 4
+3 4
+4 4
+1 8
+2 4
+1 4
+17 2
-8 2
+8 2
+2 6
cfi=(29)
cfn=(128) mempcpy
calls=2 199 
* 26
* 10
cfi=(44) ./string/../sysdeps/x86_64/multiarch/memset-vec-unaligned-erms.S
cfn=(132) memset
calls=2 125 
* 38
-49 2
+55 2
-55 8
+6 6
+55 2
cfi=(24)
cfn=(84)
calls=1 42 
* 3
+3 2
+3 9

fn=(148) _dl_count_modids
197 1
+2 2
+1 1
+15 2

fn=(262) _dl_determine_tlsoffset
221 8
+6 3
+3 2
+36 3
+2 1
-2 1
-2 1
-40 1
-1 1
-1 1
+46 2
+23 6
+3 2
-3 8
+2 4
-2 2
-25 2
+20 2
-20 10
+2 4
+3 2
-1 2
+5 4
-5 2
+1 2
-1 2
+3 4
+2 6
+32 3
-1 1
+1 4
+2 2
-2 2
+53 8

fn=(260) _dl_tls_static_surplus_init
97 2
+4 1
-4 2
+4 1
-4 2
+4 3
cfi=(10)
cfn=(24)
calls=1 405 
* 21
* 1
+1 4
cfi=(10)
cfn=(24)
calls=1 405 
* 21
* 1
+8 1
-8 1
+6 2
+2 3
+3 1
+2 1
-32 3
+34 3
+1 5

fn=(236) _dl_assign_tls_modid
131 4
+3 2
+13 2
-13 2
+52 2
+2 2
+3 2
+1 4

fl=(19) ./elf/../sysdeps/x86/dl-cacheinfo.h
fn=(52) get_common_cache_info.constprop.0
481 1
+17 1
-17 4
+16 1
-16 1
+15 1
-15 3
+18 1
-1 1
+9 2
+3 3
+11 1
-11 1
-5 1
+21 3
+4 2
681 4
+1 5
+4 2
+9 2
-2 1
+2 2
-1 1
+1 3
535 6
+3 8
+7 2
-7 9
+7 6
+3 26
+14 2
+4 1
+3 1
+1 1
-4 2
+3 3
+6 2
-37 6
+15 2
+4 1
+1 1
-1 2
+18 2
-68 6
+74 4
+8 7
+2 2
+4 3
+2 1
+2 5
-4 1
+16 1
-16 3
+21 2
-21 4
+3 1
+1 4
-4 1
+6 4
+3 2
+5 1
+2 2
+1 1
+1 1
-2 2
+1 1
-19 5
+46 2
+1 1
+1 2
+2 2
-1 3
-23 2
+7 1
+2 2
-16 1
+22 1
-6 2
+1 1
+5 1

fn=(46) handle_intel.constprop.0
255 24
-5 24
+16 12
-16 72
+13 12
+1 36
-3 24
+11 60
+5 24
+2 12
+1 12
-1 12
+5 48
cfn=(48) intel_check_word.constprop.0
calls=12 123 
* 3876
+2 24
+3 60
cfn=(48)
calls=12 123 
* 1156
+2 24
+3 5
cfn=(48)
calls=1 123 
* 20
+2 2
+3 5
cfn=(48)
calls=1 123 
* 255
+2 2
-35 3
+39 3
+5 96

fn=(48)
123 78
-4 78
+10 104
-10 26
+10 52
+2 52
+71 200
-71 102
+2 63
+2 126
+8 126
+51 102
+22 51
fi=(20) ./elf/../bits/stdlib-bsearch.h
28 51
-1 102
+4 102
+1 51
fe=(19)
+78 102
fi=(20)
-79 76
+1 38
fe=(19)
+78 76
+3 345
fi=(20)
-84 820
+2 512
+1 256
fe=(19)
+78 512
+15 15
246 104
fi=(20)
37 63
-8 151
fe=(19)
155 36
+3 36
-6 54
+3 14
+9 14
+23 19
-32 57
+3 57
+4 50
+2 100
+2 50
+2 36
+4 11
+2 22
+6 14
+3 8
+1 12
-8 4
+2 4
-1 4
-1 4
+2 8
-2 4
+3 12
-2 12
+2 8
-10 24
+1 10
+11 12
-26 4
+9 4
+23 2
-32 6
+3 6
+4 8
+2 16
+2 8
-11 3
+7 6
+2 12

fl=(160) ./elf/./elf/dl-runtime.c
fn=(528) _dl_fixup
46 1264
+2 790
+1 158
+6 158
fi=(326) ./elf/../sysdeps/x86_64/dl-runtime.h
-27 158
fe=(160)
+21 158
+5 158
+1 158
-6 158
+6 316
+1 158
+2 158
-2 158
+2 158
-2 790
+7 316
+4 316
+4 474
+4 474
+1 632
-7 632
+16 158
-1 158
+1 316
+10 1580
cfi=(79)
cfn=(280)
calls=158 840 
* 128876
* 158
+4 790
+10 1580
+15 632
+9 474
+26 474
fi=(6) ./elf/../sysdeps/x86_64/dl-machine.h
+70 158
fe=(160)
-66 948
fi=(202) ./elf/../sysdeps/x86_64/dl-irel.h
32 5
cob=(3)
cfi=(123)
cfn=(396)
calls=1 -3 
* 23
cob=(3)
cfi=(110)
cfn=(358)
calls=1 -3 
* 22
cob=(3)
cfi=(89)
cfn=(306)
calls=1 -3 
* 24
cob=(3)
cfi=(118)
cfn=(380)
calls=1 -3 
* 21
cob=(3)
cfi=(92)
cfn=(314)
calls=1 -3 
* 22
fe=(160)
+93 10

fl=(36) ./posix/../sysdeps/unix/syscall-template.S
fn=(102) uname
120 5
+2 1

fl=(13) ./elf/../sysdeps/unix/sysv/linux/dl-sysdep.c
fn=(100) _dl_discover_osversion
46 5
+2 3
+85 5
-45 2
cfi=(36)
cfn=(102)
calls=1 +32 
* 6
+15 1
-15 2
+20 1
-1 1
+3 12
+4 3
-2 6
+2 9
+7 3
-1 3
+4 3
-2 3
+2 10
+5 2

fl=(316)
fn=(5710)
31 9
+20 3
-3 7
+3 4
+3 2
cob=(3)
cfi=(266)
cfn=(2352)
calls=1 +23 
* 43
+2 1
+3 2
+2 6
+7 2
-2 1
+2 1
cfi=(49) ./elf/./elf/dl-audit.c
cfn=(536) _dl_audit_activity_nsid
calls=1 -28 
* 21
+5 14
+5 1
-5 1
+5 3
+2 14
+2 14
+2 14
+1 7
+1 7
+4 7
-12 21
+14 6
+1 4
+6 5
cfi=(12)
cfn=(246)
calls=1 290 
* 531
+9 2
cob=(3)
cfi=(272)
cfn=(2542)
calls=1 367 
* 34
+5 6
+2 1
+2 3
-2 6
+2 18
+3 14
+3 21
+4 8
+11 16
+1 4
+1 8
+1 20
+1 8
cob=(4)
cfi=(168)
cfn=(5820)
calls=1 0 
* 139
cob=(6)
cfi=(169)
cfn=(5802)
calls=1 0 
* 139
cob=(7)
cfi=(170)
cfn=(5760)
calls=1 0 
* 1169
cob=(8)
cfi=(178)
cfn=(5712)
calls=1 0 
* 139
-1 20
+5 12
+1 15
cob=(2)
cfi=(51)
cfn=(5836) 0x0000000004d5a8c8
calls=1 0 
* 4
cob=(2)
cfi=(51)
cfn=(5818) 0x0000000004aa1808
calls=1 0 
* 4
cob=(2)
cfi=(51)
cfn=(5800) 0x0000000004a06fc4
calls=1 0 
* 4
cob=(2)
cfi=(51)
cfn=(5738) 0x000000000483f334
calls=1 0 
* 157
cob=(2)
cfi=(51)
cfn=(5734) 0x000000000018c498
calls=1 0 
* 4
+6 14
cfi=(49)
cfn=(5736) _dl_audit_objclose
calls=7 -57 
* 35
+5 7
-45 21
+49 3
cfi=(49)
cfn=(536)
calls=1 40 
* 21
* 2
-38 9
+3 2
+41 6
+6 2
+7 8
73 2

fl=(44)
fn=(132)
125 11
+1 55
+6 11
+1 11
+1 10
+1 10
+2 2
+1 2
+1 2
+65 4
+1 4
+2 4
+76 8
+1 8
+5 8
+3 8
+1 8
+3 4
+1 4
+13 4
+1 4
+2 4
+3 3
+3 6
+3 3
+1 3
+1 3
+1 3
+1 3
+1 3
+1 3
-6 82
+1 82
+1 82
+1 82
+1 82
+1 82
+1 82
+3 4
+1 4
+1 4
+1 4
+5 4
+29 1
+1 1
+1 1
+32 1
+1 1
+1 1

fl=(77) ./elf/../sysdeps/x86/dl-cet.c
fn=(270) _dl_cet_check
252 8
42 1
+9 1
-10 1
+4 1
-4 1
+3 1
+4 2
+1 2
-1 2
+14 2
254 8

fl=(32) ./string/../sysdeps/x86_64/strcmp.S
fn=(90) strcmp
108 2999
+33 2999
+1 2999
+2 2999
+1 2999
+21 2999
+1 2999
+1 2730
+1 2730
+1 2612
+1 2612
+1 2612
+1 2612
+21 2612
+1 2612
+1 2612
+1 2612
+1 2612
+1 2612
+1 2612
+5 124
+1 372
+9 124
+1 124
+1 124
+1 124
+1 124
+1 124
+1 124
+1 124
-7 387
+1 387
+1 387
+1 387
+1 387
+1 387
+1 387
+1 387
+1 372
+1 228
+1 228
+1 228
+2 228
+1 228
+1 228
+1 228
+1 228
+1 228
-5 144
+1 144
+1 144
+1 144
+1 144
+1 144
+10 139
+1 139
+1 139
+2 139
+6 139
+1 139
+1 139
+1 139
+1 139
+5 139
+2 128
+1 128
+1 256
+8 128
+1 128
+3 128
+1 128
+1 128
+1 128
+1 128
+1 128
-9 28
+1 28
+3 28
+1 28
+1 28
+1 28
+1 28
+1 28
+6 43
+1 43
+1 43
+3 43
+1 43
+1 43
+1 43
+1 43
+1 43
+5 28
+1 28
444 9
+1 9
+1 9
+1 9
+1 9
+2 9
+1 9
+1 9
+1 9
+1 9
+1 9
+1 9
+1 9
+3 9
+1 9
+1 9
+6 9
+1 9
+1 18
+4 9
+1 9
-1 8
+1 8
+3 17
+1 17
+1 17
+3 17
+1 17
+1 17
+6 17
+1 17
+1 17
+1 17
+1 17
+1 17
+7 10
+1 10
+2 10
+1 10
+2 10
+1 10
+1 10
+3 10
+1 10
+1 10
+6 10
+1 10
+1 10
+1 10
+1 10
+1 10
+7 8
+1 8
+1 8
+32 8
+1 8
+1 8
+1 8
+1 8
+2 8
+1 8
+1 8
+1 8
+1 8
+1 8
+1 8
+1 8
+4 8
+1 8
+1 8
+6 8
+1 8
+1 16
+4 8
+1 8
-1 3
+1 3
+3 11
+1 11
+1 11
+3 11
+1 11
+1 11
+6 11
+1 11
+1 11
+1 11
+1 11
+1 11
+7 7
+1 7
+2 7
+1 7
+2 7
+1 7
+1 7
+3 7
+1 7
+1 7
+6 7
+1 7
+1 7
+1 7
+1 7
+1 7
+7 3
+1 3
+1 3
+32 6
+1 6
+1 6
+1 6
+1 6
+2 6
+1 6
+1 6
+1 6
+1 6
+1 6
+1 6
+1 3
+4 3
+1 3
+1 3
+6 3
+1 3
+1 6
+4 3
+1 3
-1 6
+1 6
+3 9
+1 9
+1 9
+3 9
+1 9
+1 9
+6 9
+1 9
+1 9
+1 9
+1 9
+1 9
+7 7
+1 7
+2 7
+1 7
+2 7
+1 7
+1 7
+3 7
+1 7
+1 7
+6 7
+1 7
+1 7
+1 7
+1 7
+1 7
+7 6
+1 6
+1 6
+32 10
+1 10
+1 10
+1 10
+1 10
+2 10
+1 10
+1 10
+1 10
+1 10
+1 10
+1 10
+1 9
+4 9
+1 9
+1 9
+6 9
+1 9
+1 18
+4 9
+1 9
-1 6
+1 6
+3 15
+1 15
+1 15
+3 15
+1 15
+1 15
+6 15
+1 15
+1 15
+1 15
+1 15
+1 15
+7 7
+1 7
+2 7
+1 7
+2 7
+1 7
+1 7
+3 7
+1 7
+1 7
+6 7
+1 7
+1 7
+1 7
+1 7
+1 7
+7 6
+1 6
+1 6
+32 6
+1 6
+1 6
+1 6
+1 6
+2 6
+1 6
+1 6
+1 6
+1 6
+1 6
+1 6
+1 6
+4 6
+1 6
+1 6
+6 6
+1 6
+1 12
+4 6
+1 6
-1 3
+1 3
+3 9
+1 9
+1 9
+3 9
+1 9
+1 9
+6 9
+1 9
+1 9
+1 9
+1 9
+1 9
+7 3
+1 3
+2 3
+1 3
+2 3
+1 3
+1 3
+3 3
+1 3
+1 3
+6 3
+1 3
+1 3
+1 3
+1 3
+1 3
+7 3
+1 3
+1 3
+32 22
+1 22
+1 22
+1 22
+1 22
+2 22
+1 22
+1 22
+1 22
+1 22
+1 22
+1 22
+1 15
+4 15
+1 15
+1 15
+6 15
+1 15
+1 30
+4 15
+1 15
-1 10
+1 10
+3 25
+1 25
+1 25
+3 25
+1 25
+1 25
+6 25
+1 25
+1 25
+1 25
+1 25
+1 25
+7 15
+1 15
+2 15
+1 15
+2 15
+1 15
+1 15
+3 15
+1 15
+1 15
+6 15
+1 15
+1 15
+1 15
+1 15
+1 15
+7 10
+1 10
+1 10
+32 16
+1 16
+1 16
+1 16
+1 16
+2 16
+1 16
+1 16
+1 16
+1 16
+1 16
+1 16
+1 12
+4 12
+1 12
+1 12
+6 12
+1 12
+1 24
+4 12
+1 12
-1 11
+1 11
+3 23
+1 23
+1 23
+3 23
+1 23
+1 23
+6 23
+1 23
+1 23
+1 23
+1 23
+1 23
+7 13
+1 13
+2 13
+1 13
+2 13
+1 13
+1 13
+3 13
+1 13
+1 13
+6 13
+1 13
+1 13
+1 13
+1 13
+1 13
+7 11
+1 11
+1 11
+32 42
+1 42
+1 42
+1 42
+1 42
+2 42
+1 42
+1 42
+1 42
+1 42
+1 42
+1 42
+1 19
+4 19
+1 19
+1 19
+6 19
+1 19
+1 38
+4 19
+1 19
-1 7
+1 7
+3 25
+1 25
+1 25
+3 25
+1 25
+1 25
+6 25
+1 25
+1 25
+1 25
+1 25
+1 25
+7 13
+1 13
+2 13
+1 13
+2 13
+1 13
+1 13
+3 13
+1 13
+1 13
+6 13
+1 13
+1 13
+1 13
+1 13
+1 13
+7 7
+1 7
+1 7
+4 1
+1 1
+1 1
+1 1
+13 1
+1 1
+1 1
+1 1
+9 15
+1 15
+1 15
+1 15
+1 15
+2 15
+1 15
+1 15
+1 15
+1 15
+1 15
+1 15
+1 15
+4 15
+1 15
+1 15
+6 15
+1 15
+1 30
+4 15
+1 15
-1 13
+1 13
+3 28
+1 28
+1 28
+3 28
+1 28
+1 28
+6 28
+1 28
+1 28
+1 28
+1 28
+1 28
+7 18
+1 18
+2 18
+1 18
+2 18
+1 18
+1 18
+3 18
+1 18
+1 18
+6 18
+1 18
+1 18
+1 18
+1 18
+1 18
+7 13
+1 13
+1 13
+32 23
+1 23
+1 23
+1 23
+1 23
+2 23
+1 23
+1 23
+1 23
+1 23
+1 23
+1 23
+1 16
+4 16
+1 16
+1 16
+6 16
+1 16
+1 32
+4 16
+1 16
-1 8
+1 8
+3 25
+1 25
+1 25
+3 25
+1 25
+1 25
+6 25
+1 25
+1 25
+1 25
+1 25
+1 25
+7 14
+1 14
+2 14
+1 14
+2 13
+1 13
+1 13
+3 13
+1 13
+1 13
+6 13
+1 13
+1 13
+1 13
+1 13
+1 13
+7 8
+1 8
+1 8
+4 1
+1 1
+1 1
+1 1
+7 1
+1 1
+1 1
+16 96
+1 96
+1 96
+1 96
+1 96
+2 96
+1 96
+1 96
+1 96
+1 96
+1 96
+1 96
+1 78
+4 78
+1 78
+1 78
+6 78
+1 78
+1 156
+4 78
+1 78
-1 5
+1 5
+3 83
+1 83
+1 83
+3 83
+1 83
+1 83
+6 83
+1 83
+1 83
+1 83
+1 83
+1 83
+7 6
+1 6
+2 6
+1 6
+2 6
+1 6
+1 6
+3 6
+1 6
+1 6
+6 6
+1 6
+1 6
+1 6
+1 6
+1 6
+7 5
+1 5
+1 5
+32 23
+1 23
+1 23
+1 23
+1 23
+2 23
+1 23
+1 23
+1 23
+1 23
+1 23
+1 23
+1 12
+4 12
+1 12
+1 12
+6 12
+1 12
+1 24
+4 12
+1 12
-1 10
+1 10
+3 22
+1 22
+1 22
+3 22
+1 22
+1 22
+6 22
+1 22
+1 22
+1 22
+1 22
+1 22
+7 15
+1 15
+2 15
+1 15
+2 15
+1 15
+1 15
+3 15
+1 15
+1 15
+6 15
+1 15
+1 15
+1 15
+1 15
+1 15
+7 10
+1 10
+1 10
+32 21
+1 21
+1 21
+1 21
+1 21
+2 21
+1 21
+1 21
+1 21
+1 21
+1 21
+1 21
+1 18
+4 18
+1 18
+1 18
+6 18
+1 18
+1 36
+4 18
+1 18
-1 14
+1 14
+3 32
+1 32
+1 32
+3 32
+1 32
+1 32
+6 32
+1 32
+1 32
+1 32
+1 32
+1 32
+7 20
+1 20
+2 20
+1 20
+2 20
+1 20
+1 20
+3 20
+1 20
+1 20
+6 20
+1 20
+1 20
+1 20
+1 20
+1 20
+7 14
+1 14
+1 14
+32 75
+1 75
+1 75
+1 75
+1 75
+2 75
+1 75
+1 75
+1 75
+1 75
+1 75
+1 75
+2 32
+4 32
+1 32
+1 32
+6 32
+1 32
+2 64
+4 32
+1 32
-1 11
+1 11
+3 43
+1 43
+1 43
+3 43
+1 43
+1 43
+6 43
+1 43
+1 43
+1 43
+1 43
+1 43
+7 16
+1 16
+2 16
+1 16
+2 16
+1 16
+1 16
+3 16
+1 16
+1 16
+6 16
+1 16
+1 16
+1 16
+1 16
+1 16
+7 11
+1 11
+1 11
+27 1
+1 1
+1 1
+1 2
+4 1
+2 1
+1 1
+1 1
+1 1
-5 379
+2 379
+1 379
+1 379
+1 379
-3 131
+1 131
+1 131
+1 131
+1 456
+5 228
+6 228
+1 228
+8 228
+1 228
-16 2771
+6 2771
+1 2771
+8 2771
+1 2771

fl=(41) ./elf/./elf/dl-hwcaps_split.c
fn=(122) _dl_hwcaps_split
25 4
+1 3
+21 1
-20 1
+20 3

fn=(120) _dl_hwcaps_contains
66 6
+1 12
+1 6
+9 6

fn=(116) _dl_hwcaps_split_masked
51 55
-25 42
+4 24
+4 48
+1 12
-1 24
+2 24
+5 27
cfi=(42) ./string/../sysdeps/x86_64/multiarch/../strchr.S
cfn=(118) index
calls=9 -18 
* 216
+1 18
+3 6
+11 12
+1 12
+1 6
-1 6
+1 6
-2 6
+1 6
+1 3
-1 3
+1 27
cfn=(120)
calls=6 +8 
* 30
* 12
-3 5
+7 44
-19 6
cfi=(22)
cfn=(60)
calls=3 -2 
* 51
* 3

fl=(79)
fn=(282) do_lookup_x
363 19376
+1 2422
-1 12110
+48 2422
-30 4844
-11 2422
+41 2422
-30 7266
+30 2422
fi=(80) ./elf/../sysdeps/generic/dl-protected.h
44 7266
fe=(79)
381 2422
fi=(80)
44 9688
fe=(79)
395 22806
+4 7602
+4 7602
-3 7602
+3 30408
+1 22806
+3 7602
+1 15204
+7 7602
-3 15204
-2 7602
+5 30408
+3 53214
570 15597
374 15212
+3 15212
+4 15240
+4 15204
+4 15204
+88 4814
fi=(4) ./elf/../sysdeps/generic/ldsodefs.h
137 4814
+1 7221
fe=(79)
528 4814
fi=(80)
29 4814
fe=(79)
535 12516
+16 4570
+1 2285
+1 4814
422 10752
-1 5376
+2 5376
+2 32232
+13 13773
-10 34985
+3 2416
-1 4832
+1 2416
-1 2416
+2 4832
-1 28992
cfn=(284) check_match
calls=2416 70 
* 217010
+4 7248
+3 20
573 15
+1 19376
-35 4872
222 366
+2 610
-2 122
+2 366
+2 122
-2 366
cfi=(24)
cfn=(84)
calls=122 42 
* 366
+2 122
+1 122
+1 244
-2 122
+2 122
+2 242
+1 121
-1 605
+1 121
-1 121
+1 242
-1 605
+1 242
-1 1111
+24 426
+3 132
+1 396
-24 253
+1 253
-1 506
+1 80
cfi=(32)
cfn=(90)
calls=40 108 
* 2781
* 80
+2 200
+10 40
+1 80
+2 160
cfi=(24)
cfn=(84)
calls=40 42 
* 120
+1 40
469 561
+2 2
262 1134
+62 492
-1 574
+19 410
+5 164
cfi=(24)
cfn=(84)
calls=82 42 
* 246
+2 328
176 518
-2 84
+1 252
-3 332
+7 82
+3 82
-2 82
331 328
-72 132
+46 3
fi=(28)
44 3
cfi=(27)
cfn=(72)
calls=1 +34 
* 36
* 1
fe=(79)
315 2
+3 1
-5 1
170 1
313 1
+7 1
-1 1
+1 1
170 6
+1 1
-1 6
+1 1974
+98 6
cfi=(54) ./elf/./elf/dl-misc.c
cfn=(482) _dl_higher_prime_number
calls=2 87 
* 159
fi=(28)
44 2
fe=(79)
269 2
fi=(28)
44 4
cfi=(27)
cfn=(72)
calls=2 +34 
* 72
* 2
fe=(79)
272 4
171 4
279 2
171 8
279 284
+1 276
+1 140
170 70
281 140
170 70
281 70
170 70
+1 70
-1 70
+1 210
+1 440
+2 14
+1 42
-3 168
+7 70
+3 70
-2 70
+3 70
-7 10
285 6
-16 2
+16 10
cfi=(27)
cfn=(144) __minimal_free
calls=2 95 
* 10
+4 2
170 2
286 2
+2 2
+1 4
170 4
+1 4
-1 2
+1 8
452 19248

fn=(280)
840 24220
+10 2422
-10 4844
+10 2422
-10 2422
+10 2422
204 2422
840 2422
204 12110
581 9688
-1 4844
+2 2422
-1 2422
+1 7266
-1 7266
+1 102465
-1 102465
+1 307395
-1 307395
+2 2422
846 2422
-4 2422
+1 2422
+7 2422
-8 2422
+1 2422
+7 9634
+3 2422
+2 4844
-2 2422
+6 4844
-7 14532
+7 75
+1 33908
cfn=(282)
calls=2422 363 
* 891858
* 7266
+28 2422
-23 2422
+23 2422
-23 4844
+24 14426
+7 2407
-7 2407
+40 9628
+79 4814
-65 7221
+3 7221
-62 2422
+69 21798
-86 90
+18 45
+59 2

fn=(284)
70 2416
+3 2416
-3 28992
+3 9652
+13 2410
-13 2410
+13 2410
-13 2410
+13 7230
+3 5784
cfi=(32)
cfn=(90)
calls=241 +19 
* 20272
* 482
+4 2410
+1 4820
+2 4814
+19 4814
+1 19256
+2 8
+1 2
-41 2406
+84 14436
-18 6
+2 6
+1 3
-1 6
+1 9
-1 6
+4 2
+1 7
+2 3
+2 1
+7 6
-7 3
+7 54
-45 7209
cfi=(32)
cfn=(90)
calls=2403 -9 
* 64997
* 4806
-44 24
+82 12

fl=(55) ./io/../sysdeps/unix/sysv/linux/open64_nocancel.c
fn=(178) __open_nocancel
28 19
+3 19
-3 57
+3 114
+8 133
+2 6
-2 39
+2 13

fl=(65) ./io/../sysdeps/unix/sysv/linux/access.c
fn=(208) access
25 1
+2 7
+4 1

fl=(152)
fn=(504)
74 30
+2 3
-2 3
+4 3
-4 3
+2 3
+2 9
+37 3
-37 9
+1 6
+2 12
+3 25
-52 3
+54 6
-54 3
+54 3
-54 9
+1 9
+2 6
+1 6
+12 12
+3 3
+2 3
-2 3
+2 9
cfi=(32)
cfn=(90)
calls=3 +55 
* 207
* 6
+4 6
+1 3
-1 3
+1 18
+1 9
cfi=(32)
cfn=(90)
calls=3 +49 
* 75
* 6
+57 27
-23 6

fl=(153) ./elf/./elf/dl-call-libc-early-init.c
fn=(508) _dl_call_libc_early_init
27 1
+2 2
-2 1
+6 3
-6 1
+6 3
-6 1
+6 1
cfi=(152)
cfn=(504)
calls=1 +41 
* 177
+4 2
+2 4
+2 1
-1 1
+1 2
-1 1
cob=(3)
cfi=(154)
cfn=(510)
calls=1 -7 
* 1240

fl=(42)
fn=(118)
23 27
+1 27
+1 27
+1 27
+1 27
+1 27
+1 27
+1 27
+1 27
+1 27
+1 27
+1 27
+1 27
+1 27
+1 27
+1 27
+1 27
+1 27
+1 23
+4 23
+1 23
+1 23
+1 23
+2 23
+4 4
+1 4
+1 4
+1 4
+1 4
+1 4
+1 4
+1 4
+1 4
+1 4
+1 4
+1 4
+1 4
+1 4
+1 4
+1 4
+1 4
+1 4
+1 4
+1 4
+1 4
+1 4
+1 4
+1 4
+52 4
+4 4
+1 4
+1 4
+1 4
+2 4

fl=(159) ./elf/../sysdeps/x86_64/dl-trampoline.h
fn=(526) _dl_runtime_resolve_xsave
67 158
+5 158
+3 158
+2 158
+10 158
+6 158
+1 158
+1 158
+1 158
+1 158
+1 158
+1 158
+4 158
+1 158
+3 158
+1 158
+2 158
+1 158
+1 158
+1 158
+1 158
+1 158
+2 158
+7 158
+1 158
+1 158
cfi=(160)
cfn=(528)
calls=158 -80 
* 144171
+1 158
+5 158
+1 158
+1 158
+2 158
+1 158
+1 158
+1 158
+1 158
+1 158
+1 158
+2 158
+2 158
+4 158
+2 158

fl=(2)
fn=(156) handle_preload_list
894 10
+5 1
-5 2
+5 2
+6 1
-64 1
+54 3
+7 3
cfi=(50)
cfn=(158)
calls=1 25 
* 233
* 1
+1 3
+9 1
191 1
914 2
191 2
916 2
-80 1
+5 5
-10 1
+8 1
-4 1
+1 1
+1 1
+4 1
cob=(2)
cfi=(51)
cfn=(160) 0x0000000004002080
calls=1 0 
* 2784
+1 3
+8 3
+67 1
-18 2
+21 9
-15 4
cfi=(29)
cfn=(80)
calls=1 212 
* 19
+1 2

fn=(170) map_doit
663 2
+2 1
-2 1
+2 1
+1 2
-1 2
+1 3
cfi=(31)
cfn=(172)
calls=1 2022 
* 2683
* 1
+2 2

fn=(258) init_tls
756 3
+2 1
+4 1
-4 1
+4 2
+11 1
fi=(28)
44 1
fe=(2)
768 1
+4 1
fi=(28)
44 1
cfi=(27)
cfn=(72)
calls=1 +34 
* 36
fe=(2)
783 1
-12 1
+6 1
-9 1
+11 1
+4 1
+2 3
-1 2
+3 14
+4 2
+2 2
-2 4
-5 2
-1 4
+10 3
+3 2
cfi=(47)
cfn=(260)
calls=1 97 
* 79
+3 1
cfi=(47)
cfn=(262)
calls=1 221 
* 108
+7 1
cfi=(47)
cfn=(264)
calls=1 422 
* 443
* 1
+1 2
+6 1
+3 2
-3 1
+3 6
+3 1
cfi=(24)
cfn=(266)
calls=1 68 
* 75
+1 1
+3 5
-39 5
-1 11

fn=(64) dl_main
1320 2
205 1
311 1
1320 2
2818 1
1320 3
2829 1
1320 2
2698 1
1320 2
311 1
1320 3
207 1
310 1
205 1
+99 3
1332 1
cfi=(24)
cfn=(66)
calls=1 53 
* 17
2677 3
+6 5
-4 1
+4 1
+2 3
cfi=(25)
cfn=(68)
calls=1 28 
* 79
* 4
cfi=(25)
cfn=(68)
calls=2 28 
* 478
* 9
+4 6
-2 2
+2 6
+1 2
-1 6
+1 17
-1 89
+9 12
2845 4
+32 2
1348 1
+1 2
-1 2
+1 2
2774 3
+1 3
-56 2
+7 2
1627 9
cfi=(26) ./elf/./elf/dl-object.c
cfn=(70) _dl_new_object
calls=1 59 
* 230
* 1
+2 2
+1 1
+6 2
-6 1
+1 2
+1 3
+4 1
cfi=(26)
cfn=(82) _dl_add_to_namespace_list
calls=1 31 
* 36
+1 2
1140 1
1326 1
1169 1
-29 1
+11 1
+18 2
-21 1
+21 1
-19 1
-4 1
+23 1
-21 1
+21 2
+57 1
-83 1
+23 1
+4 1
+19 1
+22 1
+15 5
-56 116
1275 4
+2 1
1169 18
fi=(30) ./elf/../sysdeps/x86/dl-prop.h
105 2
fe=(2)
1282 22
+6 4
cfi=(31)
cfn=(88) _dl_process_pt_gnu_property
calls=1 868 
* 20
-7 26
+1 13
+6 13
-6 26
fi=(30)
212 4
+1 2
95 8
+10 2
212 1
105 1
-2 1
-3 1
+2 1
+3 1
-4 2
+92 4
-1 1
-87 3
+3 3
+1 2
+1 2
+4 3
+4 3
+3 3
+1 2
+4 1
+1 4
+58 3
+2 4
-56 4
+1 2
+3 4
+3 2
+1 8
+5 4
+2 4
+5 4
+14 2
-1 4
+2 2
fe=(2)
1174 1
-5 1
+5 2
-5 2
+30 1
-9 1
+27 1
-27 1
+2 1
-3 1
+10 2
-20 2
-10 1
+10 1
+1 9
-11 2
+57 4
-1 4
+1 8
-1 4
+2 8
+1 1
+2 12
+1 14
+1 2
+3 2
+1 2
-1 6
+1 6
+1 4
+1 10
+1 1
+4 1
-74 1
+74 2
-74 2
+74 3
-74 3
+74 6
-74 6
fi=(30)
165 2
fe=(2)
1271 1
1169 1
1271 1
1169 2
1294 1
+3 2
+2 1
-5 2
+3 2
+2 2
+2 2
1662 3
+2 1
-1 1
+1 2
+1 2
-2 1
+2 1
-2 2
cfi=(32)
cfn=(90)
calls=1 108 
* 34
* 2
+7 1
+3 1
-5 1
+3 1
+2 1
+1 2
+4 2
+2 2
fi=(3) ./elf/./get-dynamic-info.h
39 3
+6 1
-2 1
+2 2
+9 1
+5 1
+3 1
+2 1
-3 1
-3 1
-3 17
+13 5
-23 20
+23 23
-23 92
+4 56
+5 24
+2 5
+16 3
+25 3
+5 2
+7 2
+1 3
+22 3
+5 2
+2 2
+2 2
+2 2
+1 1
+3 3
+2 3
+1 2
+9 2
+6 2
+1 2
+3 2
fe=(2)
1688 3
+7 2
cfi=(8) ./elf/./elf/dl-setup_hash.c
cfn=(14) _dl_setup_hash
calls=1 25 
* 29
+3 2
fi=(33) ./elf/./setup-vdso.h
24 2
fi=(35) ./elf/../sysdeps/unix/sysv/linux/dl-vdso-setup.h
+21 1
fe=(2)
1723 1
cfi=(13)
cfn=(100)
calls=1 46 
* 80
* 8
fi=(37) ./elf/./dl-main.h
109 5
cfi=(31)
cfn=(106) _dl_init_paths
calls=1 706 
* 2926
fe=(2)
1731 3
cfi=(46)
cfn=(146)
calls=1 56 
* 30
+7 1
-7 1
+2 1
+5 1
+4 1
+3 1
-3 3
+1 2
+3 1
+5 1
-7 1
+7 1
+1 3
+12 2
+1 2
+5 1
-3 2
+2 1
+1 2
+5 3
+1 5
-1 2
233 1
-1 1
+1 3
+1 2
-2 1
+2 2
1793 2
+5 1
-1 1
+1 1
+24 1
cfi=(47)
cfn=(148)
calls=1 197 
* 6
* 1
fi=(48) ./elf/../sysdeps/generic/dl-debug.h
29 3
+1 2
fe=(2)
1828 2
+1 1
cfi=(46)
cfn=(152)
calls=1 116 
* 2
+1 1
+4 3
cfi=(49)
cfn=(154) _dl_audit_activity_map
calls=1 28 
* 16
+5 3
+2 1
+2 2
+9 2
+16 4
cfi=(65)
cfn=(208)
calls=1 25 
* 9
* 2
+76 4
+16 3
85 1
1970 1
85 2
1970 2
85 1
1970 5
cfi=(66)
cfn=(210)
calls=1 159 
* 30259
92 1
1976 1
92 2
+9 2
1976 2
+1 5
-1 4
+1 12
-1 24
+4 4
+1 3
+1 1
+2 2
+1 4
-1 21
+1 18
+12 3
+1 2
+2 1
+2 3
+2 1
-4 1
+5 1
-1 2
+14 2
+1 2
+1 3
+11 2
+2 1
-2 1
+2 2
-2 1
+1 2
+1 1
-1 2
+1 1
cfi=(52) ./elf/./elf/dl-error-skeleton.c
cfn=(250) _dl_receive_error
calls=1 238 
* 22465
+10 2
+1 2
+3 2
862 1
fi=(327) ./elf/../sysdeps/unix/sysv/linux/dl-osinfo.h
64 2
fe=(2)
864 1
+6 1
+3 1
+7 1
-5 1
2052 3
2282 3
1778 2
+6 1
-6 2
+6 1
+2 3
fi=(30)
198 4
+2 1
+1 1
+2 1
-3 3
+3 1
fi=(3)
59 4
+3 4
+2 4
fi=(34) ./elf/../sysdeps/unix/sysv/linux/dl-vdso.h
-24 1
+1 2
fe=(2)
2331 1
1325 1
2342 1
-4 2
+10 1
-6 1
+6 1
+3 2
+8 1
fi=(30)
36 1
fe=(2)
2359 1
fi=(30)
37 3
+3 1
+13 9
-13 6
+9 12
-9 1
+9 35
+4 30
-16 21
+34 3
cfi=(77)
cfn=(270)
calls=1 252 
* 30
fe=(2)
2361 2
+54 3
+3 1
85 4
2422 1
+1 25
+2 14
+5 14
+2 14
+6 7
+2 21
+1 48
cfi=(78) ./elf/./elf/dl-reloc.c
cfn=(272) _dl_relocate_object
calls=6 194 
* 2250182
+4 18
+1 4
-23 2
+23 2
cfi=(47)
cfn=(412)
calls=2 1015 
* 56
-23 8
92 3
+1 1
2454 1
93 1
2454 1
+5 4
+2 1
+7 3
cfi=(47)
cfn=(484)
calls=1 528 
* 221
+3 2
fi=(3)
72 2
+10 3
+1 4
+1 4
+1 4
+2 4
+5 4
+1 4
+1 5
fi=(35)
-64 3
+3 1
+3 1
+3 1
fi=(34)
+16 2
fe=(2)
2434 1
+1 1
-3 2
+49 3
+2 4
+10 1
cfi=(147)
cfn=(486)
calls=1 561 
* 1679
+5 2
cfi=(7)
cfn=(494)
calls=1 76 
* 2907
+3 1
cfi=(151)
cfn=(502)
calls=1 30 
* 415
85 1
2507 1
+1 3
85 3
2508 2
cfi=(78)
cfn=(272)
calls=1 194 
* 5568
92 3
+9 2
2516 3
cfi=(153)
cfn=(508)
calls=1 27 
* 1441
+7 1
cfi=(9) ./elf/../elf/dl-sysdep.c
cfn=(534) _dl_sysdep_start_cleanup
calls=1 262 
* 2
+4 3
cfi=(49)
cfn=(536)
calls=1 40 
* 21
+5 2
cfi=(46)
cfn=(186)
calls=1 38 
* 7
+1 1
-1 1
+2 1
cfi=(46)
cfn=(152)
calls=1 116 
* 2
+1 1
+4 1
cfi=(68) ./elf/./elf/dl-cache.c
cfn=(538) _dl_unload_cache
calls=1 537 
* 18
+5 8
1741 4
1995 2
+50 2
cfn=(258)
calls=1 756 
* 836
* 2
2726 4
+2 2
+1 1
+46 2
+2 1
+1 1
-1 1
+1 1
+1 1
85 1
1847 1
85 2
1847 1
85 1
1847 2
cfn=(156)
calls=1 894 
* 3107
* 1
92 3
+9 3
1948 16
+1 1
-1 1
+4 3
+1 1
+1 2
+1 2
-7 2
fi=(30)
170 3
-39 2
fe=(2)

fn=(2)
527 10
85 1
fi=(6)
-40 1
fe=(2)
557 1
-4 1
85 2
556 1
85 1
fi=(3)
-40 1
fe=(2)
556 1
fi=(3)
45 2
+9 1
+5 1
+3 1
+2 1
+4 1
-7 1
-3 1
-3 14
+13 4
-23 16
+23 14
-23 56
+4 36
+5 20
+2 5
+3 4
fi=(4)
+21 1
fi=(3)
-8 3
+10 4
+1 4
+1 4
+1 4
+2 4
+5 4
+1 4
+1 4
+3 3
+5 2
+7 3
+1 3
+8 2
+1 2
+5 3
+3 3
fe=(2)
573 1
fi=(6)
71 1
fe=(2)
573 42
fi=(6)
414 1
fi=(5) ./elf/./elf/do-rel.h
86 1
fe=(2)
573 2
fi=(5)
49 1
+37 1
-37 1
+37 1
+2 1
-2 1
+2 1
-2 1
+27 2
-27 1
fe=(2)
573 2
fi=(5)
49 1
+37 1
-37 1
+37 1
+2 1
-2 1
+2 1
-2 1
+27 3
+1 2
fi=(6)
534 2
fi=(5)
114 282
fi=(6)
534 282
+1 142
fi=(5)
113 142
fi=(6)
535 284
fi=(5)
113 284
+5 4
+8 7
fi=(6)
326 12
fi=(5)
126 21
+2 7
+2 7
-2 7
fi=(6)
287 7
fi=(5)
130 7
-2 7
+1 14
fi=(6)
287 14
+9 70
+3 14
+27 33
fe=(2)
573 6
fi=(5)
50 1
fi=(4)
+30 2
fi=(6)
326 2
+20 12
+1 6
fe=(2)
575 1
+13 1
cfi=(7)
cfn=(12)
calls=1 42 
* 10
+4 2
85 1
488 2
85 3
488 1
cfi=(8)
cfn=(14)
calls=1 25 
* 29
+2 2
-1 1
+1 2
+17 1
-15 1
-2 1
+17 1
-15 1
+9 1
-11 1
+17 1
cfi=(9)
cfn=(16) _dl_sysdep_start
calls=1 85 
* 2377480
* 1
+2 2
+98 9
fi=(3)
62 4
+2 4
fe=(2)
573 3

fn=(252) version_check_doit
696 3
+2 4
cfi=(75) ./elf/./elf/dl-version.c
cfn=(254) _dl_check_all_versions
calls=1 361 
* 22437
* 2
+4 2

fl=(31)
fn=(138) expand_dynamic_string_token
385 14
241 2
385 2
241 2
385 2
241 2
cfi=(42)
cfn=(118)
calls=2 23 
* 72
+3 4
410 2
-11 2
+11 12
-11 2
cfi=(45)
cfn=(140)
calls=2 40 
* 168

fn=(134) fillin_rpath.isra.0
468 7
+4 1
-4 8
+6 3
cfi=(7)
cfn=(136)
calls=1 239 
* 240
* 3
cfi=(7)
cfn=(136)
calls=1 239 
* 8
* 6
+7 2
+2 3
cfn=(138)
calls=1 -98 
* 118
* 1
+4 2
+5 2
cfi=(22)
cfn=(60)
calls=1 41 
* 17
* 1
+1 2
+7 5
+9 15
+1 8
+55 2
fi=(28)
50 2
cfi=(27)
cfn=(144)
calls=1 +45 
* 5
+1 1
fe=(31)
528 2
+4 3
fi=(28)
56 1
cfi=(27)
cfn=(76)
calls=1 -21 
* 25
* 1
fe=(31)
534 2
+5 1
+1 2
-1 1
-1 1
+2 1
cfi=(29)
cfn=(128)
calls=1 199 
* 13
+3 1
-3 1
+1 1
+2 1
+6 1
+1 1
-1 3
+1 11
+1 1
-1 1
+1 2
-1 2
+1 1
-1 1
+1 2
-1 6
+1 1
-1 1
+1 1
-1 3
+1 1
-1 2
+3 1
+1 1
-1 1
+1 2
+1 1
+6 2
+1 2
-57 4
+66 1
+3 8
-46 4

fn=(216) open_path
1870 32
+1 4
-1 24
+1 4
+6 8
+5 64
-7 8
+7 4
-8 4
+8 8
+3 8
+9 24
+7 12
+1 4
-1 4
cfi=(29)
cfn=(128)
calls=4 199 
* 52
-12 4
+12 4
+59 20
-58 16
+3 80
+5 104
cfi=(29)
cfn=(128)
calls=13 199 
* 173
* 52
cfi=(29)
cfn=(128)
calls=13 199 
* 169
+3 26
+6 39
+3 78
cfn=(218) open_verify.constprop.0
calls=13 1568 
* 702
* 13
+2 39
+2 20
+65 32
+7 8
-2 8
+2 8
+3 12
-13 4
+27 36
-65 12
+2 6
-50 205
+29 20
+1 70
+6 20
+2 10
-2 10
+2 20
cfi=(67) ./io/../sysdeps/unix/sysv/linux/stat64.c
cfn=(220) stat
calls=10 28 
* 158
* 10
+3 10
-3 20
+1 1
+2 2
-2 1
+2 26
-61 8

fn=(218)
1568 187
+39 51
+19 68
cfi=(55)
cfn=(178)
calls=17 28 
* 362
* 17
+2 34
+11 4
+6 8
-5 4
+5 32
cfi=(56) ./io/../sysdeps/unix/sysv/linux/read_nocancel.c
cfn=(180) __read_nocancel
calls=4 25 
* 24
+2 8
+2 8
+2 8
+6 8
+17 44
fi=(28)
50 8
cfi=(27)
cfn=(144)
calls=4 +45 
* 20
fe=(31)
1856 153
1674 12
+74 8
+5 8
+2 16
+6 8
+6 4
+1 4
-1 12
+1 4
-1 4
+1 8
+1 6
+20 12
+31 4
-31 4
1633 4
1820 8
-31 222
+1 102
+1 32
+4 32
+6 4
+1 28
+10 12
cfi=(72)
cfn=(238)
calls=2 25 
* 14
* 16
+8 60
+15 4
+6 2
-3 2
+1 2
+1 2
+1 4
-3 2
+1 2
+1 2
+2 2
-3 6
-1 2
+4 4
-19 72
+3 8
-4 8
+4 16
+5 2
+1 16
-60 13
+1 3
-1 1
+1 3
cfi=(72)
cfn=(238)
calls=1 25 
* 7
* 3
+16 5
+7 18
1612 26
+62 9
1802 4
-30 2

fn=(88)
868 6
+8 6
-8 6
+8 6
-6 6
+12 12
-13 6
+13 6
-13 6
+13 12
+3 18
+1 12
+1 12
+43 6

fn=(176) open_verify.constprop.1
1568 11
+39 3
+19 4
cfi=(55)
cfn=(178)
calls=1 28 
* 19
* 1
+2 2
+11 1
+6 2
-5 1
+5 8
cfi=(56)
cfn=(180)
calls=1 25 
* 6
+2 2
+2 2
+2 2
+6 2
+17 11
fi=(28)
50 2
cfi=(27)
cfn=(144)
calls=1 +45 
* 5
fe=(31)
1856 9
1674 3
+74 2
+5 2
+2 4
+6 2
+6 1
+1 1
-1 3
+1 1
-1 1
+1 2
+1 2
+20 3
+31 1
-31 1
1633 1
1820 2
-31 66
+1 28
+1 8
+4 8
+25 12
+3 18
+3 2
-4 2
+4 4
+6 4
-36 6

fn=(184) _dl_map_object_from_fd
944 50
+10 5
-10 20
+10 5
cfi=(46)
cfn=(186)
calls=5 38 
* 35
* 5
+7 20
+85 20
+10 10
+7 35
cfi=(26)
cfn=(70)
calls=5 59 
* 1758
* 5
+1 10
+11 10
+5 5
-5 5
+1 10
+1 5
+2 5
-2 5
+2 10
+1 15
+1 8
+19 8
-2 4
+2 42
-2 1
+2 60
+10 20
+85 5
-58 5
-34 5
-1 5
+93 5
+6 5
-64 10
+9 5
+55 10
-55 5
-42 5
+97 10
1101 5
-5 10
+15 138
+20 2
+1 1
-22 162
+1 304
1213 10
1110 5
1213 10
1110 15
1218 15
+10 10
+1 5
-1 5
+1 5
-1 15
+1 15
-1 15
+1 15
-1 45
1076 10
1235 10
+10 20
+7 10
fi=(61) ./elf/./dl-map-segments.h
96 5
fe=(31)
1252 15
fi=(61)
28 5
fe=(31)
1252 5
fi=(61)
96 5
fe=(31)
1252 5
fi=(61)
28 10
+1 40
cfi=(60)
cfn=(194)
calls=5 +18 
* 45
+74 10
-1 5
-73 5
+74 5
+3 10
+1 5
+2 5
-3 5
+1 5
+2 5
+7 16
+3 8
cfi=(71) ./misc/../sysdeps/unix/syscall-template.S
cfn=(234) mprotect
calls=2 -2 
* 12
* 6
+7 5
+2 5
fi=(62) ./elf/./dl-load.h
-37 40
+1 15
+2 40
fi=(61)
+56 80
+8 5
-2 5
+1 5
+2 5
-1 5
+1 5
-1 15
+8 10
+3 10
+8 35
cfi=(44)
cfn=(132)
calls=5 -52 
* 706
+1 10
+5 10
+12 20
-59 100
+2 30
+3 15
-3 30
+2 120
cfi=(60)
cfn=(194)
calls=15 -93 
* 135
* 45
fi=(57) ./elf/../sysdeps/posix/dl-fileid.h
37 15
cfi=(58) ./io/../sysdeps/unix/sysv/linux/fstat64.c
cfn=(190) fstat
calls=5 -8 
* 75
* 10
fe=(31)
999 10
fi=(57)
40 15
fe=(31)
999 5
fi=(57)
40 5
fe=(31)
999 80
+1 40
fi=(57)
49 60
fe=(31)
1515 45
1018 10
+66 13
+1 2
-1 1
+1 1
-1 1
+1 1
cfi=(72)
cfn=(238)
calls=1 25 
* 7
* 2
+26 62
+26 120
+10 20
-1 20
-1 20
+2 20
+2 20
-2 20
-1 120
+2 40
+1 20
+2 20
-3 20
+3 120
+2 40
+4 40
+1 75
+4 15
+1 15
-1 15
+1 105
-18 15
+28 15
-11 5
+1 5
-1 5
+1 35
-18 5
+28 5
-56 10
+7 5
+2 5
-2 5
+1 5
+1 5
-1 10
+1 40
+50 6
+5 2
-1 4
+5 2
-5 4
-56 2
+61 8
+1 2
+3 2
-3 2
+8 8
+15 10
+1 5
+58 20
+1 15
fi=(63) ./elf/./elf/get-dynamic-info.h
39 10
+6 5
-2 5
+2 10
+9 5
+5 5
+3 5
+2 5
-3 5
-3 5
-3 88
+13 26
-23 104
+23 95
-23 380
+4 242
+5 124
+2 25
+3 20
+13 20
+10 17
+1 20
+1 20
+1 20
+2 20
+5 19
+1 19
+1 20
+3 15
+5 8
+7 10
+1 15
+22 15
+5 4
+2 4
+2 4
+2 4
+4 15
+2 3
+1 2
+9 2
+6 2
+4 10
fe=(31)
1275 10
+1 10
+2 10
+10 15
+19 15
+2 25
+52 15
+1 4
+6 40
+1 98
+6 20
cfn=(88)
calls=5 868 
* 100
-7 128
+1 59
+6 59
-6 118
fi=(30)
95 40
213 5
-1 10
105 10
212 5
105 5
-2 5
-3 5
+2 5
+3 5
-4 10
+92 20
-1 5
-87 15
+3 15
+1 10
+1 10
+4 15
+4 15
+3 15
+1 10
+4 5
+1 20
+58 15
+2 20
-56 14
+1 7
+3 14
+3 7
+1 28
+5 14
+2 14
+5 14
+14 7
-1 14
+2 4
-1 10
fe=(31)
1380 10
cfi=(64)
cfn=(204)
calls=5 25 
* 30
* 10
+13 10
+2 20
+2 10
+16 10
cfi=(8)
cfn=(14)
calls=5 25 
* 145
+4 10
+1 10
+17 10
+1 1
+3 1
+5 1
-5 1
+5 1
-5 4
+5 4
-5 4
+5 4
+10 10
+7 30
+10 10
+1 8
+5 4
cfi=(47)
cfn=(236)
calls=2 131 
* 20
+7 15
cfi=(26)
cfn=(82)
calls=5 31 
* 265
+3 20
+23 35
+1 15
cfi=(49)
cfn=(206) _dl_audit_objopen
calls=5 76 
* 25
* 5
fi=(62)
95 20
+2 4
-1 8
+1 4
-1 4
+1 4
-1 4
+1 4
-1 8
+3 16
fe=(31)
1506 25
fi=(30)
198 20
+2 5
+1 5
+2 5
-3 15
fe=(31)
1368 15
fi=(63)
62 20
+2 20
fe=(31)
1084 2
fi=(61)
187 16
cfi=(60)
cfn=(194)
calls=2 47 
* 18
+3 4
fe=(31)
1462 12
+2 3
-1 15
+1 3
-1 3
+1 3
-1 3
cfi=(32)
cfn=(90)
calls=3 108 
* 75
* 6
+2 5
1275 8
fi=(57)
49 9
fi=(30)
170 6
-39 4
fe=(31)

fn=(172)
2022 120
+8 24
+1 48
+3 222
+5 343
+2 147
cfi=(54)
cfn=(174) _dl_name_match_p
calls=49 68 
* 4993
* 98
+4 84
+1 126
+4 22
-1 110
+1 22
+1 22
-1 22
+1 22
cfi=(32)
cfn=(90)
calls=22 108 
* 737
* 44
2329 108
2068 5
+1 5
-1 5
+1 5
-1 5
+1 5
-1 10
-44 5
+53 15
+17 10
-2 5
+2 5
cfi=(42)
cfn=(118)
calls=5 23 
* 120
* 10
2260 2
-1 3
cfn=(138)
calls=1 385 
* 168
+2 1
-3 1
+1 1
+2 2
+4 5
cfn=(176)
calls=1 1568 
* 283
+3 2
-3 1
+3 1
+12 4
+46 1
+1 3
-1 1
+1 9
cfn=(184)
calls=1 944 
* 1819
-1 4
+1 12
-1 4
+1 36
cfn=(184)
calls=4 944 
* 8438
* 15
2098 8
cfi=(22)
cfn=(60)
calls=4 41 
* 68
* 8
+2 8
+7 16
+51 44
cfn=(216)
calls=4 1870 
* 2520
+6 4
-6 4
+6 16
682 4
2165 4
682 8
+3 2
2252 8
+28 16
+2 16
2111 4
696 12
2111 4
+1 4
696 8
2116 15
682 5
2117 5
682 10
+3 2
+3 3
2173 4
+14 8
+2 12
+4 8
cfi=(68)
cfn=(222) _dl_load_cache_lookup
calls=4 416 
* 5785
* 4
+2 8
+4 8
+8 12
+23 24
cfn=(218)
calls=4 1568 
* 1246
+4 8
-4 4
+4 4
+1 8
691 1
+1 1
2131 20
+1 40
682 4
2133 4
682 8
2157 12
+1 8
688 3
+3 1
+1 1
2142 8

fn=(212)
238 22
+3 11
-3 22
+7 11
-7 22
+3 11
cfi=(42)
cfn=(118)
calls=11 23 
* 336
+3 22
+20 77

fn=(106)
706 11
+14 1
-14 2
+14 2
cfi=(38) ./elf/./elf/dl-hwcaps.c
cfn=(108) _dl_important_hwcaps
calls=1 175 
* 1847
fi=(28)
56 1
fe=(31)
720 1
fi=(28)
56 1
cfi=(27)
cfn=(76)
calls=1 -21 
* 25
fe=(31)
725 1
+2 2
+7 2
+1 2
-1 3
+5 3
fi=(28)
56 1
cfi=(27)
cfn=(76)
calls=1 -21 
* 25
fe=(31)
739 1
+2 4
+17 1
-10 1
+19 1
-11 1
-9 1
+9 1
+12 2
-10 1
+3 2
+9 1
-7 1
+4 1
+3 2
-3 1
-8 1
+3 1
+8 1
-3 1
+1 16
cfi=(44)
cfn=(132)
calls=4 125 
* 72
+2 18
-14 3
+10 3
+4 3
-12 3
-2 3
+2 3
+4 3
-3 3
+3 3
+1 3
-2 3
+5 6
+1 3
-4 3
+4 3
+15 1
+3 1
-15 1
+7 1
-1 1
+9 2
+2 4
+2 3
+36 5
+2 2
cfi=(22)
cfn=(60)
calls=1 41 
* 17
* 9
-19 1
-2 1
+2 2
+19 9
cfi=(29)
cfn=(80)
calls=1 212 
* 11
* 1
+5 4
-1 2
+2 1
+1 2
-2 4
+1 13
+1 26
-2 52
+5 1
fi=(28)
56 1
cfi=(27)
cfn=(76)
calls=1 -21 
* 25
fe=(31)
836 1
fi=(28)
56 1
fe=(31)
838 2
+6 6
cfn=(134)
calls=1 468 
* 587
+3 3
+6 1
+4 8
-35 2
+5 2

fl=(52)
fn=(162) _dl_catch_error
225 10
+2 2
cob=(2)
cfi=(51)
cfn=(164)
calls=1 0 
* 2759
+1 2
+1 1
+1 1
-1 1
+1 1
+2 5

fn=(166) _dl_catch_exception
175 36
+5 12
-5 36
+5 12
-2 24
+22 12
-1 12
+7 24
-6 12
+3 24
+3 12
cfi=(53)
cfn=(168)
calls=12 30 
* 288
* 48
+2 36
cfi=(66)
cfn=(214)
calls=11 61 
* 25935
cfi=(2)
cfn=(170)
calls=1 663 
* 2698
+2 12
-1 12
+1 12
-1 12
+1 24
+9 48

fn=(250)
238 6
+1 1
+1 1
+3 1
+1 1
+2 1
cfi=(2)
cfn=(252)
calls=1 696 
* 22448
+2 1
+1 1
+1 4

fl=(8)
fn=(14)
25 7
+3 7
-3 7
+3 14
+3 21
+1 14
+2 7
-1 7
+3 21
+1 7
+4 7
-3 7
+7 7
-4 7
-3 7
+2 14
+5 7
-5 7
-2 7
+7 7
-5 7
+10 7

fl=(16) ./elf/../sysdeps/x86/cpu-features.c
fn=(40) update_active.constprop.0
43 7
+45 1
-41 1
+28 1
-18 1
+31 1
+4 1
-36 1
-1 1
+37 1
-26 1
-11 1
+1 1
+36 2
+1 1
-17 1
-21 1
+25 1
-4 1
-11 1
+28 1
-1 1
-36 1
+18 1
+19 1
-13 1
-4 1
-11 1
+19 1
+11 1
-3 1
-12 1
+14 1
-29 1
+18 1
+9 1
-18 1
+13 1
-13 1
-9 1
+29 2
+3 1
-14 1
-9 1
+9 1
+4 1
+10 1
-17 1
+7 1
+5 1
+5 1
+1 1
-1 1
+1 2
+2 2
+1 4
+3 1
+1 1
-1 1
+1 1
-1 1
+1 1
-1 1
+1 1
+4 2
+4 2
+2 4
+83 3
+12 2
+1 1
+3 3
+4 1
-4 1
+4 1
+67 3
+4 3
fi=(18)
31 1
-3 1
+3 1
-1 2
fe=(16)
296 1
+1 8
-75 3
+1 2
+3 1
-1 1
+9 1
-5 1
+2 1
-2 1
+5 1
fi=(18)
32 3
+4 3
fe=(16)
+83 2
+2 1
+3 2
+10 1
+10 1
-10 1
+10 1
-10 1
+6 1
+4 1
-4 1
-6 1
+6 1
+2 1
-2 1
+2 3
+7 4
fi=(18)
39 3
+1 4
+5 1
-7 1
+7 3
+2 1
+1 2
+1 3
+2 4
+1 2
+1 2
+6 1
-4 1
+4 1
-3 2
fe=(16)
+75 1
-5 2
+4 1

fn=(34) init_cpu_features.constprop.0
399 1
+16 1
-16 6
+3 1
+1 1
+1 1
+11 2
+3 6
593 1
+94 5
+1 1
+3 2
+1 1
+6 1
+3 1
fi=(19)
+5 1
+2 1
fe=(16)
-9 1
fi=(19)
+23 2
840 1
+46 1
-46 17
+45 2
+25 2
+21 2
-21 2
+13 3
+8 1
-8 1
+8 1
cfi=(10)
cfn=(24)
calls=1 405 
* 21
* 1
+2 2
+3 4
cfi=(10)
cfn=(24)
calls=1 405 
* 21
* 1
+2 1
+3 2
-3 2
+3 1
-3 1
+3 1
cfi=(10)
cfn=(24)
calls=1 405 
* 21
* 1
+1 5
+16 2
-12 5
cfi=(10)
cfn=(24)
calls=1 405 
* 21
* 1
+1 3
+23 1
-17 5
+3 3
-3 1
cfi=(10)
cfn=(24)
calls=1 405 
* 21
+3 3
-3 2
+3 9
cfi=(10)
cfn=(54) __GI___tunable_set_val
calls=1 157 
* 58
+1 9
cfi=(10)
cfn=(54)
calls=1 157 
* 58
+1 10
cfi=(10)
cfn=(54)
calls=1 157 
* 58
+3 8
cfi=(10)
cfn=(54)
calls=1 157 
* 58
+2 8
cfi=(10)
cfn=(54)
calls=1 157 
* 58
+4 1
fe=(16)
706 1
fi=(19)
967 2
fe=(16)
706 2
fi=(19)
967 4
fe=(16)
706 1
cfi=(10)
cfn=(24)
calls=1 405 
* 19
+4 3
+14 1
-1 2
+1 3
+47 1
-1 1
+1 1
+46 4
cfi=(10)
cfn=(24)
calls=1 405 
* 19
+2 4
cfi=(10)
cfn=(24)
calls=1 405 
* 19
fi=(21) ./elf/../sysdeps/unix/sysv/linux/x86/cpu-features.c
27 6
fe=(16)
829 2
+45 8
fi=(19)
+19 11
fe=(16)
775 3
+27 2
-10 2
+1 2
+2 3
+1 2
+2 3
+1 2
fi=(19)
-75 3
cfn=(46)
calls=1 255 
* 437
+1 1
-1 2
+1 1
cfn=(46)
calls=1 255 
* 478
+1 1
-1 1
+1 1
cfn=(46)
calls=1 255 
* 503
+3 1
-3 2
+3 1
cfn=(46)
calls=1 255 
* 459
+2 1
-2 1
+2 1
cfn=(46)
calls=1 255 
* 451
+3 1
-2 1
-1 1
+3 1
cfn=(46)
calls=1 255 
* 428
+2 1
-2 1
+2 1
cfn=(46)
calls=1 255 
* 429
+3 1
-2 1
-1 1
+3 1
cfn=(46)
calls=1 255 
* 469
+2 1
-2 1
+2 1
cfn=(46)
calls=1 255 
* 470
+3 1
-3 1
+3 1
cfn=(46)
calls=1 255 
* 494
+2 1
-2 1
+2 1
cfn=(46)
calls=1 255 
* 495
+2 1
-2 1
+2 1
cfn=(46)
calls=1 255 
* 790
+2 3
-2 1
+2 1
cfn=(52)
calls=1 481 
* 215
863 15
fe=(16)
424 6
cfn=(36) get_common_indices.constprop.0
calls=1 -99 
* 71
303 3
+1 2
+1 6
+5 2
+1 6
+5 2
+1 6
429 1
cfn=(40)
calls=1 43 
* 194
+2 1
+2 1
+83 1
-85 2
564 2
+7 2
+2 1
+4 2
+6 2
422 2
-3 1
+14 3
+1 4
+69 1
+10 11
+42 1
+1 1
434 11
+55 3

fn=(36)
325 1
+4 4
+3 3
+5 2
-5 1
+5 1
-5 1
+4 1
+1 1
+1 4
+1 4
+1 3
+1 2
+7 2
+2 5
+5 1
-5 1
+5 1
-5 1
+5 1
-5 2
+5 1
+7 1
-7 4
+7 1
+1 3
+6 1
-6 4
+6 1
fi=(17) ./elf/../sysdeps/unix/sysv/linux/x86/dl-minsigstacksize.h
24 2
+3 2
+1 2
+37 3
+7 1
+2 1
fe=(16)
384 2

fl=(14) ./elf/../sysdeps/unix/sysv/linux/brk.c
fn=(28) brk
35 1
+1 3
+1 2
+6 1
+1 1

fl=(29)
fn=(128)
199 45
+1 45
+1 45
+1 45
+17 45
+1 45
+2 9
+1 9
+1 9
+2 6
+1 6
+1 6
+2 6
360 36
+1 36
+2 12
+4 12
+1 7
+1 7
+1 2
+1 2
+1 2
+1 2
+2 2
+2 7
+6 5
+1 5
+1 5
+1 5
+1 5

ob=(2)
fl=(51)
fn=(610)
0 4
cob=(7)
cfi=(170)
cfn=(616)
calls=2 0 
0 10
cob=(1)
cfi=(159)
cfn=(526)
calls=1 67 
0 789
0 5

fn=(1004)
0 156
cob=(3)
cfi=(193)
cfn=(1006)
calls=78 50 
0 1092

fn=(1008)
0 98
cob=(3)
cfi=(194)
cfn=(1010)
calls=49 71 
0 1048

fn=(1152)
0 2
cob=(7)
cfi=(170)
cfn=(1156)
calls=1 0 
0 109
cob=(1)
cfi=(159)
cfn=(526)
calls=1 67 
0 1151
0 5

fn=(1344)
0 380
cob=(7)
cfi=(170)
cfn=(1346)
calls=190 0 
0 570

fn=(1382)
0 406
cob=(7)
cfi=(170)
cfn=(1384)
calls=203 0 
0 406

fn=(1400)
0 114
cob=(7)
cfi=(170)
cfn=(1402)
calls=57 0 
0 342

fn=(1422)
0 2
cob=(3)
cfi=(211)
cfn=(1424)
calls=1 60 
0 20

fn=(1486)
0 416
cob=(7)
cfi=(170)
cfn=(1488)
calls=208 0 
0 35445

fn=(1682)
0 18
cob=(7)
cfi=(170)
cfn=(1606)
calls=9 0 
0 680
cob=(1)
cfi=(159)
cfn=(526)
calls=1 67 
0 1028
0 5

fn=(1944)
0 486214
cob=(7)
cfi=(170)
cfn=(1946)
calls=243107 0 
0 729321

fn=(2148)
0 12
cob=(7)
cfi=(170)
cfn=(2152)
calls=6 0 
0 3251
cob=(1)
cfi=(159)
cfn=(526)
calls=1 67 
0 1047
0 5

fn=(2160)
0 12
cob=(3)
cfi=(257)
cfn=(2164)
calls=6 25 
0 24
cob=(1)
cfi=(159)
cfn=(526)
calls=1 67 
0 931
0 5

fn=(2182)
0 8
cob=(7)
cfi=(170)
cfn=(2186)
calls=4 0 
0 1561
cob=(1)
cfi=(159)
cfn=(526)
calls=1 67 
0 1142
0 5

fn=(2276)
0 2
cob=(7)
cfi=(170)
cfn=(2278)
calls=1 0 
0 29

fn=(2350)
0 2
cob=(3)
cfi=(266)
cfn=(2352)
calls=1 77 
0 43

fn=(2956)
0 56
cob=(7)
cfi=(170)
cfn=(2958)
calls=28 0 
0 1593

fn=(3004)
0 2
cob=(7)
cfi=(170)
cfn=(3008)
calls=1 0 
0 1561
cob=(1)
cfi=(159)
cfn=(526)
calls=1 67 
0 839
0 5

fn=(3014)
0 90
cob=(7)
cfi=(170)
cfn=(3018)
calls=45 0 
0 2880
cob=(1)
cfi=(159)
cfn=(526)
calls=1 67 
0 662
0 5

fn=(3034)
0 90
cob=(7)
cfi=(170)
cfn=(3038)
calls=45 0 
0 4662
cob=(1)
cfi=(159)
cfn=(526)
calls=1 67 
0 855
0 5

fn=(3332)
0 12
cob=(7)
cfi=(170)
cfn=(3334)
calls=6 0 
0 36

fn=(3528)
0 60
cob=(7)
cfi=(170)
cfn=(3532)
calls=30 0 
0 7834
cob=(1)
cfi=(159)
cfn=(526)
calls=1 67 
0 1431
0 5

fn=(3574)
0 2
cob=(7)
cfi=(170)
cfn=(3578)
calls=1 0 
0 162
cob=(1)
cfi=(159)
cfn=(526)
calls=1 67 
0 1158
0 5

fn=(3778)
0 56
cob=(7)
cfi=(170)
cfn=(3780)
calls=28 0 
0 112

fn=(4746)
0 132
cob=(7)
cfi=(170)
cfn=(4750)
calls=66 0 
0 23837
cob=(1)
cfi=(159)
cfn=(526)
calls=1 67 
0 1382
0 5

fn=(5766)
0 2
cob=(3)
cfi=(317)
cfn=(5720)
calls=1 30 
0 1149

fn=(850)
0 2
cob=(7)
cfi=(170)
cfn=(854)
calls=1 0 
0 76605
cob=(1)
cfi=(159)
cfn=(526)
calls=1 67 
0 743
0 5

fn=(920)
0 2
cob=(7)
cfi=(170)
cfn=(924)
calls=1 0 
0 414
cob=(1)
cfi=(159)
cfn=(526)
calls=1 67 
0 1135
0 5

fn=(950)
0 2
cob=(7)
cfi=(170)
cfn=(954)
calls=1 0 
0 44
cob=(1)
cfi=(159)
cfn=(526)
calls=1 67 
0 798
0 5

fn=(992)
0 24
cob=(7)
cfi=(170)
cfn=(996)
calls=12 0 
0 4269
cob=(1)
cfi=(159)
cfn=(526)
calls=1 67 
0 887
0 5

fn=(998)
0 20
cob=(3)
cfi=(192)
cfn=(1002)
calls=10 26 
0 3270
cob=(1)
cfi=(159)
cfn=(526)
calls=1 67 
0 828
0 5

fn=(1042)
0 2
cob=(7)
cfi=(170)
cfn=(1046)
calls=1 0 
0 168
cob=(1)
cfi=(159)
cfn=(526)
calls=1 67 
0 1111
0 5

fn=(1246)
0 58
cob=(7)
cfi=(170)
cfn=(1250)
calls=29 0 
0 87
cob=(1)
cfi=(159)
cfn=(526)
calls=1 67 
0 939
0 5

fn=(1334)
0 382
cob=(7)
cfi=(170)
cfn=(1336)
calls=191 0 
0 382

fn=(1406)
0 2
cob=(7)
cfi=(170)
cfn=(1408)
calls=1 0 
0 1186

fn=(1706)
0 28
cob=(3)
cfi=(241)
cfn=(1708)
calls=14 181 
0 415

fn=(2000)
0 972096
cob=(8)
cfi=(198)
cfn=(2004)
calls=486048 206 
0 62699135
cob=(1)
cfi=(159)
cfn=(526)
calls=1 67 
0 1452
0 5

fn=(2014)
0 972096
cob=(7)
cfi=(170)
cfn=(2016)
calls=486048 0 
0 13116899

fn=(2088)
0 2
cob=(1)
cfi=(49)
cfn=(2092) _dl_audit_preinit
calls=1 117 
0 5
cob=(1)
cfi=(159)
cfn=(526)
calls=1 67 
0 956
0 5

fn=(2140)
0 8
cob=(7)
cfi=(170)
cfn=(2144)
calls=4 0 
0 488
cob=(1)
cfi=(159)
cfn=(526)
calls=1 67 
0 1030
0 5

fn=(2224)
0 6
cob=(7)
cfi=(170)
cfn=(2228)
calls=3 0 
0 366
cob=(1)
cfi=(159)
cfn=(526)
calls=1 67 
0 1038
0 5

fn=(164)
0 24
cob=(1)
cfi=(52)
cfn=(166)
calls=12 175 
0 29341

fn=(2826)
0 36
cob=(7)
cfi=(170)
cfn=(2828)
calls=18 0 
0 6463

fn=(2840)
0 38
cob=(7)
cfi=(170)
cfn=(2844)
calls=19 0 
0 6704
cob=(1)
cfi=(159)
cfn=(526)
calls=1 67 
0 1150
0 5

fn=(3466)
0 2
cob=(7)
cfi=(170)
cfn=(3468)
calls=1 0 
0 3642

fn=(3622)
0 2
cob=(7)
cfi=(170)
cfn=(3626)
calls=1 0 
0 19
cob=(1)
cfi=(159)
cfn=(526)
calls=1 67 
0 775
0 5

fn=(3976)
0 62
cob=(3)
cfi=(203)
cfn=(1376)
calls=31 307 
0 414

fn=(4782)
0 42
cob=(7)
cfi=(170)
cfn=(4784)
calls=21 0 
0 2625

fn=(5836)
0 4

fn=(3832)
0 20
cob=(7)
cfi=(170)
cfn=(3836)
calls=10 0 
0 14439
cob=(1)
cfi=(159)
cfn=(526)
calls=1 67 
0 798
0 5

fn=(902)
0 64
cob=(7)
cfi=(170)
cfn=(906)
calls=32 0 
0 13481
cob=(1)
cfi=(159)
cfn=(526)
calls=1 67 
0 1055
0 5

fn=(1024)
0 2
cob=(7)
cfi=(170)
cfn=(1028)
calls=1 0 
0 109
cob=(1)
cfi=(159)
cfn=(526)
calls=1 67 
0 1239
0 5

fn=(1030)
0 2
cob=(7)
cfi=(170)
cfn=(1034)
calls=1 0 
0 109
cob=(1)
cfi=(159)
cfn=(526)
calls=1 67 
0 1207
0 5

fn=(1036)
0 2
cob=(7)
cfi=(170)
cfn=(1040)
calls=1 0 
0 1314
cob=(1)
cfi=(159)
cfn=(526)
calls=1 67 
0 982
0 5

fn=(1276)
0 58
cob=(7)
cfi=(170)
cfn=(1280)
calls=29 0 
0 551
cob=(1)
cfi=(159)
cfn=(526)
calls=1 67 
0 1270
0 5

fn=(1604)
0 4
cob=(7)
cfi=(170)
cfn=(1606)
calls=2 0 
0 16

fn=(1778)
0 594
cob=(7)
cfi=(170)
cfn=(1782)
calls=297 0 
0 32674
cob=(1)
cfi=(159)
cfn=(526)
calls=1 67 
0 615
0 5

fn=(2072)
0 972624
cob=(7)
cfi=(170)
cfn=(2074)
calls=486312 0 
0 2924822

fn=(2104)
0 2
cob=(7)
cfi=(170)
cfn=(2106)
calls=1 0 
0 25220

fn=(2198)
0 8
cob=(7)
cfi=(170)
cfn=(2202)
calls=4 0 
0 1123
cob=(1)
cfi=(159)
cfn=(526)
calls=1 67 
0 1142
0 5

fn=(2258)
0 2
cob=(7)
cfi=(170)
cfn=(2262)
calls=1 0 
0 11
cob=(1)
cfi=(159)
cfn=(526)
calls=1 67 
0 775
0 5

fn=(2268)
0 108
cob=(7)
cfi=(170)
cfn=(2270)
calls=54 0 
0 162

fn=(2272)
0 108
cob=(7)
cfi=(170)
cfn=(2274)
calls=54 0 
0 162

fn=(2830)
0 498
cob=(3)
cfi=(193)
cfn=(1006)
calls=249 50 
0 3494
cob=(1)
cfi=(159)
cfn=(526)
calls=1 67 
0 774
0 5

fn=(2834)
0 182
cob=(7)
cfi=(170)
cfn=(2838)
calls=91 0 
0 9828
cob=(1)
cfi=(159)
cfn=(526)
calls=1 67 
0 1150
0 5

fn=(2846)
0 54
cob=(7)
cfi=(170)
cfn=(2266)
calls=27 0 
0 3751
cob=(1)
cfi=(159)
cfn=(526)
calls=1 67 
0 1110
0 5

fn=(2862)
0 102
cob=(7)
cfi=(170)
cfn=(2866)
calls=51 0 
0 4177
cob=(1)
cfi=(159)
cfn=(526)
calls=1 67 
0 1142
0 5

fn=(3320)
0 12
cob=(7)
cfi=(170)
cfn=(3322)
calls=6 0 
0 18

fn=(3366)
0 2
cob=(7)
cfi=(170)
cfn=(3368)
calls=1 0 
0 4

fn=(3370)
0 2
cob=(7)
cfi=(170)
cfn=(3372)
calls=1 0 
0 129

fn=(3442)
0 2
cob=(3)
cfi=(285)
cfn=(3446)
calls=1 28 
0 14
cob=(1)
cfi=(159)
cfn=(526)
calls=1 67 
0 768
0 5

fn=(3488)
0 2
cob=(3)
cfi=(288)
cfn=(3492)
calls=1 85 
0 459
cob=(1)
cfi=(159)
cfn=(526)
calls=1 67 
0 741
0 5

fn=(3494)
0 2
cob=(3)
cfi=(172)
cfn=(650)
calls=1 3287 
0 43

fn=(3580)
0 2
cob=(7)
cfi=(170)
cfn=(3582)
calls=1 0 
0 140

fn=(3618)
0 2
cob=(7)
cfi=(170)
cfn=(3620)
calls=1 0 
0 3528

fn=(3894)
0 20
cob=(3)
cfi=(301)
cfn=(3898)
calls=10 1782 
0 990
cob=(1)
cfi=(159)
cfn=(526)
calls=1 67 
0 823
0 5

fn=(3902)
0 20
cob=(7)
cfi=(170)
cfn=(3906)
calls=10 0 
0 970
cob=(1)
cfi=(159)
cfn=(526)
calls=1 67 
0 806
0 5

fn=(3912)
0 22
cob=(7)
cfi=(170)
cfn=(3914)
calls=11 0 
0 1152

fn=(4106)
0 8
cob=(7)
cfi=(170)
cfn=(4108)
calls=4 0 
0 963

fn=(4738)
0 132
cob=(7)
cfi=(170)
cfn=(4742)
calls=66 0 
0 30978
cob=(1)
cfi=(159)
cfn=(526)
calls=1 67 
0 758
0 5

fn=(5718)
0 2
cob=(3)
cfi=(317)
cfn=(5720)
calls=1 30 
0 119

fn=(5734)
0 4

fn=(5808)
0 2
cob=(3)
cfi=(317)
cfn=(5720)
calls=1 30 
0 119

fn=(3814)
0 20
cob=(7)
cfi=(170)
cfn=(3816)
calls=10 0 
0 740

fn=(646)
0 616
cob=(3)
cfi=(172)
cfn=(650)
calls=308 3287 
0 44510
cob=(1)
cfi=(159)
cfn=(526)
calls=1 67 
0 811
0 5

fn=(834)
0 154
cob=(7)
cfi=(170)
cfn=(838)
calls=77 0 
0 80085
cob=(1)
cfi=(159)
cfn=(526)
calls=1 67 
0 703
0 5

fn=(862)
0 2
cob=(7)
cfi=(170)
cfn=(866)
calls=1 0 
0 4011
cob=(1)
cfi=(159)
cfn=(526)
calls=1 67 
0 820
0 5

fn=(1258)
0 58
cob=(7)
cfi=(170)
cfn=(1262)
calls=29 0 
0 87
cob=(1)
cfi=(159)
cfn=(526)
calls=1 67 
0 1246
0 5

fn=(1300)
0 8
cob=(7)
cfi=(170)
cfn=(1304)
calls=4 0 
0 76
cob=(1)
cfi=(159)
cfn=(526)
calls=1 67 
0 902
0 5

fn=(1350)
0 336
cob=(3)
cfi=(193)
cfn=(1006)
calls=168 50 
0 2484

fn=(1954)
0 485668
cob=(7)
cfi=(170)
cfn=(1956)
calls=242834 0 
0 11656098

fn=(2132)
0 28
cob=(7)
cfi=(170)
cfn=(2136)
calls=14 0 
0 1288
cob=(1)
cfi=(159)
cfn=(526)
calls=1 67 
0 687
0 5

fn=(2154)
0 40
cob=(7)
cfi=(170)
cfn=(2158)
calls=20 0 
0 80
cob=(1)
cfi=(159)
cfn=(526)
calls=1 67 
0 892
0 5

fn=(2212)
0 6
cob=(7)
cfi=(170)
cfn=(2216)
calls=3 0 
0 3093
cob=(1)
cfi=(159)
cfn=(526)
calls=1 67 
0 995
0 5

fn=(2252)
0 8
cob=(7)
cfi=(170)
cfn=(2256)
calls=4 0 
0 28
cob=(1)
cfi=(159)
cfn=(526)
calls=1 67 
0 1046
0 5

fn=(2264)
0 108
cob=(7)
cfi=(170)
cfn=(2266)
calls=54 0 
0 6690

fn=(2870)
0 52
cob=(7)
cfi=(170)
cfn=(2872)
calls=26 0 
0 460

fn=(2994)
0 14
cob=(7)
cfi=(170)
cfn=(2996)
calls=7 0 
0 322

fn=(3354)
0 2
cob=(7)
cfi=(170)
cfn=(3356)
calls=1 0 
0 4

fn=(3430)
0 4
cob=(7)
cfi=(170)
cfn=(3434)
calls=2 0 
0 6
cob=(1)
cfi=(159)
cfn=(526)
calls=1 67 
0 791
0 5

fn=(3516)
0 2
cob=(3)
cfi=(293)
cfn=(3518)
calls=1 51 
0 21

fn=(3534)
0 80
cob=(7)
cfi=(170)
cfn=(3538)
calls=40 0 
0 1143
cob=(1)
cfi=(159)
cfn=(526)
calls=1 67 
0 734
0 5

fn=(3568)
0 2
cob=(7)
cfi=(170)
cfn=(3572)
calls=1 0 
0 29
cob=(1)
cfi=(159)
cfn=(526)
calls=1 67 
0 1086
0 5

fn=(3634)
0 24
cob=(7)
cfi=(170)
cfn=(3638)
calls=12 0 
0 132
cob=(1)
cfi=(159)
cfn=(526)
calls=1 67 
0 965
0 5

fn=(3640)
0 24
cob=(7)
cfi=(170)
cfn=(3644)
calls=12 0 
0 156
cob=(1)
cfi=(159)
cfn=(526)
calls=1 67 
0 893
0 5

fn=(3676)
0 2
cob=(7)
cfi=(170)
cfn=(3678)
calls=1 0 
0 2049

fn=(3680)
0 14
cob=(7)
cfi=(170)
cfn=(3679)
calls=7 0 
0 28
cob=(1)
cfi=(159)
cfn=(526)
calls=1 67 
0 1156
0 5

fn=(3696)
0 22
cob=(7)
cfi=(170)
cfn=(3698)
calls=11 0 
0 9145

fn=(3700)
0 22
cob=(7)
cfi=(170)
cfn=(3704)
calls=11 0 
0 351
cob=(1)
cfi=(159)
cfn=(526)
calls=1 67 
0 1134
0 5

fn=(3708)
0 90
cob=(7)
cfi=(170)
cfn=(3710)
calls=45 0 
0 1305

fn=(5746)
0 2
cob=(3)
cfi=(317)
cfn=(5720)
calls=1 30 
0 119

fn=(3846)
0 20
cob=(7)
cfi=(170)
cfn=(3850)
calls=10 0 
0 1948
cob=(1)
cfi=(159)
cfn=(526)
calls=1 67 
0 883
0 5

fn=(548) 0x000000000483f000
0 6
cob=(5)
cfi=(163)
cfn=(552)
calls=1 0 
0 12
0 1
cob=(5)
cfi=(163)
cfn=(560)
calls=1 0 
0 5
0 2

fn=(634)
0 2
cob=(7)
cfi=(170)
cfn=(638)
calls=1 0 
0 3
cob=(1)
cfi=(159)
cfn=(526)
calls=1 67 
0 781
0 5

fn=(874)
0 48
cob=(3)
cfi=(182)
cfn=(878)
calls=24 136 
0 2193
cob=(1)
cfi=(159)
cfn=(526)
calls=1 67 
0 922
0 5

fn=(944)
0 2
cob=(7)
cfi=(170)
cfn=(948)
calls=1 0 
0 168
cob=(1)
cfi=(159)
cfn=(526)
calls=1 67 
0 1087
0 5

fn=(1018)
0 2
cob=(7)
cfi=(170)
cfn=(1022)
calls=1 0 
0 350
cob=(1)
cfi=(159)
cfn=(526)
calls=1 67 
0 1111
0 5

fn=(1086)
0 2
cob=(7)
cfi=(170)
cfn=(1090)
calls=1 0 
0 113
cob=(1)
cfi=(159)
cfn=(526)
calls=1 67 
0 1159
0 5

fn=(1288)
0 8
cob=(7)
cfi=(170)
cfn=(1292)
calls=4 0 
0 7334
cob=(1)
cfi=(159)
cfn=(526)
calls=1 67 
0 1102
0 5

fn=(1306)
0 8
cob=(7)
cfi=(170)
cfn=(1310)
calls=4 0 
0 12
cob=(1)
cfi=(159)
cfn=(526)
calls=1 67 
0 1246
0 5

fn=(1318)
0 8
cob=(7)
cfi=(170)
cfn=(1322)
calls=4 0 
0 12
cob=(1)
cfi=(159)
cfn=(526)
calls=1 67 
0 1262
0 5

fn=(1362)
0 972420
cob=(7)
cfi=(170)
cfn=(1364)
calls=486210 0 
0 1458630

fn=(1678)
0 198
cob=(7)
cfi=(170)
cfn=(1680)
calls=99 0 
0 3022

fn=(1810)
0 2
cob=(3)
cfi=(241)
cfn=(1708)
calls=1 181 
0 78

fn=(2114)
0 6
cob=(7)
cfi=(170)
cfn=(2118)
calls=3 0 
0 4711
cob=(1)
cfi=(159)
cfn=(526)
calls=1 67 
0 979
0 5

fn=(2120)
0 14
cob=(7)
cfi=(170)
cfn=(2124)
calls=7 0 
0 28
cob=(1)
cfi=(159)
cfn=(526)
calls=1 67 
0 935
0 5

fn=(2238)
0 6
cob=(7)
cfi=(170)
cfn=(2242)
calls=3 0 
0 837
cob=(1)
cfi=(159)
cfn=(526)
calls=1 67 
0 1166
0 5

fn=(2246)
0 8
cob=(7)
cfi=(170)
cfn=(2250)
calls=4 0 
0 1123
cob=(1)
cfi=(159)
cfn=(526)
calls=1 67 
0 1118
0 5

fn=(2286)
0 2
cob=(7)
cfi=(170)
cfn=(2288)
calls=1 0 
0 17

fn=(2974)
0 1456830
cob=(7)
cfi=(170)
cfn=(2976)
calls=728415 0 
0 2185245

fn=(2982)
0 20
cob=(7)
cfi=(170)
cfn=(2984)
calls=10 0 
0 570

fn=(3520)
0 2
cob=(7)
cfi=(170)
cfn=(3522)
calls=1 0 
0 9

fn=(3524)
0 60
cob=(7)
cfi=(170)
cfn=(3526)
calls=30 0 
0 9930

fn=(3548)
0 4
cob=(3)
cfi=(294)
cfn=(3552)
calls=2 25 
0 16
cob=(1)
cfi=(159)
cfn=(526)
calls=1 67 
0 823
0 5

fn=(3562)
0 4
cob=(7)
cfi=(170)
cfn=(3566)
calls=2 0 
0 4556
cob=(1)
cfi=(159)
cfn=(526)
calls=1 67 
0 1006
0 5

fn=(3742)
0 485598
cob=(3)
cfi=(194)
cfn=(1010)
calls=242799 71 
0 4613145

fn=(4168)
0 110
cob=(7)
cfi=(170)
cfn=(4172)
calls=55 0 
0 2682
cob=(1)
cfi=(159)
cfn=(526)
calls=1 67 
0 1118
0 5

fn=(4822)
0 4
cob=(7)
cfi=(170)
cfn=(4826)
calls=2 0 
0 2085
cob=(1)
cfi=(159)
cfn=(526)
calls=1 67 
0 782
0 5

fn=(5026)
0 4
cob=(7)
cfi=(170)
cfn=(5028)
calls=2 0 
0 896

fn=(5696)
0 6
cob=(7)
cfi=(170)
cfn=(5700)
calls=3 0 
0 1361
cob=(1)
cfi=(159)
cfn=(526)
calls=1 67 
0 1019
0 5

fn=(5697)
0 2
cob=(7)
cfi=(170)
cfn=(5701)
calls=1 0 
0 69

fn=(5702)
0 6
cob=(7)
cfi=(170)
cfn=(5706)
calls=3 0 
0 147
cob=(1)
cfi=(159)
cfn=(526)
calls=1 67 
0 1022
0 5

ob=(1)
fl=(29)
fn=(128)
416 24
+1 24
+1 24
+1 24
+1 24
+7 3
+1 3
+1 3
+1 3
+1 3
+1 3
+1 3
+11 3
+1 3
+2 3
+1 3
+1 3

fn=(80)
212 35
+1 35
+6 35
+1 35
+2 25
+1 25
+1 25
+2 11
+1 11
+1 11
+2 11
360 10
+1 10
+2 2
+4 2
+1 2
+1 2
+1 2
+1 2
+4 2
+2 2
+39 8
+1 8
+1 8
+1 8
+1 8
+7 12
+1 12
+1 12
+1 12
+1 12
+1 12
+1 12
+11 14
+1 14
+2 12
+1 12
+1 12
+20 2
+1 2
+4 2
+2 2
+16 2
+3 2
+2 2
+2 2
+4 2
+1 2
+9 2
+1 2
+2 2
+2 2
+1 2
+1 2
+3 2
+2 2
+2 2
+2 2
+6 2
+1 2
+1 2
+1 2
+1 2
+1 2
+1 2
+1 2
+1 2
+1 2
+1 2
+1 2
-11 5
+1 5
+1 5
+1 5
+1 5
+1 5
+1 5
+1 5
+1 5
+1 5
+1 5
+1 5
+2 2
+1 2
+1 2
+1 2
+2 2
+4 2

fl=(56)
fn=(180)
25 5
+1 20
+1 5

fl=(71)
fn=(540) munmap
117 5
+5 1

fn=(234)
117 45
+5 9

fl=(58)
fn=(190)
29 12
+1 12
+5 18
cfi=(59)
cfn=(192)
calls=6 153 
* 48

fl=(75)
fn=(254)
361 6
+4 5
-2 2
+4 42
cfn=(256) _dl_check_map_versions
calls=7 155 
* 22326
-2 7
+2 21
-1 7
-1 14
+5 7

fn=(256)
155 56
+15 7
-15 14
+15 14
+2 35
+2 7
+1 7
-1 7
+1 7
+2 14
+3 10
-16 5
-8 5
+28 5
-4 5
+4 10
+16 5
36 10
200 5
36 25
200 6
36 12
200 6
36 30
+1 47
-1 94
+2 174
cfi=(54)
cfn=(174)
calls=58 +30 
* 5896
* 116
208 33
+5 11
-71 22
+71 33
+8 11
-2 11
-2 22
+4 11
-4 66
+4 39
-2 39
-2 78
+4 39
-4 324
56 200
+8 150
+6 150
+16 50
+1 100
+2 50
+5 450
+14 1650
+12 2325
+4 775
-30 1550
224 200
+3 150
+5 39
-11 39
110 50
+3 200
cfi=(32)
cfn=(90)
calls=50 -5 
* 1801
* 211
236 44
+5 12
-44 6
+1 6
+52 10
+3 20
+10 116
-7 464
+3 348
-3 20
+3 15
+8 12
+6 6
fi=(28)
44 6
fe=(75)
273 6
fi=(28)
44 6
cfi=(27)
cfn=(72)
calls=6 +34 
* 244
fe=(75)
272 6
fi=(28)
44 6
fe=(75)
274 12
+13 6
-3 6
+3 24
+2 18
+3 20
+4 33
+7 50
+1 50
-1 150
+1 50
+1 50
-2 50
+2 100
+1 150
+3 150
+5 39
-15 39
+2 39
-2 39
+2 39
-2 39
+2 78
-2 11
+2 11
-2 11
+2 11
-2 11
+2 22
+16 33
+5 6
-28 6
+62 63
-29 18
+3 20
+4 116
+6 116
+1 116
+1 116
-1 348
+1 116
-1 116
+1 116
+1 116
+3 348
+4 116
-14 242
+10 15
164 2
+86 2
-94 2
+94 3

fl=(38)
fn=(108)
175 5
+1 1
-1 6
+1 1
-1 1
+1 1
-1 1
+1 1
-1 1
+1 2
cfi=(10)
cfn=(24)
calls=1 405 
* 21
* 1
+2 2
+1 3
+26 2
-26 1
+25 1
cfi=(39)
cfn=(110)
calls=1 29 
* 47
fi=(40) ./elf/./dl-hwcaps.h
54 1
fe=(38)
205 1
-1 1
fi=(40)
56 1
+32 1
+1 1
+1 1
fe=(38)
-35 2
cfi=(41)
cfn=(116)
calls=1 -4 
* 13
* 2
fi=(40)
-1 1
+2 2
-2 1
+34 2
+1 2
+1 1
fe=(38)
-32 2
-1 2
+1 2
+1 2
-1 2
-3 4
cfi=(41)
cfn=(116)
calls=2 -4 
* 114
* 2
cfi=(41)
cfn=(116)
calls=1 -4 
* 122
* 6
+48 5
fi=(28)
-47 1
cfi=(27)
cfn=(76)
calls=1 -21 
* 25
fe=(38)
+47 1
+2 2
+3 2
fi=(40)
-52 1
fe=(38)
+55 1
-3 1
fi=(40)
-54 2
+3 1
fe=(38)
+58 2
cfi=(41)
cfn=(122)
calls=1 -90 
* 12
* 2
fi=(40)
-61 1
+2 2
-2 1
+34 2
+1 2
+1 1
fe=(38)
+40 4
+1 2
-1 6
+2 2
+1 2
-2 6
-3 4
cfi=(41)
cfn=(116)
calls=2 -77 
* 114
* 2
cfi=(41)
cfn=(116)
calls=1 -77 
* 122
* 6
+8 2
+9 1
-15 1
+15 2
-15 1
+15 8
+9 2
+4 7
cfi=(43)
cfn=(124)
calls=1 22 
* 41
+1 2
+1 1
+4 1
+1 2
+1 1
-20 2
+19 1
+1 1
-20 2
-1 4
+70 1
+1 1
+4 1
-5 2
+1 4
+4 2
-4 1
+4 4
+1 1
-1 1
+1 2
+1 2
-2 5
+1 1
-1 1
+1 2
+1 2
-2 5
+5 1
+3 2
-3 2
+3 15
+7 1
-7 2
+2 3
+1 4
+2 1
fi=(328) ./elf/../sysdeps/x86/dl-hwcap.h
57 1
fe=(38)
233 2
fi=(328)
57 1
fe=(38)
233 2
fi=(328)
57 1
fe=(38)
233 1
+1 1
cfi=(22)
cfn=(60)
calls=1 41 
* 17
+1 1
+1 1
-6 1
+4 1
+1 1
-5 1
+5 1
+1 1
-1 2
-5 4
+10 3
-2 3
+2 1
+1 1
+1 1
-1 1
+4 4
+1 1
-1 1
+4 2
+4 1
-1 1
+1 4
-1 2
+4 3
+1 3
+19 10
+6 2
fi=(28)
56 1
cfi=(27)
cfn=(76)
calls=1 -21 
* 25
* 1
fe=(38)
283 2
+8 1
fi=(40)
54 1
+2 1
+34 1
-2 2
fe=(38)
-5 1
291 1
fi=(40)
54 1
+35 1
fe=(38)
291 1
fi=(40)
90 1
fe=(38)
-10 2
cfi=(41)
cfn=(116)
calls=1 -29 
* 13
* 2
fi=(40)
-26 2
+2 1
fe=(38)
+27 1
fi=(40)
-29 1
+34 2
+1 2
+1 1
fe=(38)
-8 2
+1 4
+7 2
-7 10
cfi=(29)
cfn=(128)
calls=2 199 
* 26
+4 2
+2 2
+2 2
-2 4
-9 4
cfi=(41)
cfn=(116)
calls=2 -29 
* 114
* 2
cfi=(41)
cfn=(116)
calls=1 -29 
* 122
* 6
304 1
+2 1
-2 1
-48 2
+72 1
-72 1
376 2
+13 2
-58 1
+45 1
+13 1
-58 1
-75 1
+82 1
+10 2
-92 1
+88 1
+4 3
-4 1
+3 7
-3 2
-3 1
+3 1
cfi=(29)
cfn=(128)
calls=1 199 
* 18
* 2
-3 1
+3 1
cfi=(29)
cfn=(128)
calls=1 199 
* 18
* 2
+3 2
-3 4
+3 5
+1 12
+1 2
-2 1
+2 1
cfi=(29)
cfn=(128)
calls=1 199 
* 15
* 2
-2 2
+5 8
cfi=(29)
cfn=(128)
calls=2 199 
* 30
* 4
+2 5
+5 6
+1 1
-1 3
+1 7
-1 25
+5 11
+4 1
-1 1
+1 2
-4 12
+4 2
-1 2
+1 13
-1 9
+1 18
+1 24
-1 12
-1 12
+2 24
-1 24
-1 24
+4 9
+3 1
+2 2
-1 1
-1 1
+2 1
-2 1
+2 2
-1 1
+1 2
+2 6
+1 2
+3 2
-6 2
+6 3
+7 8
+1 1
-1 2
+3 2
-3 3
+1 3
-1 6
+3 6
+3 4
-80 2
+86 9
-20 1
+1 2
-6 3
259 2
+1 2
+1 4
-1 3
+12 4
-44 2
+34 4
-2 3

fl=(67)
fn=(220)
28 20
+1 40
cfi=(59)
cfn=(192)
calls=10 153 
* 98

fl=(315) ./elf/../sysdeps/x86_64/tls_get_addr.S
fn=(5694) __tls_get_addr
29 2
+1 2
+1 2
+2 2
+1 2
+1 2
+3 2
+1 2
+4 2
+1 2
+1 2
+1 2

fl=(9)
fn=(534)
262 1
+1 1

fn=(16)
85 4
+25 1
-25 6
+25 1
-1 1
+1 261
+11 1
-8 1
+1 1
-4 1
+3 1
+6 1
+2 13
-34 1
-1 1
+36 119
+3 1
+1 1
-5 94
+57 1
-57 1
+58 1
-1 1
-57 3
+29 1
-29 1
+30 1
-1 1
-29 3
+41 1
-41 1
+42 1
-1 1
-41 3
+35 1
-35 1
+36 1
-1 1
-35 3
+32 1
-32 1
+33 1
-1 1
-32 3
+13 1
-13 1
+14 1
-1 1
-13 3
+10 1
-10 1
+11 1
-1 1
-10 3
+7 1
-7 4
224 1
cfi=(10)
cfn=(18) __GI___tunables_init
calls=1 +58 
* 44458
+3 1
cfi=(12)
cfn=(22) _dl_sort_maps_init
calls=1 +54 
* 32
fi=(13)
36 2
cfi=(14)
cfn=(28)
calls=1 -1 
* 8
fi=(6)
215 1
cfi=(15) ./elf/../sysdeps/x86/dl-get-cpu-features.c
cfn=(32) _dl_x86_init_cpu_features
calls=1 37 
* 7224
fe=(9)
+23 3
+1 1
cfi=(22)
cfn=(60)
calls=1 41 
* 17
* 1
+2 2
cfi=(23) ./elf/../misc/sbrk.c
cfn=(62) sbrk
calls=1 37 
* 15
* 3
+12 3
+3 5
cfi=(2)
cfn=(64)
calls=1 1320 
* 2325130
+2 9

fl=(27)
fn=(72)
78 17
+4 17
-4 68
+7 17
+1 51
fi=(28)
-30 17
cfi=(27)
cfn=(76)
calls=17 -21 
* 488
fe=(27)

fn=(144)
95 8
+2 32

fn=(76)
35 210
+1 42
+11 42
-11 84
+11 84
+3 42
-3 42
+3 240
+18 42
+1 42
+2 168
-16 12
+1 6
+2 3
+1 21
cfi=(60)
cfn=(194)
calls=3 -12 
* 27
* 3
+2 6
+2 6
+2 2
+4 2
-4 4
-23 1
-1 1
+1 1
+1 2
-2 2
+27 1
-3 2
+4 2

fl=(162)
fn=(544)
77 12
+1 1
+1 1
+3 3
+8 2
+25 1
+1 5
+1 2
-86 4
+86 12
-86 24
+2 38
cfn=(546) call_init.part.0
calls=6 -7 
* 7133
+83 21
+7 8
-92 4
+2 6
cfn=(546)
calls=1 -7 
* 61
+52 2

fn=(546)
26 56
+13 7
-13 7
+16 7
-3 14
+3 14
+5 12
+8 18
+1 24
cob=(2)
cfi=(51)
cfn=(598) 0x00000000048f6000
calls=1 -56 
* 7
cob=(2)
cfi=(51)
cfn=(586) 0x0000000004a8b000
calls=1 -56 
* 7
cob=(2)
cfi=(51)
cfn=(576) 0x0000000004cdf000
calls=1 -56 
* 7
cob=(2)
cfi=(51)
cfn=(548)
calls=1 -56 
* 26
+3 6
+1 12
+6 8
+2 8
-2 4
+3 40
+1 64
cob=(7)
cfi=(170)
cfn=(802)
calls=1 -70 
* 247
cob=(7)
cfi=(170)
cfn=(776)
calls=1 -70 
* 50
cob=(7)
cfi=(170)
cfn=(750)
calls=1 -70 
* 50
cob=(7)
cfi=(170)
cfn=(732)
calls=1 -70 
* 34
cob=(7)
cfi=(170)
cfn=(714)
calls=1 -70 
* 34
cob=(7)
cfi=(170)
cfn=(712)
calls=1 -70 
* 82
cob=(7)
cfi=(170)
cfn=(708)
calls=1 -70 
* 166
cob=(7)
cfi=(170)
cfn=(706)
calls=1 -70 
* 82
cob=(7)
cfi=(170)
cfn=(704)
calls=1 -70 
* 44
cob=(7)
cfi=(170)
cfn=(678)
calls=1 -70 
* 78
cob=(7)
cfi=(170)
cfn=(644)
calls=1 -70 
* 2644
cob=(7)
cfi=(170)
cfn=(642)
calls=1 -70 
* 3
cob=(7)
cfi=(170)
cfn=(632)
calls=1 -70 
* 798
cob=(7)
cfi=(170)
cfn=(608)
calls=1 -70 
* 1904
cob=(6)
cfi=(169)
cfn=(592)
calls=1 -70 
* 12
cob=(3)
cfi=(167)
cfn=(574)
calls=1 +13 
* 12
* 16
cob=(7)
cfi=(170)
cfn=(602)
calls=1 -70 
* 12
cob=(6)
cfi=(169)
cfn=(590)
calls=1 -70 
* 364
cob=(4)
cfi=(168)
cfn=(580)
calls=1 -70 
* 12
cob=(3)
cfi=(164)
cfn=(566)
calls=1 -24 
* 98
-1 60
+3 42
-29 2

fl=(68)
fn=(230) _dl_cache_libcmp
370 43
+1 43
+32 43
-33 86
+1 96
+2 238
+2 238
-2 476
+20 466
+2 466
-12 195
+2 195
+14 195
+1 195
-29 390
+32 15
-28 10
+8 5
-2 10
+1 10
-1 5
+2 15
+2 5
-3 5
+3 15
+2 10
+9 114

fn=(538)
537 1
+1 4
-1 1
+3 2
cfi=(71)
cfn=(540)
calls=1 117 
* 6
+1 1
+4 1
+2 2

fn=(222)
416 40
+2 8
+3 12
+69 9
+5 3
208 3
495 7
208 1
495 2
+3 12
fi=(70) ./elf/../sysdeps/x86/dl-procinfo.h
39 8
+3 12
cfi=(32)
cfn=(90)
calls=4 +66 
* 100
* 16
fe=(68)
212 24
cfi=(10)
cfn=(24)
calls=4 405 
* 84
* 4
+16 8
-16 4
+6 8
+10 4
-7 20
+9 12
+1 4
-37 8
+37 4
+4 8
-5 102
+1 34
-37 68
+37 34
+4 68
+4 114
cfn=(230)
calls=38 370 
* 3030
+1 76
359 34
+3 34
228 34
360 17
228 46
+2 20
+20 10
+3 10
+2 20
cfn=(230)
calls=5 370 
* 554
* 10
+2 1
-9 10
-30 8
+1 4
+95 4
-95 4
-1 32
+96 12
-47 8
+10 8
+1 12
fi=(69) ./elf/../sysdeps/generic/dl-cache.h
125 20
fe=(68)
294 8
+9 8
+3 8
+2 12
+1 8
+5 8
+1 16
+7 8
+21 16
513 8
+12 8
cfi=(22)
cfn=(60)
calls=4 41 
* 140
* 48
+1 4
-1 4
+1 4
-1 4
+1 4
cfi=(29)
cfn=(80)
calls=4 212 
* 60
* 4
+1 4
cfi=(45)
cfn=(140)
calls=4 40 
* 372
+1 32
-3 8
424 4
cfi=(54)
cfn=(224) _dl_sysdep_read_whole_file
calls=1 36 
* 91
* 1
+8 5
+1 8
+3 4
+1 1
-1 3
fi=(69)
194 1
+1 5
fe=(68)
444 1
+1 2

fl=(12)
fn=(248) dfs_traversal.part.0
140 96
+10 12
-2 12
+2 24
+2 36
+3 58
-3 116
+9 24
+15 36
+1 12
+1 72
-33 10
cfn=(249) dfs_traversal.part.0'2
calls=2 -5 
* 83
+7 4
+9 18

fn=(249)
140 16
+10 2
-2 2
+2 4
+2 8
+3 8
-3 16
+9 4
+15 6
+1 2
+1 12
-17 3

fn=(22)
281 2
+1 4
cfi=(10)
cfn=(24)
calls=1 405 
* 20
+2 3
-1 1
+2 2

fn=(246)
290 20
+8 2
-8 2
+8 4
+4 16
-79 4
-37 2
+37 2
-36 8
+1 2
-1 2
+1 2
-1 4
+1 12
-1 12
+1 12
-1 24
+36 30
+8 6
-3 2
+2 2
+1 2
-8 2
+5 2
+3 8
+2 36
+2 14
-90 64
cfn=(248)
calls=12 -5 
* 613
+93 28
+18 4
+13 2
+33 2
-26 8
cfi=(29)
cfn=(80)
calls=2 -64 
* 38
* 2

fl=(22)
fn=(60)
41 31
+44 31
+1 31
+1 31
+1 31
+1 31
+1 31
+1 31
+2 31
+2 31
+31 31
+1 31
+1 31
+1 31
+1 31
+1 16
+2 16
+4 15
+1 15
+1 15
+1 15
+1 15
+1 15
+1 15
+1 15
+1 15
+1 15
+1 15
+1 15
+5 120

fl=(54)
fn=(224)
36 2
+3 1
-3 6
+3 1
-3 1
+3 1
cfi=(55)
cfn=(178)
calls=1 -11 
* 19
+1 2
+23 7
-21 4
cfi=(58)
cfn=(190)
calls=1 -13 
* 15
* 2
+2 2
+3 2
+13 2
cfi=(64)
cfn=(204)
calls=1 -35 
* 6
* 1
-11 6
cfi=(60)
cfn=(194)
calls=1 -2 
* 9
* 2

fn=(174)
68 642
+1 214
cfi=(32)
cfn=(90)
calls=107 +39 
* 3460
* 214
+3 107
+2 214
+6 104
-6 208
+1 366
cfi=(32)
cfn=(90)
calls=122 +33 
* 4581
* 244
+8 18
-13 18
+13 143
-1 89
+1 267

fn=(482)
87 2
+38 2
-1 2
+3 2
+2 80
+1 37
-3 24
+18 2
+1 2
-15 6

fl=(23)
fn=(62)
37 5
+3 1
+18 2
+4 2
+16 5

fl=(49)
fn=(2092)
117 1
+1 4

fn=(206)
76 5
+1 20

fn=(536)
40 6
+4 3
-4 3
+4 3
-4 3
+4 3
-4 6
+4 3
+1 3
+1 12
+4 18

fn=(5736)
96 7
+1 28

fn=(154)
28 6
+2 1
-1 1
+1 2
+6 6

fl=(26)
fn=(70)
59 84
+3 12
+18 5
+3 5
-3 5
+3 5
cfi=(22)
cfn=(60)
calls=5 -42 
* 103
+4 10
-4 10
+9 10
fi=(28)
-48 15
cfi=(27)
cfn=(72)
calls=5 +34 
* 208
fe=(26)
+48 1
fi=(28)
-48 3
cfi=(27)
cfn=(72)
calls=1 +34 
* 43
* 6
fe=(26)
+51 12
+5 6
-2 6
+6 6
-4 6
+4 6
-5 6
+4 6
+1 6
-1 6
+1 12
cfi=(29)
cfn=(80)
calls=6 212 
* 77
* 12
+2 6
+13 12
+6 1
+2 7
+3 2
-3 35
+3 10
+9 6
-7 6
+4 6
+3 21
+2 1
-2 3
+2 15
-2 45
+16 12
-5 6
+5 6
-6 6
+6 6
-6 6
+6 12
+2 10
+3 10

ob=(2)
fl=(51)
fn=(5703)
0 2
cob=(7)
cfi=(170)
cfn=(5707)
calls=1 0 
0 23

fn=(5738)
0 3
cob=(5)
cfi=(163)
cfn=(5740)
calls=1 0 
0 152
0 2

fn=(5826)
0 2
cob=(3)
cfi=(317)
cfn=(5720)
calls=1 30 
0 119

fn=(3840)
0 20
cob=(7)
cfi=(170)
cfn=(3844)
calls=10 0 
0 3156
cob=(1)
cfi=(159)
cfn=(526)
calls=1 67 
0 694
0 5

fn=(3888)
0 20
cob=(7)
cfi=(170)
cfn=(3892)
calls=10 0 
0 2118
cob=(1)
cfi=(159)
cfn=(526)
calls=1 67 
0 1111
0 5

fn=(886)
0 2
cob=(7)
cfi=(170)
cfn=(890)
calls=1 0 
0 875
cob=(1)
cfi=(159)
cfn=(526)
calls=1 67 
0 1095
0 5

fn=(926)
0 2
cob=(7)
cfi=(170)
cfn=(930)
calls=1 0 
0 113
cob=(1)
cfi=(159)
cfn=(526)
calls=1 67 
0 1215
0 5

fn=(932)
0 2
cob=(7)
cfi=(170)
cfn=(936)
calls=1 0 
0 113
cob=(1)
cfi=(159)
cfn=(526)
calls=1 67 
0 1223
0 5

fn=(938)
0 2
cob=(7)
cfi=(170)
cfn=(942)
calls=1 0 
0 1290
cob=(1)
cfi=(159)
cfn=(526)
calls=1 67 
0 974
0 5

fn=(956)
0 2
cob=(7)
cfi=(170)
cfn=(960)
calls=1 0 
0 28113
cob=(1)
cfi=(159)
cfn=(526)
calls=1 67 
0 719
0 5

fn=(962)
0 2
cob=(7)
cfi=(170)
cfn=(966)
calls=1 0 
0 27204
cob=(1)
cfi=(159)
cfn=(526)
calls=1 67 
0 863
0 5

fn=(1202)
0 2
cob=(7)
cfi=(170)
cfn=(1206)
calls=1 0 
0 3
cob=(1)
cfi=(159)
cfn=(526)
calls=1 67 
0 775
0 5

fn=(1228)
0 66
cob=(7)
cfi=(170)
cfn=(1232)
calls=33 0 
0 660
cob=(1)
cfi=(159)
cfn=(526)
calls=1 67 
0 727
0 5

fn=(1234)
0 126
cob=(7)
cfi=(170)
cfn=(1238)
calls=63 0 
0 504
cob=(1)
cfi=(159)
cfn=(526)
calls=1 67 
0 735
0 5

fn=(1802)
0 2
cob=(3)
cfi=(172)
cfn=(1806)
calls=1 3624 
0 298
cob=(1)
cfi=(159)
cfn=(526)
calls=1 67 
0 747
0 5

fn=(1948)
0 1456864
cob=(7)
cfi=(170)
cfn=(1950)
calls=728432 0 
0 2185296

fn=(2166)
0 12
cob=(3)
cfi=(258)
cfn=(2170)
calls=6 32 
0 396
cob=(1)
cfi=(159)
cfn=(526)
calls=1 67 
0 741
0 5

fn=(2192)
0 198
cob=(7)
cfi=(170)
cfn=(1488)
calls=99 0 
0 11554
cob=(1)
cfi=(159)
cfn=(526)
calls=1 67 
0 684
0 5

fn=(2858)
0 8
cob=(7)
cfi=(170)
cfn=(2860)
calls=4 0 
0 2953

fn=(2920)
0 438
cob=(7)
cfi=(170)
cfn=(2924)
calls=219 0 
0 43323
cob=(1)
cfi=(159)
cfn=(526)
calls=1 67 
0 1198
0 5

fn=(2936)
0 574
cob=(7)
cfi=(170)
cfn=(2940)
calls=287 0 
0 15965
cob=(1)
cfi=(159)
cfn=(526)
calls=1 67 
0 1014
0 5

fn=(2978)
0 8
cob=(7)
cfi=(170)
cfn=(2980)
calls=4 0 
0 24

fn=(3374)
0 2
cob=(7)
cfi=(170)
cfn=(3376)
calls=1 0 
0 3

fn=(3410)
0 14
cob=(7)
cfi=(170)
cfn=(3376)
calls=7 0 
0 21
cob=(1)
cfi=(159)
cfn=(526)
calls=1 67 
0 887
0 5

fn=(3462)
0 2
cob=(7)
cfi=(170)
cfn=(2118)
calls=1 0 
0 339
cob=(1)
cfi=(159)
cfn=(526)
calls=1 67 
0 950
0 5

fn=(3554)
0 60
cob=(7)
cfi=(170)
cfn=(3556)
calls=30 0 
0 120

fn=(3782)
0 28
cob=(7)
cfi=(170)
cfn=(3784)
calls=14 0 
0 42

fn=(4110)
0 8
cob=(3)
cfi=(305)
cfn=(4114)
calls=4 30 
0 44
cob=(1)
cfi=(159)
cfn=(526)
calls=1 67 
0 846
0 5

fn=(5690)
0 4
cob=(1)
cfi=(315)
cfn=(5694)
calls=2 29 
0 24
cob=(1)
cfi=(159)
cfn=(526)
calls=1 67 
0 894
0 5

fn=(4576)
0 8
cob=(7)
cfi=(170)
cfn=(4578)
calls=4 0 
0 12

fn=(3852)
0 20
cob=(7)
cfi=(170)
cfn=(3856)
calls=10 0 
0 790
cob=(1)
cfi=(159)
cfn=(526)
calls=1 67 
0 883
0 5

fn=(620)
0 18
cob=(3)
cfi=(171)
cfn=(624)
calls=9 69 
0 671
cob=(1)
cfi=(159)
cfn=(526)
calls=1 67 
0 913
0 5

fn=(814)
0 7

fn=(830)
0 24
cob=(7)
cfi=(170)
cfn=(832)
calls=12 0 
0 103327

fn=(856)
0 14
cob=(7)
cfi=(170)
cfn=(860)
calls=7 0 
0 21
cob=(1)
cfi=(159)
cfn=(526)
calls=1 67 
0 877
0 5

fn=(868)
0 48
cob=(7)
cfi=(170)
cfn=(872)
calls=24 0 
0 3384
cob=(1)
cfi=(159)
cfn=(526)
calls=1 67 
0 895
0 5

fn=(892)
0 2
cob=(3)
cfi=(184)
cfn=(896)
calls=1 43 
0 48
cob=(1)
cfi=(159)
cfn=(526)
calls=1 67 
0 810
0 5

fn=(980)
0 512
cob=(3)
cfi=(188)
cfn=(984)
calls=256 32 
0 12672
cob=(1)
cfi=(159)
cfn=(526)
calls=1 67 
0 733
0 5

fn=(1056)
0 2
cob=(7)
cfi=(170)
cfn=(1060)
calls=1 0 
0 414
cob=(1)
cfi=(159)
cfn=(526)
calls=1 67 
0 1047
0 5

fn=(1074)
0 2
cob=(7)
cfi=(170)
cfn=(1078)
calls=1 0 
0 113
cob=(1)
cfi=(159)
cfn=(526)
calls=1 67 
0 1143
0 5

fn=(1140)
0 2
cob=(7)
cfi=(170)
cfn=(1144)
calls=1 0 
0 109
cob=(1)
cfi=(159)
cfn=(526)
calls=1 67 
0 1175
0 5

fn=(1210)
0 40
cob=(7)
cfi=(170)
cfn=(1214)
calls=20 0 
0 1700
cob=(1)
cfi=(159)
cfn=(526)
calls=1 67 
0 711
0 5

fn=(1252)
0 58
cob=(7)
cfi=(170)
cfn=(1256)
calls=29 0 
0 551
cob=(1)
cfi=(159)
cfn=(526)
calls=1 67 
0 902
0 5

fn=(1264)
0 58
cob=(7)
cfi=(170)
cfn=(1268)
calls=29 0 
0 551
cob=(1)
cfi=(159)
cfn=(526)
calls=1 67 
0 1270
0 5

fn=(1340)
0 380
cob=(7)
cfi=(170)
cfn=(1342)
calls=190 0 
0 570

fn=(2188)
0 14
cob=(7)
cfi=(170)
cfn=(2190)
calls=7 0 
0 2281

fn=(2204)
0 38
cob=(7)
cfi=(170)
cfn=(2208)
calls=19 0 
0 133
cob=(1)
cfi=(159)
cfn=(526)
calls=1 67 
0 1046
0 5

fn=(2540)
0 2
cob=(3)
cfi=(272)
cfn=(2542)
calls=1 367 
0 34

fn=(160)
0 2
cob=(1)
cfi=(52)
cfn=(162)
calls=1 225 
0 2782

fn=(2916)
0 128
cob=(7)
cfi=(170)
cfn=(2918)
calls=64 0 
0 16458

fn=(3020)
0 96
cob=(7)
cfi=(170)
cfn=(3024)
calls=48 0 
0 17122
cob=(1)
cfi=(159)
cfn=(526)
calls=1 67 
0 702
0 5

fn=(3021)
0 2
cob=(7)
cfi=(170)
cfn=(3025)
calls=1 0 
0 69

fn=(3336)
0 12
cob=(7)
cfi=(170)
cfn=(3338)
calls=6 0 
0 690

fn=(3362)
0 2
cob=(7)
cfi=(170)
cfn=(3364)
calls=1 0 
0 4

fn=(3382)
0 52
cob=(3)
cfi=(211)
cfn=(1424)
calls=26 60 
0 527
cob=(1)
cfi=(159)
cfn=(526)
calls=1 67 
0 792
0 5

fn=(3458)
0 2
cob=(7)
cfi=(170)
cfn=(3460)
calls=1 0 
0 2102

fn=(3470)
0 2
cob=(7)
cfi=(170)
cfn=(3474)
calls=1 0 
0 2502
cob=(1)
cfi=(159)
cfn=(526)
calls=1 67 
0 1110
0 5

fn=(3584)
0 4
cob=(7)
cfi=(170)
cfn=(3588)
calls=2 0 
0 1206
cob=(1)
cfi=(159)
cfn=(526)
calls=1 67 
0 823
0 5

fn=(3614)
0 4
cob=(3)
cfi=(172)
cfn=(1788)
calls=2 3352 
0 221

fn=(3908)
0 20
cob=(7)
cfi=(170)
cfn=(3910)
calls=10 0 
0 50

fn=(4734)
0 128
cob=(7)
cfi=(170)
cfn=(4736)
calls=64 0 
0 31685

fn=(4758)
0 86
cob=(7)
cfi=(170)
cfn=(4762)
calls=43 0 
0 4147
cob=(1)
cfi=(159)
cfn=(526)
calls=1 67 
0 1302
0 5

fn=(4818)
0 4
cob=(7)
cfi=(170)
cfn=(4820)
calls=2 0 
0 2882

fn=(5678)
0 4
cob=(7)
cfi=(170)
cfn=(5682)
calls=2 0 
0 1685
cob=(1)
cfi=(159)
cfn=(526)
calls=1 67 
0 767
0 5

fn=(5684)
0 4
cob=(7)
cfi=(170)
cfn=(5688)
calls=2 0 
0 941
cob=(1)
cfi=(159)
cfn=(526)
calls=1 67 
0 719
0 5

fn=(5800)
0 4

fn=(3858)
0 20
cob=(7)
cfi=(170)
cfn=(3862)
calls=10 0 
0 1770
cob=(1)
cfi=(159)
cfn=(526)
calls=1 67 
0 1534
0 5

fn=(908)
0 506
cob=(7)
cfi=(170)
cfn=(912)
calls=253 0 
0 1950
cob=(1)
cfi=(159)
cfn=(526)
calls=1 67 
0 804
0 5

fn=(1048)
0 2
cob=(7)
cfi=(170)
cfn=(1052)
calls=1 0 
0 44
cob=(1)
cfi=(159)
cfn=(526)
calls=1 67 
0 798
0 5

fn=(1110)
0 2
cob=(7)
cfi=(170)
cfn=(1114)
calls=1 0 
0 44
cob=(1)
cfi=(159)
cfn=(526)
calls=1 67 
0 750
0 5

fn=(1122)
0 2
cob=(7)
cfi=(170)
cfn=(1126)
calls=1 0 
0 350
cob=(1)
cfi=(159)
cfn=(526)
calls=1 67 
0 1055
0 5

fn=(1222)
0 66
cob=(7)
cfi=(170)
cfn=(1226)
calls=33 0 
0 4277
cob=(1)
cfi=(159)
cfn=(526)
calls=1 67 
0 767
0 5

fn=(1240)
0 58
cob=(7)
cfi=(170)
cfn=(1244)
calls=29 0 
0 10064
cob=(1)
cfi=(159)
cfn=(526)
calls=1 67 
0 1110
0 5

fn=(1294)
0 8
cob=(7)
cfi=(170)
cfn=(1298)
calls=4 0 
0 12
cob=(1)
cfi=(159)
cfn=(526)
calls=1 67 
0 878
0 5

fn=(1312)
0 8
cob=(7)
cfi=(170)
cfn=(1316)
calls=4 0 
0 76
cob=(1)
cfi=(159)
cfn=(526)
calls=1 67 
0 1286
0 5

fn=(1324)
0 8
cob=(7)
cfi=(170)
cfn=(1328)
calls=4 0 
0 76
cob=(1)
cfi=(159)
cfn=(526)
calls=1 67 
0 1294
0 5

fn=(1366)
0 324
cob=(7)
cfi=(170)
cfn=(1368)
calls=162 0 
0 3960

fn=(1784)
0 594
cob=(3)
cfi=(172)
cfn=(1788)
calls=297 3352 
0 30678
cob=(1)
cfi=(159)
cfn=(526)
calls=1 67 
0 803
0 5

fn=(1996)
0 972096
cob=(7)
cfi=(170)
cfn=(1998)
calls=486048 0 
0 67561072

fn=(2126)
0 8
cob=(7)
cfi=(170)
cfn=(2130)
calls=4 0 
0 1188
cob=(1)
cfi=(159)
cfn=(526)
calls=1 67 
0 1022
0 5

fn=(2876)
0 36
cob=(7)
cfi=(170)
cfn=(2878)
calls=18 0 
0 2796

fn=(2912)
0 94
cob=(7)
cfi=(170)
cfn=(2914)
calls=47 0 
0 4172

fn=(2926)
0 760
cob=(7)
cfi=(170)
cfn=(2930)
calls=380 0 
0 8818
cob=(1)
cfi=(159)
cfn=(526)
calls=1 67 
0 742
0 5

fn=(2927)
0 2
cob=(7)
cfi=(170)
cfn=(2931)
calls=1 0 
0 23

fn=(2944)
0 310
cob=(7)
cfi=(170)
cfn=(2946)
calls=155 0 
0 34187

fn=(2998)
0 90
cob=(7)
cfi=(170)
cfn=(3000)
calls=45 0 
0 22230

fn=(3028)
0 90
cob=(7)
cfi=(170)
cfn=(3032)
calls=45 0 
0 7502
cob=(1)
cfi=(159)
cfn=(526)
calls=1 67 
0 1126
0 5

fn=(3040)
0 94
cob=(7)
cfi=(170)
cfn=(3044)
calls=47 0 
0 1336
cob=(1)
cfi=(159)
cfn=(526)
calls=1 67 
0 799
0 5

fn=(3046)
0 94
cob=(3)
cfi=(276)
cfn=(3050)
calls=47 32 
0 329
cob=(1)
cfi=(159)
cfn=(526)
calls=1 67 
0 767
0 5

fn=(3328)
0 12
cob=(7)
cfi=(170)
cfn=(3330)
calls=6 0 
0 12

fn=(3340)
0 12
cob=(7)
cfi=(170)
cfn=(3342)
calls=6 0 
0 318

fn=(3426)
0 2
cob=(7)
cfi=(170)
cfn=(3428)
calls=1 0 
0 2713

fn=(3436)
0 2
cob=(7)
cfi=(170)
cfn=(3440)
calls=1 0 
0 833
cob=(1)
cfi=(159)
cfn=(526)
calls=1 67 
0 1047
0 5

fn=(3476)
0 2
cob=(7)
cfi=(170)
cfn=(3480)
calls=1 0 
0 1249
cob=(1)
cfi=(159)
cfn=(526)
calls=1 67 
0 967
0 5

fn=(3628)
0 24
cob=(7)
cfi=(170)
cfn=(3632)
calls=12 0 
0 2528
cob=(1)
cfi=(159)
cfn=(526)
calls=1 67 
0 719
0 5

fn=(4164)
0 110
cob=(7)
cfi=(170)
cfn=(4166)
calls=55 0 
0 4300

fn=(4730)
0 128
cob=(7)
cfi=(170)
cfn=(4732)
calls=64 0 
0 448

fn=(5784)
0 4
cob=(7)
cfi=(170)
cfn=(5788)
calls=2 0 
0 4
cob=(1)
cfi=(159)
cfn=(526)
calls=1 67 
0 805
0 5

fn=(4584)
0 40
cob=(3)
cfi=(257)
cfn=(2164)
calls=20 25 
0 80

fn=(3828)
0 20
cob=(7)
cfi=(170)
cfn=(3830)
calls=10 0 
0 15282

fn=(520)
0 38
cob=(1)
cfi=(10)
cfn=(24)
calls=19 405 
0 391
cob=(1)
cfi=(159)
cfn=(526)
calls=1 67 
0 945
0 5

fn=(570)
0 2
cob=(3)
cfi=(166)
cfn=(572)
calls=1 46 
0 52

fn=(576)
0 7

fn=(586)
0 7

fn=(598)
0 5

ob=(1)
fl=(26)
fn=(70)
157 10
+7 24
+4 10
+8 2
+3 2
+10 3
-10 10
+10 15
+2 5
+21 5
-21 5
cfi=(22)
cfn=(60)
calls=5 41 
* 175
* 15
+17 5
-13 15
+50 15
cfi=(29)
cfn=(128)
calls=5 -46 
* 89
* 5
+5 10
+1 10
-1 158
+1 158
+2 10
+3 5
+3 5
+4 54
131 17
-12 10
+34 1
+7 4
+8 20
fi=(28)
56 10
cfi=(27)
cfn=(76)
calls=5 -21 
* 125
* 5
fe=(26)
200 20
64 2
+2 3
+1 2
+10 5
-6 2

fn=(82)
31 12
+2 6
-2 12
+2 6
-2 12
+2 6
cfi=(24)
cfn=(84)
calls=6 +9 
* 18
+2 47
+3 80
+2 5
+2 5
+4 5
+4 5
-4 10
+1 5
+4 5
-4 5
+1 5
+3 5
-3 5
+3 5
-1 5
cfi=(24)
cfn=(84)
calls=5 -8 
* 15
-4 1
+4 1
-4 2
+1 1
+4 1
-4 1
+1 1
+3 1
-3 1
+3 1
-1 1
cfi=(24)
cfn=(84)
calls=1 -8 
* 3
-5 2

fl=(10)
fn=(54)
157 15
-55 5
+55 5
-55 5
+55 5
-55 35
+9 5
+1 5
fi=(329) ./elf/./dl-tunable-types.h
-22 10
fe=(10)
+22 20
+1 40
fi=(11) ./elf/./elf/dl-tunables.h
+8 10
+1 5
fe=(10)
-6 15
fi=(11)
+15 5
fe=(10)
-12 10
+4 10
+7 10
+1 10
+3 30
+1 5
+1 5
+1 5
+24 5
fi=(11)
-30 15
fe=(10)

fn=(24)
405 36
+3 252
+9 36
-9 138
+9 10
+17 180
+2 36
-9 26
+1 26

fn=(18)
282 9
-9 7
71 257
+6 84
-3 84
+3 9219
-3 84
-3 168
357 8
81 168
+5 252
fi=(11)
+54 84
fe=(10)
-54 84
fi=(11)
+54 84
+1 212
-1 154
+1 44
-1 84
+1 168
fe=(10)
323 336
-18 11760
+6 18480
fi=(11)
140 756
+1 1512
-1 36
+1 144
-1 180
fe=(10)

fl=(15)
fn=(506) __x86_cpu_features
71 1
-32 3
+32 2

fn=(32)
37 1
+2 3
+2 1
cfi=(16)
cfn=(34)
calls=1 399 
* 7219

fl=(78)
fn=(272)
194 14
+14 7
-14 63
+16 7
-16 14
+14 7
+2 14
+3 7
-1 7
+1 14
+19 14
+6 35
-34 12
+38 12
+7 24
fi=(6)
71 22
+6 16
+4 12
+14 4
-8 4
+8 8
+20 8
+4 20
-2 8
fe=(78)
288 295
-83 4
fi=(6)
474 16
fe=(78)
205 8
+83 8
fi=(5)
49 4
fe=(78)
288 4
fi=(5)
60 4
-11 8
+11 8
fe=(78)
288 3
-83 3
fi=(6)
474 12
fe=(78)
205 6
+83 6
fi=(5)
49 3
fe=(78)
288 3
fi=(5)
60 3
-11 6
+11 6
fe=(78)
288 14
fi=(5)
49 7
fe=(78)
288 7
fi=(5)
60 7
-11 14
+11 14
-7 4
-1 4
+11 32
fi=(6)
545 2232
+4 2232
+3 3348
+1 1116
fi=(5)
63 3348
+2 4692
+2 171
-4 171
+13 24
+1 16
+1 114
fi=(6)
545 57
+34 114
+2 57
cob=(4)
cfi=(134)
cfn=(476)
calls=1 27 
* 9
cob=(4)
cfi=(146)
cfn=(472)
calls=1 26 
* 9
cob=(4)
cfi=(145)
cfn=(468)
calls=1 27 
* 9
cob=(4)
cfi=(142)
cfn=(464)
calls=1 27 
* 8
cob=(4)
cfi=(144)
cfn=(462)
calls=1 49 
* 6
cob=(4)
cfi=(143)
cfn=(458)
calls=1 26 
* 9
cob=(4)
cfi=(142)
cfn=(454)
calls=1 35 
* 8
cob=(4)
cfi=(141)
cfn=(450)
calls=1 27 
* 9
cob=(4)
cfi=(140)
cfn=(446)
calls=1 27 
* 9
cob=(4)
cfi=(138)
cfn=(442)
calls=1 27 
* 8
cob=(4)
cfi=(137)
cfn=(438)
calls=1 30 
* 9
cob=(4)
cfi=(136)
cfn=(434)
calls=1 26 
* 9
cob=(4)
cfi=(135)
cfn=(430)
calls=1 27 
* 9
cob=(4)
cfi=(134)
cfn=(426)
calls=1 34 
* 9
cob=(4)
cfi=(133)
cfn=(422)
calls=1 27 
* 9
cob=(4)
cfi=(131)
cfn=(418)
calls=1 27 
* 9
cob=(4)
cfi=(129)
cfn=(414)
calls=1 26 
* 9
cob=(3)
cfi=(128)
cfn=(408)
calls=1 31 
* 23
cob=(3)
cfi=(127)
cfn=(406)
calls=1 31 
* 7
cob=(3)
cfi=(126)
cfn=(402)
calls=1 33 
* 22
cob=(3)
cfi=(125)
cfn=(400)
calls=1 29 
* 7
cob=(3)
cfi=(123)
cfn=(396)
calls=1 29 
* 23
cob=(3)
cfi=(122)
cfn=(392)
calls=1 33 
* 17
cob=(3)
cfi=(120)
cfn=(388)
calls=1 29 
* 22
cob=(3)
cfi=(119)
cfn=(384)
calls=1 29 
* 17
cob=(3)
cfi=(118)
cfn=(380)
calls=1 29 
* 21
cob=(3)
cfi=(117)
cfn=(378)
calls=1 31 
* 7
cob=(3)
cfi=(116)
cfn=(374)
calls=1 29 
* 17
cob=(3)
cfi=(115)
cfn=(370)
calls=1 31 
* 21
cob=(3)
cfi=(114)
cfn=(366)
calls=1 29 
* 21
cob=(3)
cfi=(112)
cfn=(362)
calls=2 31 
* 38
cob=(3)
cfi=(110)
cfn=(358)
calls=1 29 
* 22
cob=(3)
cfi=(109)
cfn=(356)
calls=1 31 
* 7
cob=(3)
cfi=(108)
cfn=(352)
calls=1 29 
* 17
cob=(3)
cfi=(107)
cfn=(350)
calls=1 43 
* 7
cob=(3)
cfi=(106)
cfn=(348)
calls=1 29 
* 7
cob=(3)
cfi=(105)
cfn=(346)
calls=1 31 
* 7
cob=(3)
cfi=(104)
cfn=(344)
calls=1 66 
* 17
cob=(3)
cfi=(102)
cfn=(340)
calls=2 31 
* 46
cob=(3)
cfi=(100)
cfn=(336)
calls=1 31 
* 17
cob=(3)
cfi=(99)
cfn=(332)
calls=1 30 
* 21
cob=(3)
cfi=(98)
cfn=(328)
calls=2 29 
* 44
cob=(3)
cfi=(97)
cfn=(324)
calls=1 28 
* 21
cob=(3)
cfi=(96)
cfn=(322)
calls=1 61 
* 19
cob=(3)
cfi=(94)
cfn=(318)
calls=2 31 
* 42
cob=(3)
cfi=(92)
cfn=(314)
calls=1 29 
* 22
cob=(3)
cfi=(91)
cfn=(310)
calls=1 29 
* 19
cob=(3)
cfi=(89)
cfn=(306)
calls=1 29 
* 24
cob=(3)
cfi=(87)
cfn=(302)
calls=1 29 
* 19
cob=(3)
cfi=(86)
cfn=(300)
calls=1 65 
* 17
cob=(3)
cfi=(85)
cfn=(298)
calls=1 29 
* 7
cob=(3)
cfi=(83)
cfn=(294)
calls=2 31 
* 42
-36 57
+37 57
fi=(5)
77 173
fe=(78)
288 56
+3 42
+24 7
+3 14
+17 21
+2 56
-98 14
+3 2
+7 4
-9 2
fi=(5)
86 20
+2 20
+12 10
-14 40
+14 20
+10 16
+3 22
+1 6
fi=(6)
529 6
fi=(5)
114 6
fi=(6)
529 12
fi=(5)
114 2209
fi=(6)
529 2209
fi=(5)
114 2209
fi=(6)
529 4418
+5 4430
+1 2215
fi=(5)
113 2215
fi=(6)
535 2215
-5 2215
fi=(5)
113 4430
+7 40
+4 32
+2 16
-73 6
fi=(6)
484 6
fi=(5)
52 6
fi=(6)
484 12
fi=(5)
128 12
+1 6
+1 6
-2 6
+2 6
+3 6
-5 6
+2 6
-2 6
+1 12
+2 6
-2 6
+2 18
+2 12
-5 7144
+1 3572
+1 3572
-2 3572
+2 3572
+3 3572
-5 3572
+2 3572
-2 3572
+1 7144
+2 3572
-2 3572
+2 10716
+2 7144
+9 3576
fi=(6)
262 7152
+21 7152
+4 7152
+7 14304
fi=(4)
138 10677
fi=(6)
294 105860
cfi=(79)
cfn=(280)
calls=2254 840 
* 1847096
* 20286
+2 10677
+30 21446
450 10647
fi=(5)
145 10693
-19 10734
+32 30
+1 6
fi=(6)
294 2
+22 2
-22 4
fi=(5)
160 6
+3 2
+4 2
-4 2
+4 4
-2 2
-2 2
+2 2
+1 2
-1 4
fi=(6)
294 8
508 2
-1 4
+1 4
+1 2
cfi=(15)
cfn=(506)
calls=1 71 
* 6
cob=(3)
cfi=(81)
cfn=(290)
calls=1 86 
* 28
+1 2
fi=(5)
159 2
fi=(6)
510 2
fi=(5)
159 8
-14 12
+1 483
fi=(6)
360 6
+1 9
fi=(5)
145 6
fi=(6)
490 12
+5 8
-1 12
+1 8
-1 4
cfi=(29)
cfn=(80)
calls=4 212 
* 179
+2 16
+1 4
-75 54
+4 72
+5 18
+9 18
-9 36
+9 18
fi=(5)
145 36
fi=(6)
368 6
+11 2
-9 4
+9 2
fi=(5)
145 38
fi=(6)
296 3615
+3 3564
-3 3564
+3 7128
+2 25
+3 10
+1 15
+11 10
+7 5
cob=(3)
cfi=(98)
cfn=(328)
calls=1 29 
* 22
cob=(3)
cfi=(86)
cfn=(300)
calls=1 65 
* 17
cob=(3)
cfi=(89)
cfn=(306)
calls=1 29 
* 24
cob=(3)
cfi=(110)
cfn=(358)
calls=1 29 
* 22
cob=(3)
cfi=(118)
cfn=(380)
calls=1 29 
* 21
* 15
+3 10
fi=(5)
135 10
+3 2
fi=(6)
296 3547
+3 3547
-3 7110
+3 4
fi=(5)
50 14
fe=(78)
308 3256
fi=(6)
-14 9777
fe=(78)
+49 35
+3 7
-3 7
+3 7
+4 14
+1 28
cfi=(71)
cfn=(234)
calls=7 117 
* 42
* 14
fi=(6)
-57 12
fe=(78)
-6 6
fi=(5)
53 2
175 7
+2 2
+1 2
-1 1
+3 1
-3 4
+3 2
-3 10
+1 10
-1 5
+3 5
-3 20
+3 10
+8 6
fi=(6)
+74 12
+21 12
+4 12
+7 24
fi=(4)
138 18
fi=(6)
294 204
cfi=(79)
cfn=(280)
calls=6 840 
* 4073
* 54
+2 18
+30 36
450 12
fi=(5)
191 18
-16 18
+30 4
fe=(78)

ob=(2)
fl=(51)
fn=(598)
0 2

fn=(914)
0 2
cob=(7)
cfi=(170)
cfn=(918)
calls=1 0 
0 37
cob=(1)
cfi=(159)
cfn=(526)
calls=1 67 
0 847
0 5

fn=(968)
0 4
cob=(3)
cfi=(186)
cfn=(972)
calls=2 30 
0 44
cob=(1)
cfi=(159)
cfn=(526)
calls=1 67 
0 790
0 5

fn=(974)
0 256
cob=(3)
cfi=(187)
cfn=(978)
calls=128 30 
0 3456
cob=(1)
cfi=(159)
cfn=(526)
calls=1 67 
0 804
0 5

fn=(1012)
0 2
cob=(7)
cfi=(170)
cfn=(1016)
calls=1 0 
0 37
cob=(1)
cfi=(159)
cfn=(526)
calls=1 67 
0 847
0 5

fn=(1176)
0 2
cob=(7)
cfi=(170)
cfn=(1180)
calls=1 0 
0 44
cob=(1)
cfi=(159)
cfn=(526)
calls=1 67 
0 750
0 5

fn=(1216)
0 58
cob=(7)
cfi=(170)
cfn=(1220)
calls=29 0 
0 16671
cob=(1)
cfi=(159)
cfn=(526)
calls=1 67 
0 1158
0 5

fn=(1270)
0 58
cob=(7)
cfi=(170)
cfn=(1274)
calls=29 0 
0 87
cob=(1)
cfi=(159)
cfn=(526)
calls=1 67 
0 1246
0 5

fn=(1282)
0 8
cob=(7)
cfi=(170)
cfn=(1286)
calls=4 0 
0 8889
cob=(1)
cfi=(159)
cfn=(526)
calls=1 67 
0 1118
0 5

fn=(1330)
0 98
cob=(3)
cfi=(171)
cfn=(624)
calls=49 69 
0 4736

fn=(1370)
0 972572
cob=(3)
cfi=(203)
cfn=(1376)
calls=486286 307 
0 8751296
cob=(1)
cfi=(159)
cfn=(526)
calls=1 67 
0 1012
0 5

fn=(1378)
0 972420
cob=(7)
cfi=(170)
cfn=(1380)
calls=486210 0 
0 2431050

fn=(1410)
0 2
cob=(3)
cfi=(208)
cfn=(1414)
calls=1 241 
0 381
cob=(1)
cfi=(159)
cfn=(526)
calls=1 67 
0 790
0 5

fn=(1774)
0 408
cob=(7)
cfi=(170)
cfn=(1776)
calls=204 0 
0 25380

fn=(2108)
0 2
cob=(7)
cfi=(170)
cfn=(832)
calls=1 0 
0 25
cob=(1)
cfi=(159)
cfn=(526)
calls=1 67 
0 759
0 5

fn=(2218)
0 6
cob=(7)
cfi=(170)
cfn=(2222)
calls=3 0 
0 372
cob=(1)
cfi=(159)
cfn=(526)
calls=1 67 
0 1022
0 5

fn=(2322)
0 2
cob=(7)
cfi=(170)
cfn=(2324)
calls=1 0 
0 6

fn=(2678)
0 30
cob=(7)
cfi=(170)
cfn=(2680)
calls=15 0 
0 60

fn=(2960)
0 96
cob=(3)
cfi=(241)
cfn=(1708)
calls=48 181 
0 912
cob=(1)
cfi=(159)
cfn=(526)
calls=1 67 
0 801
0 5

fn=(2964)
0 734
cob=(7)
cfi=(170)
cfn=(2966)
calls=367 0 
0 1468

fn=(2986)
0 38
cob=(7)
cfi=(170)
cfn=(2988)
calls=19 0 
0 2173

fn=(3010)
0 2
cob=(3)
cfi=(194)
cfn=(1010)
calls=1 71 
0 47
cob=(1)
cfi=(159)
cfn=(526)
calls=1 67 
0 775
0 5

fn=(3052)
0 90
cob=(3)
cfi=(277)
cfn=(3056)
calls=45 25 
0 405
cob=(1)
cfi=(159)
cfn=(526)
calls=1 67 
0 786
0 5

fn=(3378)
0 2
cob=(7)
cfi=(170)
cfn=(3380)
calls=1 0 
0 3172

fn=(3542)
0 4
cob=(7)
cfi=(170)
cfn=(3546)
calls=2 0 
0 928
cob=(1)
cfi=(159)
cfn=(526)
calls=1 67 
0 839
0 5

fn=(3558)
0 2
cob=(7)
cfi=(170)
cfn=(3560)
calls=1 0 
0 5547

fn=(3590)
0 2
cob=(3)
cfi=(295)
cfn=(3594)
calls=1 34 
0 402
cob=(1)
cfi=(159)
cfn=(526)
calls=1 67 
0 760
0 5

fn=(3684)
0 2
cob=(7)
cfi=(170)
cfn=(1776)
calls=1 0 
0 97
cob=(1)
cfi=(159)
cfn=(526)
calls=1 67 
0 631
0 5

fn=(4830)
0 4
cob=(7)
cfi=(170)
cfn=(4834)
calls=2 0 
0 516
cob=(1)
cfi=(159)
cfn=(526)
calls=1 67 
0 1390
0 5

fn=(5818)
0 4

ob=(1)
fl=(78)
fn=(272)
fi=(6)
296 3
+3 3
-3 3
+3 6
-3 3
+3 3
-3 6
fe=(78)

totals: 1401758393
